global_bit,kind,control_bit,cell,local_bit,x,y,z,bit
1,control,0,,,0.0,0.0,0.0,0
2,control,1,,,0.0,0.0,0.015625,0
3,control,2,,,0.0,0.0,0.03125,0
4,control,3,,,0.0,0.0,0.046875,0
5,control,4,,,0.0,0.0,0.0625,0
6,control,5,,,0.0,0.0,0.078125,0
7,control,6,,,0.0,0.0,0.09375,0
8,control,7,,,0.0,0.0,0.109375,0
9,control,8,,,0.0,0.0,0.125,0
10,control,9,,,0.0,0.0,0.140625,0
11,control,10,,,0.0,0.0,0.15625,0
12,control,11,,,0.0,0.0,0.171875,1
13,control,12,,,0.0,0.0,0.1875,0
14,control,13,,,0.0,0.0,0.203125,0
15,control,14,,,0.0,0.0,0.21875,0
16,control,15,,,0.0,0.0,0.234375,0
17,control,16,,,0.0,0.0,0.25,0
18,control,17,,,0.0,0.0,0.265625,0
19,control,18,,,0.0,0.0,0.28125,1
20,control,19,,,0.0,0.0,0.296875,0
21,control,20,,,0.0,0.0,0.3125,0
22,control,21,,,0.0,0.0,0.328125,0
23,control,22,,,0.0,0.0,0.34375,0
24,control,23,,,0.0,0.0,0.359375,0
25,control,24,,,0.0,0.0,0.375,0
26,control,25,,,0.0,0.0,0.390625,0
27,control,26,,,0.0,0.0,0.40625,0
28,cell,,0,0,0.03125,0.0,0.0,0
29,cell,,0,1,0.03125,0.0,0.015625,1
30,cell,,0,2,0.03125,0.0,0.03125,0
31,cell,,0,3,0.03125,0.0,0.046875,0
32,cell,,0,4,0.03125,0.0,0.0625,0
33,cell,,0,5,0.03125,0.0,0.078125,0
34,cell,,0,6,0.03125,0.0,0.09375,0
35,cell,,0,7,0.03125,0.0,0.109375,1
36,cell,,0,8,0.03125,0.0,0.125,0
37,cell,,0,9,0.03125,0.0,0.140625,0
38,cell,,0,10,0.03125,0.0,0.15625,0
39,cell,,0,11,0.03125,0.0,0.171875,0
40,cell,,0,12,0.03125,0.0,0.1875,0
41,cell,,0,13,0.03125,0.0,0.203125,0
42,cell,,0,14,0.03125,0.0,0.21875,0
43,cell,,0,15,0.03125,0.0,0.234375,0
44,cell,,0,16,0.03125,0.0,0.25,0
45,cell,,0,17,0.03125,0.0,0.265625,0
46,cell,,0,18,0.03125,0.0,0.28125,0
47,cell,,0,19,0.03125,0.0,0.296875,0
48,cell,,0,20,0.03125,0.0,0.3125,0
49,cell,,0,21,0.03125,0.0,0.328125,0
50,cell,,0,22,0.03125,0.0,0.34375,0
51,cell,,0,23,0.03125,0.0,0.359375,0
52,cell,,0,24,0.03125,0.0,0.375,0
53,cell,,0,25,0.03125,0.0,0.390625,0
54,cell,,0,26,0.03125,0.0,0.40625,0
55,cell,,0,27,0.03125,0.0,0.421875,0
56,cell,,0,28,0.03125,0.0,0.4375,0
57,cell,,0,29,0.03125,0.0,0.453125,0
58,cell,,0,30,0.03125,0.0,0.46875,0
59,cell,,0,31,0.03125,0.0,0.484375,0
60,cell,,0,32,0.03125,0.0,0.5,0
61,cell,,0,33,0.03125,0.0,0.515625,0
62,cell,,0,34,0.03125,0.0,0.53125,0
63,cell,,0,35,0.03125,0.0,0.546875,1
64,cell,,0,36,0.03125,0.0,0.5625,1
65,cell,,0,37,0.03125,0.0,0.578125,1
66,cell,,0,38,0.03125,0.0,0.59375,0
67,cell,,0,39,0.03125,0.0,0.609375,1
68,cell,,0,40,0.03125,0.0,0.625,0
69,cell,,0,41,0.03125,0.0,0.640625,0
70,cell,,0,42,0.03125,0.0,0.65625,0
71,cell,,0,43,0.03125,0.0,0.671875,0
72,cell,,0,44,0.03125,0.0,0.6875,0
73,cell,,0,45,0.03125,0.0,0.703125,0
74,cell,,0,46,0.03125,0.0,0.71875,0
75,cell,,0,47,0.03125,0.0,0.734375,0
76,cell,,0,48,0.03125,0.0,0.75,0
77,cell,,0,49,0.03125,0.0,0.765625,0
78,cell,,0,50,0.03125,0.0,0.78125,0
79,cell,,0,51,0.03125,0.0,0.796875,0
80,cell,,0,52,0.03125,0.0,0.8125,0
81,cell,,0,53,0.03125,0.0,0.828125,0
82,cell,,0,54,0.03125,0.0,0.84375,0
83,cell,,0,55,0.03125,0.0,0.859375,0
84,cell,,0,56,0.03125,0.0,0.875,0
85,cell,,0,57,0.03125,0.0,0.890625,0
86,cell,,0,58,0.03125,0.0,0.90625,0
87,cell,,0,59,0.03125,0.0,0.921875,0
88,cell,,0,60,0.03125,0.0,0.9375,0
89,cell,,0,61,0.03125,0.0,0.953125,0
90,cell,,0,62,0.03125,0.0,0.96875,0
91,cell,,0,63,0.03125,0.0,0.984375,0
92,cell,,0,64,0.03125,0.0,1.0,0
93,cell,,0,65,0.03125,0.0,1.015625,1
94,cell,,0,66,0.03125,0.0,1.03125,0
95,cell,,0,67,0.03125,0.0,1.046875,0
96,cell,,0,68,0.03125,0.0,1.0625,1
97,cell,,0,69,0.03125,0.0,1.078125,1
98,cell,,0,70,0.03125,0.0,1.09375,1
99,cell,,0,71,0.03125,0.0,1.109375,1
100,cell,,0,72,0.03125,0.0,1.125,0
101,cell,,0,73,0.03125,0.0,1.140625,0
102,cell,,0,74,0.03125,0.0,1.15625,1
103,cell,,0,75,0.03125,0.0,1.171875,0
104,cell,,0,76,0.03125,0.0,1.1875,0
105,cell,,0,77,0.03125,0.0,1.203125,0
106,cell,,0,78,0.03125,0.0,1.21875,0
107,cell,,0,79,0.03125,0.0,1.234375,1
108,cell,,0,80,0.03125,0.0,1.25,0
109,cell,,0,81,0.03125,0.0,1.265625,1
110,cell,,0,82,0.03125,0.0,1.28125,1
111,cell,,0,83,0.03125,0.0,1.296875,0
112,cell,,0,84,0.03125,0.0,1.3125,1
113,cell,,0,85,0.03125,0.0,1.328125,1
114,cell,,0,86,0.03125,0.0,1.34375,0
115,cell,,0,87,0.03125,0.0,1.359375,0
116,cell,,0,88,0.03125,0.0,1.375,1
117,cell,,0,89,0.03125,0.0,1.390625,1
118,cell,,0,90,0.03125,0.0,1.40625,1
119,cell,,0,91,0.03125,0.0,1.421875,1
120,cell,,0,92,0.03125,0.0,1.4375,0
121,cell,,0,93,0.03125,0.0,1.453125,0
122,cell,,0,94,0.03125,0.0,1.46875,0
123,cell,,0,95,0.03125,0.0,1.484375,0
124,cell,,0,96,0.03125,0.0,1.5,1
125,cell,,0,97,0.03125,0.0,1.515625,0
126,cell,,0,98,0.03125,0.0,1.53125,1
127,cell,,0,99,0.03125,0.0,1.546875,0
128,cell,,0,100,0.03125,0.0,1.5625,0
129,cell,,0,101,0.03125,0.0,1.578125,0
130,cell,,0,102,0.03125,0.0,1.59375,1
131,cell,,0,103,0.03125,0.0,1.609375,0
132,cell,,0,104,0.03125,0.0,1.625,1
133,cell,,0,105,0.03125,0.0,1.640625,1
134,cell,,0,106,0.03125,0.0,1.65625,1
135,cell,,0,107,0.03125,0.0,1.671875,0
136,cell,,0,108,0.03125,0.0,1.6875,1
137,cell,,0,109,0.03125,0.0,1.703125,1
138,cell,,0,110,0.03125,0.0,1.71875,1
139,cell,,0,111,0.03125,0.0,1.734375,0
140,cell,,0,112,0.03125,0.0,1.75,0
141,cell,,0,113,0.03125,0.0,1.765625,1
142,cell,,0,114,0.03125,0.0,1.78125,1
143,cell,,0,115,0.03125,0.0,1.796875,0
144,cell,,0,116,0.03125,0.0,1.8125,1
145,cell,,0,117,0.03125,0.0,1.828125,0
146,cell,,1,0,0.03064954001260095,0.006096572563004008,0.0,0
147,cell,,1,1,0.03064954001260095,0.006096572563004008,0.015625,1
148,cell,,1,2,0.03064954001260095,0.006096572563004008,0.03125,0
149,cell,,1,3,0.03064954001260095,0.006096572563004008,0.046875,1
150,cell,,1,4,0.03064954001260095,0.006096572563004008,0.0625,1
151,cell,,1,5,0.03064954001260095,0.006096572563004008,0.078125,0
152,cell,,1,6,0.03064954001260095,0.006096572563004008,0.09375,0
153,cell,,1,7,0.03064954001260095,0.006096572563004008,0.109375,1
154,cell,,1,8,0.03064954001260095,0.006096572563004008,0.125,0
155,cell,,1,9,0.03064954001260095,0.006096572563004008,0.140625,0
156,cell,,1,10,0.03064954001260095,0.006096572563004008,0.15625,0
157,cell,,1,11,0.03064954001260095,0.006096572563004008,0.171875,0
158,cell,,1,12,0.03064954001260095,0.006096572563004008,0.1875,0
159,cell,,1,13,0.03064954001260095,0.006096572563004008,0.203125,0
160,cell,,1,14,0.03064954001260095,0.006096572563004008,0.21875,0
161,cell,,1,15,0.03064954001260095,0.006096572563004008,0.234375,0
162,cell,,1,16,0.03064954001260095,0.006096572563004008,0.25,0
163,cell,,1,17,0.03064954001260095,0.006096572563004008,0.265625,0
164,cell,,1,18,0.03064954001260095,0.006096572563004008,0.28125,0
165,cell,,1,19,0.03064954001260095,0.006096572563004008,0.296875,0
166,cell,,1,20,0.03064954001260095,0.006096572563004008,0.3125,0
167,cell,,1,21,0.03064954001260095,0.006096572563004008,0.328125,0
168,cell,,1,22,0.03064954001260095,0.006096572563004008,0.34375,0
169,cell,,1,23,0.03064954001260095,0.006096572563004008,0.359375,0
170,cell,,1,24,0.03064954001260095,0.006096572563004008,0.375,0
171,cell,,1,25,0.03064954001260095,0.006096572563004008,0.390625,0
172,cell,,1,26,0.03064954001260095,0.006096572563004008,0.40625,0
173,cell,,1,27,0.03064954001260095,0.006096572563004008,0.421875,0
174,cell,,1,28,0.03064954001260095,0.006096572563004008,0.4375,0
175,cell,,1,29,0.03064954001260095,0.006096572563004008,0.453125,0
176,cell,,1,30,0.03064954001260095,0.006096572563004008,0.46875,0
177,cell,,1,31,0.03064954001260095,0.006096572563004008,0.484375,0
178,cell,,1,32,0.03064954001260095,0.006096572563004008,0.5,1
179,cell,,1,33,0.03064954001260095,0.006096572563004008,0.515625,0
180,cell,,1,34,0.03064954001260095,0.006096572563004008,0.53125,0
181,cell,,1,35,0.03064954001260095,0.006096572563004008,0.546875,0
182,cell,,1,36,0.03064954001260095,0.006096572563004008,0.5625,0
183,cell,,1,37,0.03064954001260095,0.006096572563004008,0.578125,1
184,cell,,1,38,0.03064954001260095,0.006096572563004008,0.59375,1
185,cell,,1,39,0.03064954001260095,0.006096572563004008,0.609375,1
186,cell,,1,40,0.03064954001260095,0.006096572563004008,0.625,0
187,cell,,1,41,0.03064954001260095,0.006096572563004008,0.640625,0
188,cell,,1,42,0.03064954001260095,0.006096572563004008,0.65625,0
189,cell,,1,43,0.03064954001260095,0.006096572563004008,0.671875,0
190,cell,,1,44,0.03064954001260095,0.006096572563004008,0.6875,0
191,cell,,1,45,0.03064954001260095,0.006096572563004008,0.703125,0
192,cell,,1,46,0.03064954001260095,0.006096572563004008,0.71875,0
193,cell,,1,47,0.03064954001260095,0.006096572563004008,0.734375,0
194,cell,,1,48,0.03064954001260095,0.006096572563004008,0.75,0
195,cell,,1,49,0.03064954001260095,0.006096572563004008,0.765625,0
196,cell,,1,50,0.03064954001260095,0.006096572563004008,0.78125,0
197,cell,,1,51,0.03064954001260095,0.006096572563004008,0.796875,0
198,cell,,1,52,0.03064954001260095,0.006096572563004008,0.8125,0
199,cell,,1,53,0.03064954001260095,0.006096572563004008,0.828125,0
200,cell,,1,54,0.03064954001260095,0.006096572563004008,0.84375,0
201,cell,,1,55,0.03064954001260095,0.006096572563004008,0.859375,0
202,cell,,1,56,0.03064954001260095,0.006096572563004008,0.875,0
203,cell,,1,57,0.03064954001260095,0.006096572563004008,0.890625,0
204,cell,,1,58,0.03064954001260095,0.006096572563004008,0.90625,0
205,cell,,1,59,0.03064954001260095,0.006096572563004008,0.921875,0
206,cell,,1,60,0.03064954001260095,0.006096572563004008,0.9375,0
207,cell,,1,61,0.03064954001260095,0.006096572563004008,0.953125,0
208,cell,,1,62,0.03064954001260095,0.006096572563004008,0.96875,0
209,cell,,1,63,0.03064954001260095,0.006096572563004008,0.984375,0
210,cell,,1,64,0.03064954001260095,0.006096572563004008,1.0,1
211,cell,,1,65,0.03064954001260095,0.006096572563004008,1.015625,1
212,cell,,1,66,0.03064954001260095,0.006096572563004008,1.03125,1
213,cell,,1,67,0.03064954001260095,0.006096572563004008,1.046875,0
214,cell,,1,68,0.03064954001260095,0.006096572563004008,1.0625,1
215,cell,,1,69,0.03064954001260095,0.006096572563004008,1.078125,1
216,cell,,1,70,0.03064954001260095,0.006096572563004008,1.09375,1
217,cell,,1,71,0.03064954001260095,0.006096572563004008,1.109375,0
218,cell,,1,72,0.03064954001260095,0.006096572563004008,1.125,1
219,cell,,1,73,0.03064954001260095,0.006096572563004008,1.140625,1
220,cell,,1,74,0.03064954001260095,0.006096572563004008,1.15625,0
221,cell,,1,75,0.03064954001260095,0.006096572563004008,1.171875,1
222,cell,,1,76,0.03064954001260095,0.006096572563004008,1.1875,0
223,cell,,1,77,0.03064954001260095,0.006096572563004008,1.203125,0
224,cell,,1,78,0.03064954001260095,0.006096572563004008,1.21875,0
225,cell,,1,79,0.03064954001260095,0.006096572563004008,1.234375,1
226,cell,,1,80,0.03064954001260095,0.006096572563004008,1.25,0
227,cell,,1,81,0.03064954001260095,0.006096572563004008,1.265625,1
228,cell,,1,82,0.03064954001260095,0.006096572563004008,1.28125,0
229,cell,,1,83,0.03064954001260095,0.006096572563004008,1.296875,0
230,cell,,1,84,0.03064954001260095,0.006096572563004008,1.3125,1
231,cell,,1,85,0.03064954001260095,0.006096572563004008,1.328125,1
232,cell,,1,86,0.03064954001260095,0.006096572563004008,1.34375,0
233,cell,,1,87,0.03064954001260095,0.006096572563004008,1.359375,1
234,cell,,1,88,0.03064954001260095,0.006096572563004008,1.375,0
235,cell,,1,89,0.03064954001260095,0.006096572563004008,1.390625,0
236,cell,,1,90,0.03064954001260095,0.006096572563004008,1.40625,0
237,cell,,1,91,0.03064954001260095,0.006096572563004008,1.421875,0
238,cell,,1,92,0.03064954001260095,0.006096572563004008,1.4375,1
239,cell,,1,93,0.03064954001260095,0.006096572563004008,1.453125,0
240,cell,,1,94,0.03064954001260095,0.006096572563004008,1.46875,0
241,cell,,1,95,0.03064954001260095,0.006096572563004008,1.484375,0
242,cell,,1,96,0.03064954001260095,0.006096572563004008,1.5,1
243,cell,,1,97,0.03064954001260095,0.006096572563004008,1.515625,0
244,cell,,1,98,0.03064954001260095,0.006096572563004008,1.53125,1
245,cell,,1,99,0.03064954001260095,0.006096572563004008,1.546875,0
246,cell,,1,100,0.03064954001260095,0.006096572563004008,1.5625,0
247,cell,,1,101,0.03064954001260095,0.006096572563004008,1.578125,0
248,cell,,1,102,0.03064954001260095,0.006096572563004008,1.59375,1
249,cell,,1,103,0.03064954001260095,0.006096572563004008,1.609375,0
250,cell,,1,104,0.03064954001260095,0.006096572563004008,1.625,1
251,cell,,1,105,0.03064954001260095,0.006096572563004008,1.640625,0
252,cell,,1,106,0.03064954001260095,0.006096572563004008,1.65625,0
253,cell,,1,107,0.03064954001260095,0.006096572563004008,1.671875,0
254,cell,,1,108,0.03064954001260095,0.006096572563004008,1.6875,1
255,cell,,1,109,0.03064954001260095,0.006096572563004008,1.703125,1
256,cell,,1,110,0.03064954001260095,0.006096572563004008,1.71875,0
257,cell,,1,111,0.03064954001260095,0.006096572563004008,1.734375,0
258,cell,,1,112,0.03064954001260095,0.006096572563004008,1.75,0
259,cell,,1,113,0.03064954001260095,0.006096572563004008,1.765625,1
260,cell,,1,114,0.03064954001260095,0.006096572563004008,1.78125,1
261,cell,,1,115,0.03064954001260095,0.006096572563004008,1.796875,0
262,cell,,1,116,0.03064954001260095,0.006096572563004008,1.8125,1
263,cell,,1,117,0.03064954001260095,0.006096572563004008,1.828125,0
264,cell,,2,0,0.02887123539097771,0.011958857261409056,0.0,1
265,cell,,2,1,0.02887123539097771,0.011958857261409056,0.015625,1
266,cell,,2,2,0.02887123539097771,0.011958857261409056,0.03125,1
267,cell,,2,3,0.02887123539097771,0.011958857261409056,0.046875,1
268,cell,,2,4,0.02887123539097771,0.011958857261409056,0.0625,0
269,cell,,2,5,0.02887123539097771,0.011958857261409056,0.078125,1
270,cell,,2,6,0.02887123539097771,0.011958857261409056,0.09375,0
271,cell,,2,7,0.02887123539097771,0.011958857261409056,0.109375,1
272,cell,,2,8,0.02887123539097771,0.011958857261409056,0.125,0
273,cell,,2,9,0.02887123539097771,0.011958857261409056,0.140625,0
274,cell,,2,10,0.02887123539097771,0.011958857261409056,0.15625,0
275,cell,,2,11,0.02887123539097771,0.011958857261409056,0.171875,0
276,cell,,2,12,0.02887123539097771,0.011958857261409056,0.1875,0
277,cell,,2,13,0.02887123539097771,0.011958857261409056,0.203125,0
278,cell,,2,14,0.02887123539097771,0.011958857261409056,0.21875,0
279,cell,,2,15,0.02887123539097771,0.011958857261409056,0.234375,0
280,cell,,2,16,0.02887123539097771,0.011958857261409056,0.25,0
281,cell,,2,17,0.02887123539097771,0.011958857261409056,0.265625,0
282,cell,,2,18,0.02887123539097771,0.011958857261409056,0.28125,0
283,cell,,2,19,0.02887123539097771,0.011958857261409056,0.296875,0
284,cell,,2,20,0.02887123539097771,0.011958857261409056,0.3125,0
285,cell,,2,21,0.02887123539097771,0.011958857261409056,0.328125,0
286,cell,,2,22,0.02887123539097771,0.011958857261409056,0.34375,0
287,cell,,2,23,0.02887123539097771,0.011958857261409056,0.359375,0
288,cell,,2,24,0.02887123539097771,0.011958857261409056,0.375,0
289,cell,,2,25,0.02887123539097771,0.011958857261409056,0.390625,0
290,cell,,2,26,0.02887123539097771,0.011958857261409056,0.40625,0
291,cell,,2,27,0.02887123539097771,0.011958857261409056,0.421875,0
292,cell,,2,28,0.02887123539097771,0.011958857261409056,0.4375,0
293,cell,,2,29,0.02887123539097771,0.011958857261409056,0.453125,0
294,cell,,2,30,0.02887123539097771,0.011958857261409056,0.46875,0
295,cell,,2,31,0.02887123539097771,0.011958857261409056,0.484375,0
296,cell,,2,32,0.02887123539097771,0.011958857261409056,0.5,0
297,cell,,2,33,0.02887123539097771,0.011958857261409056,0.515625,1
298,cell,,2,34,0.02887123539097771,0.011958857261409056,0.53125,0
299,cell,,2,35,0.02887123539097771,0.011958857261409056,0.546875,1
300,cell,,2,36,0.02887123539097771,0.011958857261409056,0.5625,1
301,cell,,2,37,0.02887123539097771,0.011958857261409056,0.578125,1
302,cell,,2,38,0.02887123539097771,0.011958857261409056,0.59375,1
303,cell,,2,39,0.02887123539097771,0.011958857261409056,0.609375,1
304,cell,,2,40,0.02887123539097771,0.011958857261409056,0.625,0
305,cell,,2,41,0.02887123539097771,0.011958857261409056,0.640625,0
306,cell,,2,42,0.02887123539097771,0.011958857261409056,0.65625,0
307,cell,,2,43,0.02887123539097771,0.011958857261409056,0.671875,0
308,cell,,2,44,0.02887123539097771,0.011958857261409056,0.6875,0
309,cell,,2,45,0.02887123539097771,0.011958857261409056,0.703125,0
310,cell,,2,46,0.02887123539097771,0.011958857261409056,0.71875,0
311,cell,,2,47,0.02887123539097771,0.011958857261409056,0.734375,0
312,cell,,2,48,0.02887123539097771,0.011958857261409056,0.75,0
313,cell,,2,49,0.02887123539097771,0.011958857261409056,0.765625,0
314,cell,,2,50,0.02887123539097771,0.011958857261409056,0.78125,0
315,cell,,2,51,0.02887123539097771,0.011958857261409056,0.796875,0
316,cell,,2,52,0.02887123539097771,0.011958857261409056,0.8125,0
317,cell,,2,53,0.02887123539097771,0.011958857261409056,0.828125,0
318,cell,,2,54,0.02887123539097771,0.011958857261409056,0.84375,0
319,cell,,2,55,0.02887123539097771,0.011958857261409056,0.859375,0
320,cell,,2,56,0.02887123539097771,0.011958857261409056,0.875,0
321,cell,,2,57,0.02887123539097771,0.011958857261409056,0.890625,0
322,cell,,2,58,0.02887123539097771,0.011958857261409056,0.90625,0
323,cell,,2,59,0.02887123539097771,0.011958857261409056,0.921875,0
324,cell,,2,60,0.02887123539097771,0.011958857261409056,0.9375,0
325,cell,,2,61,0.02887123539097771,0.011958857261409056,0.953125,0
326,cell,,2,62,0.02887123539097771,0.011958857261409056,0.96875,0
327,cell,,2,63,0.02887123539097771,0.011958857261409056,0.984375,0
328,cell,,2,64,0.02887123539097771,0.011958857261409056,1.0,1
329,cell,,2,65,0.02887123539097771,0.011958857261409056,1.015625,0
330,cell,,2,66,0.02887123539097771,0.011958857261409056,1.03125,1
331,cell,,2,67,0.02887123539097771,0.011958857261409056,1.046875,0
332,cell,,2,68,0.02887123539097771,0.011958857261409056,1.0625,1
333,cell,,2,69,0.02887123539097771,0.011958857261409056,1.078125,0
334,cell,,2,70,0.02887123539097771,0.011958857261409056,1.09375,0
335,cell,,2,71,0.02887123539097771,0.011958857261409056,1.109375,0
336,cell,,2,72,0.02887123539097771,0.011958857261409056,1.125,0
337,cell,,2,73,0.02887123539097771,0.011958857261409056,1.140625,1
338,cell,,2,74,0.02887123539097771,0.011958857261409056,1.15625,1
339,cell,,2,75,0.02887123539097771,0.011958857261409056,1.171875,0
340,cell,,2,76,0.02887123539097771,0.011958857261409056,1.1875,0
341,cell,,2,77,0.02887123539097771,0.011958857261409056,1.203125,0
342,cell,,2,78,0.02887123539097771,0.011958857261409056,1.21875,0
343,cell,,2,79,0.02887123539097771,0.011958857261409056,1.234375,1
344,cell,,2,80,0.02887123539097771,0.011958857261409056,1.25,0
345,cell,,2,81,0.02887123539097771,0.011958857261409056,1.265625,0
346,cell,,2,82,0.02887123539097771,0.011958857261409056,1.28125,0
347,cell,,2,83,0.02887123539097771,0.011958857261409056,1.296875,0
348,cell,,2,84,0.02887123539097771,0.011958857261409056,1.3125,1
349,cell,,2,85,0.02887123539097771,0.011958857261409056,1.328125,1
350,cell,,2,86,0.02887123539097771,0.011958857261409056,1.34375,1
351,cell,,2,87,0.02887123539097771,0.011958857261409056,1.359375,0
352,cell,,2,88,0.02887123539097771,0.011958857261409056,1.375,1
353,cell,,2,89,0.02887123539097771,0.011958857261409056,1.390625,0
354,cell,,2,90,0.02887123539097771,0.011958857261409056,1.40625,1
355,cell,,2,91,0.02887123539097771,0.011958857261409056,1.421875,1
356,cell,,2,92,0.02887123539097771,0.011958857261409056,1.4375,0
357,cell,,2,93,0.02887123539097771,0.011958857261409056,1.453125,0
358,cell,,2,94,0.02887123539097771,0.011958857261409056,1.46875,0
359,cell,,2,95,0.02887123539097771,0.011958857261409056,1.484375,0
360,cell,,2,96,0.02887123539097771,0.011958857261409056,1.5,1
361,cell,,2,97,0.02887123539097771,0.011958857261409056,1.515625,0
362,cell,,2,98,0.02887123539097771,0.011958857261409056,1.53125,1
363,cell,,2,99,0.02887123539097771,0.011958857261409056,1.546875,0
364,cell,,2,100,0.02887123539097771,0.011958857261409056,1.5625,0
365,cell,,2,101,0.02887123539097771,0.011958857261409056,1.578125,0
366,cell,,2,102,0.02887123539097771,0.011958857261409056,1.59375,1
367,cell,,2,103,0.02887123539097771,0.011958857261409056,1.609375,0
368,cell,,2,104,0.02887123539097771,0.011958857261409056,1.625,0
369,cell,,2,105,0.02887123539097771,0.011958857261409056,1.640625,0
370,cell,,2,106,0.02887123539097771,0.011958857261409056,1.65625,0
371,cell,,2,107,0.02887123539097771,0.011958857261409056,1.671875,0
372,cell,,2,108,0.02887123539097771,0.011958857261409056,1.6875,1
373,cell,,2,109,0.02887123539097771,0.011958857261409056,1.703125,0
374,cell,,2,110,0.02887123539097771,0.011958857261409056,1.71875,1
375,cell,,2,111,0.02887123539097771,0.011958857261409056,1.734375,0
376,cell,,2,112,0.02887123539097771,0.011958857261409056,1.75,1
377,cell,,2,113,0.02887123539097771,0.011958857261409056,1.765625,0
378,cell,,2,114,0.02887123539097771,0.011958857261409056,1.78125,1
379,cell,,2,115,0.02887123539097771,0.011958857261409056,1.796875,1
380,cell,,2,116,0.02887123539097771,0.011958857261409056,1.8125,1
381,cell,,2,117,0.02887123539097771,0.011958857261409056,1.828125,0
382,cell,,3,0,0.02598342538445454,0.017361569781862568,0.0,1
383,cell,,3,1,0.02598342538445454,0.017361569781862568,0.015625,0
384,cell,,3,2,0.02598342538445454,0.017361569781862568,0.03125,1
385,cell,,3,3,0.02598342538445454,0.017361569781862568,0.046875,0
386,cell,,3,4,0.02598342538445454,0.017361569781862568,0.0625,0
387,cell,,3,5,0.02598342538445454,0.017361569781862568,0.078125,0
388,cell,,3,6,0.02598342538445454,0.017361569781862568,0.09375,1
389,cell,,3,7,0.02598342538445454,0.017361569781862568,0.109375,1
390,cell,,3,8,0.02598342538445454,0.017361569781862568,0.125,0
391,cell,,3,9,0.02598342538445454,0.017361569781862568,0.140625,0
392,cell,,3,10,0.02598342538445454,0.017361569781862568,0.15625,0
393,cell,,3,11,0.02598342538445454,0.017361569781862568,0.171875,0
394,cell,,3,12,0.02598342538445454,0.017361569781862568,0.1875,0
395,cell,,3,13,0.02598342538445454,0.017361569781862568,0.203125,0
396,cell,,3,14,0.02598342538445454,0.017361569781862568,0.21875,0
397,cell,,3,15,0.02598342538445454,0.017361569781862568,0.234375,0
398,cell,,3,16,0.02598342538445454,0.017361569781862568,0.25,0
399,cell,,3,17,0.02598342538445454,0.017361569781862568,0.265625,0
400,cell,,3,18,0.02598342538445454,0.017361569781862568,0.28125,0
401,cell,,3,19,0.02598342538445454,0.017361569781862568,0.296875,0
402,cell,,3,20,0.02598342538445454,0.017361569781862568,0.3125,0
403,cell,,3,21,0.02598342538445454,0.017361569781862568,0.328125,0
404,cell,,3,22,0.02598342538445454,0.017361569781862568,0.34375,0
405,cell,,3,23,0.02598342538445454,0.017361569781862568,0.359375,0
406,cell,,3,24,0.02598342538445454,0.017361569781862568,0.375,0
407,cell,,3,25,0.02598342538445454,0.017361569781862568,0.390625,0
408,cell,,3,26,0.02598342538445454,0.017361569781862568,0.40625,0
409,cell,,3,27,0.02598342538445454,0.017361569781862568,0.421875,0
410,cell,,3,28,0.02598342538445454,0.017361569781862568,0.4375,0
411,cell,,3,29,0.02598342538445454,0.017361569781862568,0.453125,0
412,cell,,3,30,0.02598342538445454,0.017361569781862568,0.46875,0
413,cell,,3,31,0.02598342538445454,0.017361569781862568,0.484375,0
414,cell,,3,32,0.02598342538445454,0.017361569781862568,0.5,1
415,cell,,3,33,0.02598342538445454,0.017361569781862568,0.515625,0
416,cell,,3,34,0.02598342538445454,0.017361569781862568,0.53125,0
417,cell,,3,35,0.02598342538445454,0.017361569781862568,0.546875,0
418,cell,,3,36,0.02598342538445454,0.017361569781862568,0.5625,1
419,cell,,3,37,0.02598342538445454,0.017361569781862568,0.578125,0
420,cell,,3,38,0.02598342538445454,0.017361569781862568,0.59375,0
421,cell,,3,39,0.02598342538445454,0.017361569781862568,0.609375,0
422,cell,,3,40,0.02598342538445454,0.017361569781862568,0.625,1
423,cell,,3,41,0.02598342538445454,0.017361569781862568,0.640625,0
424,cell,,3,42,0.02598342538445454,0.017361569781862568,0.65625,0
425,cell,,3,43,0.02598342538445454,0.017361569781862568,0.671875,0
426,cell,,3,44,0.02598342538445454,0.017361569781862568,0.6875,0
427,cell,,3,45,0.02598342538445454,0.017361569781862568,0.703125,0
428,cell,,3,46,0.02598342538445454,0.017361569781862568,0.71875,0
429,cell,,3,47,0.02598342538445454,0.017361569781862568,0.734375,0
430,cell,,3,48,0.02598342538445454,0.017361569781862568,0.75,0
431,cell,,3,49,0.02598342538445454,0.017361569781862568,0.765625,0
432,cell,,3,50,0.02598342538445454,0.017361569781862568,0.78125,0
433,cell,,3,51,0.02598342538445454,0.017361569781862568,0.796875,0
434,cell,,3,52,0.02598342538445454,0.017361569781862568,0.8125,0
435,cell,,3,53,0.02598342538445454,0.017361569781862568,0.828125,0
436,cell,,3,54,0.02598342538445454,0.017361569781862568,0.84375,0
437,cell,,3,55,0.02598342538445454,0.017361569781862568,0.859375,0
438,cell,,3,56,0.02598342538445454,0.017361569781862568,0.875,0
439,cell,,3,57,0.02598342538445454,0.017361569781862568,0.890625,0
440,cell,,3,58,0.02598342538445454,0.017361569781862568,0.90625,0
441,cell,,3,59,0.02598342538445454,0.017361569781862568,0.921875,0
442,cell,,3,60,0.02598342538445454,0.017361569781862568,0.9375,0
443,cell,,3,61,0.02598342538445454,0.017361569781862568,0.953125,0
444,cell,,3,62,0.02598342538445454,0.017361569781862568,0.96875,0
445,cell,,3,63,0.02598342538445454,0.017361569781862568,0.984375,0
446,cell,,3,64,0.02598342538445454,0.017361569781862568,1.0,1
447,cell,,3,65,0.02598342538445454,0.017361569781862568,1.015625,1
448,cell,,3,66,0.02598342538445454,0.017361569781862568,1.03125,1
449,cell,,3,67,0.02598342538445454,0.017361569781862568,1.046875,1
450,cell,,3,68,0.02598342538445454,0.017361569781862568,1.0625,0
451,cell,,3,69,0.02598342538445454,0.017361569781862568,1.078125,0
452,cell,,3,70,0.02598342538445454,0.017361569781862568,1.09375,1
453,cell,,3,71,0.02598342538445454,0.017361569781862568,1.109375,0
454,cell,,3,72,0.02598342538445454,0.017361569781862568,1.125,0
455,cell,,3,73,0.02598342538445454,0.017361569781862568,1.140625,0
456,cell,,3,74,0.02598342538445454,0.017361569781862568,1.15625,1
457,cell,,3,75,0.02598342538445454,0.017361569781862568,1.171875,1
458,cell,,3,76,0.02598342538445454,0.017361569781862568,1.1875,0
459,cell,,3,77,0.02598342538445454,0.017361569781862568,1.203125,0
460,cell,,3,78,0.02598342538445454,0.017361569781862568,1.21875,0
461,cell,,3,79,0.02598342538445454,0.017361569781862568,1.234375,1
462,cell,,3,80,0.02598342538445454,0.017361569781862568,1.25,0
463,cell,,3,81,0.02598342538445454,0.017361569781862568,1.265625,1
464,cell,,3,82,0.02598342538445454,0.017361569781862568,1.28125,0
465,cell,,3,83,0.02598342538445454,0.017361569781862568,1.296875,1
466,cell,,3,84,0.02598342538445454,0.017361569781862568,1.3125,1
467,cell,,3,85,0.02598342538445454,0.017361569781862568,1.328125,1
468,cell,,3,86,0.02598342538445454,0.017361569781862568,1.34375,0
469,cell,,3,87,0.02598342538445454,0.017361569781862568,1.359375,1
470,cell,,3,88,0.02598342538445454,0.017361569781862568,1.375,0
471,cell,,3,89,0.02598342538445454,0.017361569781862568,1.390625,0
472,cell,,3,90,0.02598342538445454,0.017361569781862568,1.40625,0
473,cell,,3,91,0.02598342538445454,0.017361569781862568,1.421875,0
474,cell,,3,92,0.02598342538445454,0.017361569781862568,1.4375,1
475,cell,,3,93,0.02598342538445454,0.017361569781862568,1.453125,0
476,cell,,3,94,0.02598342538445454,0.017361569781862568,1.46875,0
477,cell,,3,95,0.02598342538445454,0.017361569781862568,1.484375,0
478,cell,,3,96,0.02598342538445454,0.017361569781862568,1.5,1
479,cell,,3,97,0.02598342538445454,0.017361569781862568,1.515625,0
480,cell,,3,98,0.02598342538445454,0.017361569781862568,1.53125,1
481,cell,,3,99,0.02598342538445454,0.017361569781862568,1.546875,1
482,cell,,3,100,0.02598342538445454,0.017361569781862568,1.5625,1
483,cell,,3,101,0.02598342538445454,0.017361569781862568,1.578125,0
484,cell,,3,102,0.02598342538445454,0.017361569781862568,1.59375,1
485,cell,,3,103,0.02598342538445454,0.017361569781862568,1.609375,1
486,cell,,3,104,0.02598342538445454,0.017361569781862568,1.625,1
487,cell,,3,105,0.02598342538445454,0.017361569781862568,1.640625,1
488,cell,,3,106,0.02598342538445454,0.017361569781862568,1.65625,0
489,cell,,3,107,0.02598342538445454,0.017361569781862568,1.671875,1
490,cell,,3,108,0.02598342538445454,0.017361569781862568,1.6875,0
491,cell,,3,109,0.02598342538445454,0.017361569781862568,1.703125,0
492,cell,,3,110,0.02598342538445454,0.017361569781862568,1.71875,1
493,cell,,3,111,0.02598342538445454,0.017361569781862568,1.734375,1
494,cell,,3,112,0.02598342538445454,0.017361569781862568,1.75,1
495,cell,,3,113,0.02598342538445454,0.017361569781862568,1.765625,0
496,cell,,3,114,0.02598342538445454,0.017361569781862568,1.78125,1
497,cell,,3,115,0.02598342538445454,0.017361569781862568,1.796875,1
498,cell,,3,116,0.02598342538445454,0.017361569781862568,1.8125,1
499,cell,,3,117,0.02598342538445454,0.017361569781862568,1.828125,0
500,cell,,4,0,0.02209708691207961,0.022097086912079608,0.0,0
501,cell,,4,1,0.02209708691207961,0.022097086912079608,0.015625,1
502,cell,,4,2,0.02209708691207961,0.022097086912079608,0.03125,0
503,cell,,4,3,0.02209708691207961,0.022097086912079608,0.046875,0
504,cell,,4,4,0.02209708691207961,0.022097086912079608,0.0625,1
505,cell,,4,5,0.02209708691207961,0.022097086912079608,0.078125,0
506,cell,,4,6,0.02209708691207961,0.022097086912079608,0.09375,1
507,cell,,4,7,0.02209708691207961,0.022097086912079608,0.109375,1
508,cell,,4,8,0.02209708691207961,0.022097086912079608,0.125,0
509,cell,,4,9,0.02209708691207961,0.022097086912079608,0.140625,0
510,cell,,4,10,0.02209708691207961,0.022097086912079608,0.15625,0
511,cell,,4,11,0.02209708691207961,0.022097086912079608,0.171875,0
512,cell,,4,12,0.02209708691207961,0.022097086912079608,0.1875,0
513,cell,,4,13,0.02209708691207961,0.022097086912079608,0.203125,0
514,cell,,4,14,0.02209708691207961,0.022097086912079608,0.21875,0
515,cell,,4,15,0.02209708691207961,0.022097086912079608,0.234375,0
516,cell,,4,16,0.02209708691207961,0.022097086912079608,0.25,0
517,cell,,4,17,0.02209708691207961,0.022097086912079608,0.265625,0
518,cell,,4,18,0.02209708691207961,0.022097086912079608,0.28125,0
519,cell,,4,19,0.02209708691207961,0.022097086912079608,0.296875,0
520,cell,,4,20,0.02209708691207961,0.022097086912079608,0.3125,0
521,cell,,4,21,0.02209708691207961,0.022097086912079608,0.328125,0
522,cell,,4,22,0.02209708691207961,0.022097086912079608,0.34375,0
523,cell,,4,23,0.02209708691207961,0.022097086912079608,0.359375,0
524,cell,,4,24,0.02209708691207961,0.022097086912079608,0.375,0
525,cell,,4,25,0.02209708691207961,0.022097086912079608,0.390625,0
526,cell,,4,26,0.02209708691207961,0.022097086912079608,0.40625,0
527,cell,,4,27,0.02209708691207961,0.022097086912079608,0.421875,0
528,cell,,4,28,0.02209708691207961,0.022097086912079608,0.4375,0
529,cell,,4,29,0.02209708691207961,0.022097086912079608,0.453125,0
530,cell,,4,30,0.02209708691207961,0.022097086912079608,0.46875,0
531,cell,,4,31,0.02209708691207961,0.022097086912079608,0.484375,0
532,cell,,4,32,0.02209708691207961,0.022097086912079608,0.5,0
533,cell,,4,33,0.02209708691207961,0.022097086912079608,0.515625,0
534,cell,,4,34,0.02209708691207961,0.022097086912079608,0.53125,0
535,cell,,4,35,0.02209708691207961,0.022097086912079608,0.546875,0
536,cell,,4,36,0.02209708691207961,0.022097086912079608,0.5625,0
537,cell,,4,37,0.02209708691207961,0.022097086912079608,0.578125,1
538,cell,,4,38,0.02209708691207961,0.022097086912079608,0.59375,0
539,cell,,4,39,0.02209708691207961,0.022097086912079608,0.609375,0
540,cell,,4,40,0.02209708691207961,0.022097086912079608,0.625,1
541,cell,,4,41,0.02209708691207961,0.022097086912079608,0.640625,0
542,cell,,4,42,0.02209708691207961,0.022097086912079608,0.65625,0
543,cell,,4,43,0.02209708691207961,0.022097086912079608,0.671875,0
544,cell,,4,44,0.02209708691207961,0.022097086912079608,0.6875,0
545,cell,,4,45,0.02209708691207961,0.022097086912079608,0.703125,0
546,cell,,4,46,0.02209708691207961,0.022097086912079608,0.71875,0
547,cell,,4,47,0.02209708691207961,0.022097086912079608,0.734375,0
548,cell,,4,48,0.02209708691207961,0.022097086912079608,0.75,0
549,cell,,4,49,0.02209708691207961,0.022097086912079608,0.765625,0
550,cell,,4,50,0.02209708691207961,0.022097086912079608,0.78125,0
551,cell,,4,51,0.02209708691207961,0.022097086912079608,0.796875,0
552,cell,,4,52,0.02209708691207961,0.022097086912079608,0.8125,0
553,cell,,4,53,0.02209708691207961,0.022097086912079608,0.828125,0
554,cell,,4,54,0.02209708691207961,0.022097086912079608,0.84375,0
555,cell,,4,55,0.02209708691207961,0.022097086912079608,0.859375,0
556,cell,,4,56,0.02209708691207961,0.022097086912079608,0.875,0
557,cell,,4,57,0.02209708691207961,0.022097086912079608,0.890625,0
558,cell,,4,58,0.02209708691207961,0.022097086912079608,0.90625,0
559,cell,,4,59,0.02209708691207961,0.022097086912079608,0.921875,0
560,cell,,4,60,0.02209708691207961,0.022097086912079608,0.9375,0
561,cell,,4,61,0.02209708691207961,0.022097086912079608,0.953125,0
562,cell,,4,62,0.02209708691207961,0.022097086912079608,0.96875,0
563,cell,,4,63,0.02209708691207961,0.022097086912079608,0.984375,0
564,cell,,4,64,0.02209708691207961,0.022097086912079608,1.0,0
565,cell,,4,65,0.02209708691207961,0.022097086912079608,1.015625,0
566,cell,,4,66,0.02209708691207961,0.022097086912079608,1.03125,1
567,cell,,4,67,0.02209708691207961,0.022097086912079608,1.046875,1
568,cell,,4,68,0.02209708691207961,0.022097086912079608,1.0625,0
569,cell,,4,69,0.02209708691207961,0.022097086912079608,1.078125,0
570,cell,,4,70,0.02209708691207961,0.022097086912079608,1.09375,0
571,cell,,4,71,0.02209708691207961,0.022097086912079608,1.109375,0
572,cell,,4,72,0.02209708691207961,0.022097086912079608,1.125,1
573,cell,,4,73,0.02209708691207961,0.022097086912079608,1.140625,1
574,cell,,4,74,0.02209708691207961,0.022097086912079608,1.15625,0
575,cell,,4,75,0.02209708691207961,0.022097086912079608,1.171875,1
576,cell,,4,76,0.02209708691207961,0.022097086912079608,1.1875,1
577,cell,,4,77,0.02209708691207961,0.022097086912079608,1.203125,0
578,cell,,4,78,0.02209708691207961,0.022097086912079608,1.21875,0
579,cell,,4,79,0.02209708691207961,0.022097086912079608,1.234375,1
580,cell,,4,80,0.02209708691207961,0.022097086912079608,1.25,0
581,cell,,4,81,0.02209708691207961,0.022097086912079608,1.265625,1
582,cell,,4,82,0.02209708691207961,0.022097086912079608,1.28125,1
583,cell,,4,83,0.02209708691207961,0.022097086912079608,1.296875,0
584,cell,,4,84,0.02209708691207961,0.022097086912079608,1.3125,0
585,cell,,4,85,0.02209708691207961,0.022097086912079608,1.328125,1
586,cell,,4,86,0.02209708691207961,0.022097086912079608,1.34375,0
587,cell,,4,87,0.02209708691207961,0.022097086912079608,1.359375,1
588,cell,,4,88,0.02209708691207961,0.022097086912079608,1.375,0
589,cell,,4,89,0.02209708691207961,0.022097086912079608,1.390625,1
590,cell,,4,90,0.02209708691207961,0.022097086912079608,1.40625,0
591,cell,,4,91,0.02209708691207961,0.022097086912079608,1.421875,0
592,cell,,4,92,0.02209708691207961,0.022097086912079608,1.4375,1
593,cell,,4,93,0.02209708691207961,0.022097086912079608,1.453125,0
594,cell,,4,94,0.02209708691207961,0.022097086912079608,1.46875,0
595,cell,,4,95,0.02209708691207961,0.022097086912079608,1.484375,0
596,cell,,4,96,0.02209708691207961,0.022097086912079608,1.5,1
597,cell,,4,97,0.02209708691207961,0.022097086912079608,1.515625,0
598,cell,,4,98,0.02209708691207961,0.022097086912079608,1.53125,0
599,cell,,4,99,0.02209708691207961,0.022097086912079608,1.546875,1
600,cell,,4,100,0.02209708691207961,0.022097086912079608,1.5625,1
601,cell,,4,101,0.02209708691207961,0.022097086912079608,1.578125,0
602,cell,,4,102,0.02209708691207961,0.022097086912079608,1.59375,0
603,cell,,4,103,0.02209708691207961,0.022097086912079608,1.609375,1
604,cell,,4,104,0.02209708691207961,0.022097086912079608,1.625,1
605,cell,,4,105,0.02209708691207961,0.022097086912079608,1.640625,0
606,cell,,4,106,0.02209708691207961,0.022097086912079608,1.65625,0
607,cell,,4,107,0.02209708691207961,0.022097086912079608,1.671875,0
608,cell,,4,108,0.02209708691207961,0.022097086912079608,1.6875,1
609,cell,,4,109,0.02209708691207961,0.022097086912079608,1.703125,0
610,cell,,4,110,0.02209708691207961,0.022097086912079608,1.71875,0
611,cell,,4,111,0.02209708691207961,0.022097086912079608,1.734375,1
612,cell,,4,112,0.02209708691207961,0.022097086912079608,1.75,0
613,cell,,4,113,0.02209708691207961,0.022097086912079608,1.765625,0
614,cell,,4,114,0.02209708691207961,0.022097086912079608,1.78125,1
615,cell,,4,115,0.02209708691207961,0.022097086912079608,1.796875,1
616,cell,,4,116,0.02209708691207961,0.022097086912079608,1.8125,1
617,cell,,4,117,0.02209708691207961,0.022097086912079608,1.828125,0
618,cell,,5,0,0.01736156978186257,0.02598342538445454,0.0,0
619,cell,,5,1,0.01736156978186257,0.02598342538445454,0.015625,1
620,cell,,5,2,0.01736156978186257,0.02598342538445454,0.03125,0
621,cell,,5,3,0.01736156978186257,0.02598342538445454,0.046875,1
622,cell,,5,4,0.01736156978186257,0.02598342538445454,0.0625,1
623,cell,,5,5,0.01736156978186257,0.02598342538445454,0.078125,0
624,cell,,5,6,0.01736156978186257,0.02598342538445454,0.09375,1
625,cell,,5,7,0.01736156978186257,0.02598342538445454,0.109375,1
626,cell,,5,8,0.01736156978186257,0.02598342538445454,0.125,0
627,cell,,5,9,0.01736156978186257,0.02598342538445454,0.140625,0
628,cell,,5,10,0.01736156978186257,0.02598342538445454,0.15625,0
629,cell,,5,11,0.01736156978186257,0.02598342538445454,0.171875,0
630,cell,,5,12,0.01736156978186257,0.02598342538445454,0.1875,0
631,cell,,5,13,0.01736156978186257,0.02598342538445454,0.203125,0
632,cell,,5,14,0.01736156978186257,0.02598342538445454,0.21875,0
633,cell,,5,15,0.01736156978186257,0.02598342538445454,0.234375,0
634,cell,,5,16,0.01736156978186257,0.02598342538445454,0.25,0
635,cell,,5,17,0.01736156978186257,0.02598342538445454,0.265625,0
636,cell,,5,18,0.01736156978186257,0.02598342538445454,0.28125,0
637,cell,,5,19,0.01736156978186257,0.02598342538445454,0.296875,0
638,cell,,5,20,0.01736156978186257,0.02598342538445454,0.3125,0
639,cell,,5,21,0.01736156978186257,0.02598342538445454,0.328125,0
640,cell,,5,22,0.01736156978186257,0.02598342538445454,0.34375,0
641,cell,,5,23,0.01736156978186257,0.02598342538445454,0.359375,0
642,cell,,5,24,0.01736156978186257,0.02598342538445454,0.375,0
643,cell,,5,25,0.01736156978186257,0.02598342538445454,0.390625,0
644,cell,,5,26,0.01736156978186257,0.02598342538445454,0.40625,0
645,cell,,5,27,0.01736156978186257,0.02598342538445454,0.421875,0
646,cell,,5,28,0.01736156978186257,0.02598342538445454,0.4375,0
647,cell,,5,29,0.01736156978186257,0.02598342538445454,0.453125,0
648,cell,,5,30,0.01736156978186257,0.02598342538445454,0.46875,0
649,cell,,5,31,0.01736156978186257,0.02598342538445454,0.484375,0
650,cell,,5,32,0.01736156978186257,0.02598342538445454,0.5,0
651,cell,,5,33,0.01736156978186257,0.02598342538445454,0.515625,0
652,cell,,5,34,0.01736156978186257,0.02598342538445454,0.53125,0
653,cell,,5,35,0.01736156978186257,0.02598342538445454,0.546875,0
654,cell,,5,36,0.01736156978186257,0.02598342538445454,0.5625,0
655,cell,,5,37,0.01736156978186257,0.02598342538445454,0.578125,1
656,cell,,5,38,0.01736156978186257,0.02598342538445454,0.59375,0
657,cell,,5,39,0.01736156978186257,0.02598342538445454,0.609375,0
658,cell,,5,40,0.01736156978186257,0.02598342538445454,0.625,1
659,cell,,5,41,0.01736156978186257,0.02598342538445454,0.640625,0
660,cell,,5,42,0.01736156978186257,0.02598342538445454,0.65625,0
661,cell,,5,43,0.01736156978186257,0.02598342538445454,0.671875,0
662,cell,,5,44,0.01736156978186257,0.02598342538445454,0.6875,0
663,cell,,5,45,0.01736156978186257,0.02598342538445454,0.703125,0
664,cell,,5,46,0.01736156978186257,0.02598342538445454,0.71875,0
665,cell,,5,47,0.01736156978186257,0.02598342538445454,0.734375,0
666,cell,,5,48,0.01736156978186257,0.02598342538445454,0.75,0
667,cell,,5,49,0.01736156978186257,0.02598342538445454,0.765625,0
668,cell,,5,50,0.01736156978186257,0.02598342538445454,0.78125,0
669,cell,,5,51,0.01736156978186257,0.02598342538445454,0.796875,0
670,cell,,5,52,0.01736156978186257,0.02598342538445454,0.8125,0
671,cell,,5,53,0.01736156978186257,0.02598342538445454,0.828125,0
672,cell,,5,54,0.01736156978186257,0.02598342538445454,0.84375,0
673,cell,,5,55,0.01736156978186257,0.02598342538445454,0.859375,0
674,cell,,5,56,0.01736156978186257,0.02598342538445454,0.875,0
675,cell,,5,57,0.01736156978186257,0.02598342538445454,0.890625,0
676,cell,,5,58,0.01736156978186257,0.02598342538445454,0.90625,0
677,cell,,5,59,0.01736156978186257,0.02598342538445454,0.921875,0
678,cell,,5,60,0.01736156978186257,0.02598342538445454,0.9375,0
679,cell,,5,61,0.01736156978186257,0.02598342538445454,0.953125,0
680,cell,,5,62,0.01736156978186257,0.02598342538445454,0.96875,0
681,cell,,5,63,0.01736156978186257,0.02598342538445454,0.984375,0
682,cell,,5,64,0.01736156978186257,0.02598342538445454,1.0,1
683,cell,,5,65,0.01736156978186257,0.02598342538445454,1.015625,0
684,cell,,5,66,0.01736156978186257,0.02598342538445454,1.03125,1
685,cell,,5,67,0.01736156978186257,0.02598342538445454,1.046875,0
686,cell,,5,68,0.01736156978186257,0.02598342538445454,1.0625,0
687,cell,,5,69,0.01736156978186257,0.02598342538445454,1.078125,0
688,cell,,5,70,0.01736156978186257,0.02598342538445454,1.09375,0
689,cell,,5,71,0.01736156978186257,0.02598342538445454,1.109375,1
690,cell,,5,72,0.01736156978186257,0.02598342538445454,1.125,0
691,cell,,5,73,0.01736156978186257,0.02598342538445454,1.140625,1
692,cell,,5,74,0.01736156978186257,0.02598342538445454,1.15625,0
693,cell,,5,75,0.01736156978186257,0.02598342538445454,1.171875,0
694,cell,,5,76,0.01736156978186257,0.02598342538445454,1.1875,0
695,cell,,5,77,0.01736156978186257,0.02598342538445454,1.203125,1
696,cell,,5,78,0.01736156978186257,0.02598342538445454,1.21875,0
697,cell,,5,79,0.01736156978186257,0.02598342538445454,1.234375,1
698,cell,,5,80,0.01736156978186257,0.02598342538445454,1.25,0
699,cell,,5,81,0.01736156978186257,0.02598342538445454,1.265625,0
700,cell,,5,82,0.01736156978186257,0.02598342538445454,1.28125,0
701,cell,,5,83,0.01736156978186257,0.02598342538445454,1.296875,1
702,cell,,5,84,0.01736156978186257,0.02598342538445454,1.3125,0
703,cell,,5,85,0.01736156978186257,0.02598342538445454,1.328125,0
704,cell,,5,86,0.01736156978186257,0.02598342538445454,1.34375,1
705,cell,,5,87,0.01736156978186257,0.02598342538445454,1.359375,1
706,cell,,5,88,0.01736156978186257,0.02598342538445454,1.375,1
707,cell,,5,89,0.01736156978186257,0.02598342538445454,1.390625,0
708,cell,,5,90,0.01736156978186257,0.02598342538445454,1.40625,1
709,cell,,5,91,0.01736156978186257,0.02598342538445454,1.421875,0
710,cell,,5,92,0.01736156978186257,0.02598342538445454,1.4375,1
711,cell,,5,93,0.01736156978186257,0.02598342538445454,1.453125,0
712,cell,,5,94,0.01736156978186257,0.02598342538445454,1.46875,0
713,cell,,5,95,0.01736156978186257,0.02598342538445454,1.484375,0
714,cell,,5,96,0.01736156978186257,0.02598342538445454,1.5,1
715,cell,,5,97,0.01736156978186257,0.02598342538445454,1.515625,0
716,cell,,5,98,0.01736156978186257,0.02598342538445454,1.53125,1
717,cell,,5,99,0.01736156978186257,0.02598342538445454,1.546875,0
718,cell,,5,100,0.01736156978186257,0.02598342538445454,1.5625,0
719,cell,,5,101,0.01736156978186257,0.02598342538445454,1.578125,1
720,cell,,5,102,0.01736156978186257,0.02598342538445454,1.59375,0
721,cell,,5,103,0.01736156978186257,0.02598342538445454,1.609375,0
722,cell,,5,104,0.01736156978186257,0.02598342538445454,1.625,0
723,cell,,5,105,0.01736156978186257,0.02598342538445454,1.640625,1
724,cell,,5,106,0.01736156978186257,0.02598342538445454,1.65625,1
725,cell,,5,107,0.01736156978186257,0.02598342538445454,1.671875,1
726,cell,,5,108,0.01736156978186257,0.02598342538445454,1.6875,1
727,cell,,5,109,0.01736156978186257,0.02598342538445454,1.703125,0
728,cell,,5,110,0.01736156978186257,0.02598342538445454,1.71875,0
729,cell,,5,111,0.01736156978186257,0.02598342538445454,1.734375,0
730,cell,,5,112,0.01736156978186257,0.02598342538445454,1.75,0
731,cell,,5,113,0.01736156978186257,0.02598342538445454,1.765625,0
732,cell,,5,114,0.01736156978186257,0.02598342538445454,1.78125,1
733,cell,,5,115,0.01736156978186257,0.02598342538445454,1.796875,1
734,cell,,5,116,0.01736156978186257,0.02598342538445454,1.8125,1
735,cell,,5,117,0.01736156978186257,0.02598342538445454,1.828125,0
736,cell,,6,0,0.011958857261409057,0.02887123539097771,0.0,1
737,cell,,6,1,0.011958857261409057,0.02887123539097771,0.015625,0
738,cell,,6,2,0.011958857261409057,0.02887123539097771,0.03125,1
739,cell,,6,3,0.011958857261409057,0.02887123539097771,0.046875,1
740,cell,,6,4,0.011958857261409057,0.02887123539097771,0.0625,1
741,cell,,6,5,0.011958857261409057,0.02887123539097771,0.078125,0
742,cell,,6,6,0.011958857261409057,0.02887123539097771,0.09375,1
743,cell,,6,7,0.011958857261409057,0.02887123539097771,0.109375,1
744,cell,,6,8,0.011958857261409057,0.02887123539097771,0.125,0
745,cell,,6,9,0.011958857261409057,0.02887123539097771,0.140625,0
746,cell,,6,10,0.011958857261409057,0.02887123539097771,0.15625,0
747,cell,,6,11,0.011958857261409057,0.02887123539097771,0.171875,0
748,cell,,6,12,0.011958857261409057,0.02887123539097771,0.1875,0
749,cell,,6,13,0.011958857261409057,0.02887123539097771,0.203125,0
750,cell,,6,14,0.011958857261409057,0.02887123539097771,0.21875,0
751,cell,,6,15,0.011958857261409057,0.02887123539097771,0.234375,0
752,cell,,6,16,0.011958857261409057,0.02887123539097771,0.25,0
753,cell,,6,17,0.011958857261409057,0.02887123539097771,0.265625,0
754,cell,,6,18,0.011958857261409057,0.02887123539097771,0.28125,0
755,cell,,6,19,0.011958857261409057,0.02887123539097771,0.296875,0
756,cell,,6,20,0.011958857261409057,0.02887123539097771,0.3125,0
757,cell,,6,21,0.011958857261409057,0.02887123539097771,0.328125,0
758,cell,,6,22,0.011958857261409057,0.02887123539097771,0.34375,0
759,cell,,6,23,0.011958857261409057,0.02887123539097771,0.359375,0
760,cell,,6,24,0.011958857261409057,0.02887123539097771,0.375,0
761,cell,,6,25,0.011958857261409057,0.02887123539097771,0.390625,0
762,cell,,6,26,0.011958857261409057,0.02887123539097771,0.40625,0
763,cell,,6,27,0.011958857261409057,0.02887123539097771,0.421875,0
764,cell,,6,28,0.011958857261409057,0.02887123539097771,0.4375,0
765,cell,,6,29,0.011958857261409057,0.02887123539097771,0.453125,0
766,cell,,6,30,0.011958857261409057,0.02887123539097771,0.46875,0
767,cell,,6,31,0.011958857261409057,0.02887123539097771,0.484375,0
768,cell,,6,32,0.011958857261409057,0.02887123539097771,0.5,0
769,cell,,6,33,0.011958857261409057,0.02887123539097771,0.515625,1
770,cell,,6,34,0.011958857261409057,0.02887123539097771,0.53125,0
771,cell,,6,35,0.011958857261409057,0.02887123539097771,0.546875,1
772,cell,,6,36,0.011958857261409057,0.02887123539097771,0.5625,0
773,cell,,6,37,0.011958857261409057,0.02887123539097771,0.578125,1
774,cell,,6,38,0.011958857261409057,0.02887123539097771,0.59375,0
775,cell,,6,39,0.011958857261409057,0.02887123539097771,0.609375,0
776,cell,,6,40,0.011958857261409057,0.02887123539097771,0.625,1
777,cell,,6,41,0.011958857261409057,0.02887123539097771,0.640625,0
778,cell,,6,42,0.011958857261409057,0.02887123539097771,0.65625,0
779,cell,,6,43,0.011958857261409057,0.02887123539097771,0.671875,0
780,cell,,6,44,0.011958857261409057,0.02887123539097771,0.6875,0
781,cell,,6,45,0.011958857261409057,0.02887123539097771,0.703125,0
782,cell,,6,46,0.011958857261409057,0.02887123539097771,0.71875,0
783,cell,,6,47,0.011958857261409057,0.02887123539097771,0.734375,0
784,cell,,6,48,0.011958857261409057,0.02887123539097771,0.75,0
785,cell,,6,49,0.011958857261409057,0.02887123539097771,0.765625,0
786,cell,,6,50,0.011958857261409057,0.02887123539097771,0.78125,0
787,cell,,6,51,0.011958857261409057,0.02887123539097771,0.796875,0
788,cell,,6,52,0.011958857261409057,0.02887123539097771,0.8125,0
789,cell,,6,53,0.011958857261409057,0.02887123539097771,0.828125,0
790,cell,,6,54,0.011958857261409057,0.02887123539097771,0.84375,0
791,cell,,6,55,0.011958857261409057,0.02887123539097771,0.859375,0
792,cell,,6,56,0.011958857261409057,0.02887123539097771,0.875,0
793,cell,,6,57,0.011958857261409057,0.02887123539097771,0.890625,0
794,cell,,6,58,0.011958857261409057,0.02887123539097771,0.90625,0
795,cell,,6,59,0.011958857261409057,0.02887123539097771,0.921875,0
796,cell,,6,60,0.011958857261409057,0.02887123539097771,0.9375,0
797,cell,,6,61,0.011958857261409057,0.02887123539097771,0.953125,0
798,cell,,6,62,0.011958857261409057,0.02887123539097771,0.96875,0
799,cell,,6,63,0.011958857261409057,0.02887123539097771,0.984375,0
800,cell,,6,64,0.011958857261409057,0.02887123539097771,1.0,0
801,cell,,6,65,0.011958857261409057,0.02887123539097771,1.015625,0
802,cell,,6,66,0.011958857261409057,0.02887123539097771,1.03125,0
803,cell,,6,67,0.011958857261409057,0.02887123539097771,1.046875,0
804,cell,,6,68,0.011958857261409057,0.02887123539097771,1.0625,0
805,cell,,6,69,0.011958857261409057,0.02887123539097771,1.078125,1
806,cell,,6,70,0.011958857261409057,0.02887123539097771,1.09375,0
807,cell,,6,71,0.011958857261409057,0.02887123539097771,1.109375,0
808,cell,,6,72,0.011958857261409057,0.02887123539097771,1.125,1
809,cell,,6,73,0.011958857261409057,0.02887123539097771,1.140625,1
810,cell,,6,74,0.011958857261409057,0.02887123539097771,1.15625,1
811,cell,,6,75,0.011958857261409057,0.02887123539097771,1.171875,1
812,cell,,6,76,0.011958857261409057,0.02887123539097771,1.1875,0
813,cell,,6,77,0.011958857261409057,0.02887123539097771,1.203125,1
814,cell,,6,78,0.011958857261409057,0.02887123539097771,1.21875,0
815,cell,,6,79,0.011958857261409057,0.02887123539097771,1.234375,1
816,cell,,6,80,0.011958857261409057,0.02887123539097771,1.25,0
817,cell,,6,81,0.011958857261409057,0.02887123539097771,1.265625,0
818,cell,,6,82,0.011958857261409057,0.02887123539097771,1.28125,0
819,cell,,6,83,0.011958857261409057,0.02887123539097771,1.296875,1
820,cell,,6,84,0.011958857261409057,0.02887123539097771,1.3125,0
821,cell,,6,85,0.011958857261409057,0.02887123539097771,1.328125,0
822,cell,,6,86,0.011958857261409057,0.02887123539097771,1.34375,0
823,cell,,6,87,0.011958857261409057,0.02887123539097771,1.359375,1
824,cell,,6,88,0.011958857261409057,0.02887123539097771,1.375,1
825,cell,,6,89,0.011958857261409057,0.02887123539097771,1.390625,0
826,cell,,6,90,0.011958857261409057,0.02887123539097771,1.40625,0
827,cell,,6,91,0.011958857261409057,0.02887123539097771,1.421875,1
828,cell,,6,92,0.011958857261409057,0.02887123539097771,1.4375,1
829,cell,,6,93,0.011958857261409057,0.02887123539097771,1.453125,0
830,cell,,6,94,0.011958857261409057,0.02887123539097771,1.46875,0
831,cell,,6,95,0.011958857261409057,0.02887123539097771,1.484375,0
832,cell,,6,96,0.011958857261409057,0.02887123539097771,1.5,1
833,cell,,6,97,0.011958857261409057,0.02887123539097771,1.515625,0
834,cell,,6,98,0.011958857261409057,0.02887123539097771,1.53125,0
835,cell,,6,99,0.011958857261409057,0.02887123539097771,1.546875,1
836,cell,,6,100,0.011958857261409057,0.02887123539097771,1.5625,0
837,cell,,6,101,0.011958857261409057,0.02887123539097771,1.578125,0
838,cell,,6,102,0.011958857261409057,0.02887123539097771,1.59375,0
839,cell,,6,103,0.011958857261409057,0.02887123539097771,1.609375,1
840,cell,,6,104,0.011958857261409057,0.02887123539097771,1.625,1
841,cell,,6,105,0.011958857261409057,0.02887123539097771,1.640625,0
842,cell,,6,106,0.011958857261409057,0.02887123539097771,1.65625,1
843,cell,,6,107,0.011958857261409057,0.02887123539097771,1.671875,0
844,cell,,6,108,0.011958857261409057,0.02887123539097771,1.6875,1
845,cell,,6,109,0.011958857261409057,0.02887123539097771,1.703125,0
846,cell,,6,110,0.011958857261409057,0.02887123539097771,1.71875,1
847,cell,,6,111,0.011958857261409057,0.02887123539097771,1.734375,0
848,cell,,6,112,0.011958857261409057,0.02887123539097771,1.75,1
849,cell,,6,113,0.011958857261409057,0.02887123539097771,1.765625,1
850,cell,,6,114,0.011958857261409057,0.02887123539097771,1.78125,1
851,cell,,6,115,0.011958857261409057,0.02887123539097771,1.796875,0
852,cell,,6,116,0.011958857261409057,0.02887123539097771,1.8125,1
853,cell,,6,117,0.011958857261409057,0.02887123539097771,1.828125,0
854,cell,,7,0,0.00609657256300401,0.03064954001260095,0.0,0
855,cell,,7,1,0.00609657256300401,0.03064954001260095,0.015625,0
856,cell,,7,2,0.00609657256300401,0.03064954001260095,0.03125,1
857,cell,,7,3,0.00609657256300401,0.03064954001260095,0.046875,1
858,cell,,7,4,0.00609657256300401,0.03064954001260095,0.0625,1
859,cell,,7,5,0.00609657256300401,0.03064954001260095,0.078125,0
860,cell,,7,6,0.00609657256300401,0.03064954001260095,0.09375,1
861,cell,,7,7,0.00609657256300401,0.03064954001260095,0.109375,1
862,cell,,7,8,0.00609657256300401,0.03064954001260095,0.125,0
863,cell,,7,9,0.00609657256300401,0.03064954001260095,0.140625,0
864,cell,,7,10,0.00609657256300401,0.03064954001260095,0.15625,0
865,cell,,7,11,0.00609657256300401,0.03064954001260095,0.171875,0
866,cell,,7,12,0.00609657256300401,0.03064954001260095,0.1875,0
867,cell,,7,13,0.00609657256300401,0.03064954001260095,0.203125,0
868,cell,,7,14,0.00609657256300401,0.03064954001260095,0.21875,0
869,cell,,7,15,0.00609657256300401,0.03064954001260095,0.234375,0
870,cell,,7,16,0.00609657256300401,0.03064954001260095,0.25,0
871,cell,,7,17,0.00609657256300401,0.03064954001260095,0.265625,0
872,cell,,7,18,0.00609657256300401,0.03064954001260095,0.28125,0
873,cell,,7,19,0.00609657256300401,0.03064954001260095,0.296875,0
874,cell,,7,20,0.00609657256300401,0.03064954001260095,0.3125,0
875,cell,,7,21,0.00609657256300401,0.03064954001260095,0.328125,0
876,cell,,7,22,0.00609657256300401,0.03064954001260095,0.34375,0
877,cell,,7,23,0.00609657256300401,0.03064954001260095,0.359375,0
878,cell,,7,24,0.00609657256300401,0.03064954001260095,0.375,0
879,cell,,7,25,0.00609657256300401,0.03064954001260095,0.390625,0
880,cell,,7,26,0.00609657256300401,0.03064954001260095,0.40625,0
881,cell,,7,27,0.00609657256300401,0.03064954001260095,0.421875,0
882,cell,,7,28,0.00609657256300401,0.03064954001260095,0.4375,0
883,cell,,7,29,0.00609657256300401,0.03064954001260095,0.453125,0
884,cell,,7,30,0.00609657256300401,0.03064954001260095,0.46875,0
885,cell,,7,31,0.00609657256300401,0.03064954001260095,0.484375,0
886,cell,,7,32,0.00609657256300401,0.03064954001260095,0.5,0
887,cell,,7,33,0.00609657256300401,0.03064954001260095,0.515625,0
888,cell,,7,34,0.00609657256300401,0.03064954001260095,0.53125,0
889,cell,,7,35,0.00609657256300401,0.03064954001260095,0.546875,1
890,cell,,7,36,0.00609657256300401,0.03064954001260095,0.5625,0
891,cell,,7,37,0.00609657256300401,0.03064954001260095,0.578125,1
892,cell,,7,38,0.00609657256300401,0.03064954001260095,0.59375,0
893,cell,,7,39,0.00609657256300401,0.03064954001260095,0.609375,0
894,cell,,7,40,0.00609657256300401,0.03064954001260095,0.625,1
895,cell,,7,41,0.00609657256300401,0.03064954001260095,0.640625,0
896,cell,,7,42,0.00609657256300401,0.03064954001260095,0.65625,0
897,cell,,7,43,0.00609657256300401,0.03064954001260095,0.671875,0
898,cell,,7,44,0.00609657256300401,0.03064954001260095,0.6875,0
899,cell,,7,45,0.00609657256300401,0.03064954001260095,0.703125,0
900,cell,,7,46,0.00609657256300401,0.03064954001260095,0.71875,0
901,cell,,7,47,0.00609657256300401,0.03064954001260095,0.734375,0
902,cell,,7,48,0.00609657256300401,0.03064954001260095,0.75,0
903,cell,,7,49,0.00609657256300401,0.03064954001260095,0.765625,0
904,cell,,7,50,0.00609657256300401,0.03064954001260095,0.78125,0
905,cell,,7,51,0.00609657256300401,0.03064954001260095,0.796875,0
906,cell,,7,52,0.00609657256300401,0.03064954001260095,0.8125,0
907,cell,,7,53,0.00609657256300401,0.03064954001260095,0.828125,0
908,cell,,7,54,0.00609657256300401,0.03064954001260095,0.84375,0
909,cell,,7,55,0.00609657256300401,0.03064954001260095,0.859375,0
910,cell,,7,56,0.00609657256300401,0.03064954001260095,0.875,0
911,cell,,7,57,0.00609657256300401,0.03064954001260095,0.890625,0
912,cell,,7,58,0.00609657256300401,0.03064954001260095,0.90625,0
913,cell,,7,59,0.00609657256300401,0.03064954001260095,0.921875,0
914,cell,,7,60,0.00609657256300401,0.03064954001260095,0.9375,0
915,cell,,7,61,0.00609657256300401,0.03064954001260095,0.953125,0
916,cell,,7,62,0.00609657256300401,0.03064954001260095,0.96875,0
917,cell,,7,63,0.00609657256300401,0.03064954001260095,0.984375,0
918,cell,,7,64,0.00609657256300401,0.03064954001260095,1.0,1
919,cell,,7,65,0.00609657256300401,0.03064954001260095,1.015625,0
920,cell,,7,66,0.00609657256300401,0.03064954001260095,1.03125,1
921,cell,,7,67,0.00609657256300401,0.03064954001260095,1.046875,0
922,cell,,7,68,0.00609657256300401,0.03064954001260095,1.0625,1
923,cell,,7,69,0.00609657256300401,0.03064954001260095,1.078125,1
924,cell,,7,70,0.00609657256300401,0.03064954001260095,1.09375,1
925,cell,,7,71,0.00609657256300401,0.03064954001260095,1.109375,0
926,cell,,7,72,0.00609657256300401,0.03064954001260095,1.125,0
927,cell,,7,73,0.00609657256300401,0.03064954001260095,1.140625,1
928,cell,,7,74,0.00609657256300401,0.03064954001260095,1.15625,0
929,cell,,7,75,0.00609657256300401,0.03064954001260095,1.171875,0
930,cell,,7,76,0.00609657256300401,0.03064954001260095,1.1875,1
931,cell,,7,77,0.00609657256300401,0.03064954001260095,1.203125,1
932,cell,,7,78,0.00609657256300401,0.03064954001260095,1.21875,0
933,cell,,7,79,0.00609657256300401,0.03064954001260095,1.234375,1
934,cell,,7,80,0.00609657256300401,0.03064954001260095,1.25,0
935,cell,,7,81,0.00609657256300401,0.03064954001260095,1.265625,1
936,cell,,7,82,0.00609657256300401,0.03064954001260095,1.28125,1
937,cell,,7,83,0.00609657256300401,0.03064954001260095,1.296875,0
938,cell,,7,84,0.00609657256300401,0.03064954001260095,1.3125,0
939,cell,,7,85,0.00609657256300401,0.03064954001260095,1.328125,1
940,cell,,7,86,0.00609657256300401,0.03064954001260095,1.34375,0
941,cell,,7,87,0.00609657256300401,0.03064954001260095,1.359375,1
942,cell,,7,88,0.00609657256300401,0.03064954001260095,1.375,0
943,cell,,7,89,0.00609657256300401,0.03064954001260095,1.390625,1
944,cell,,7,90,0.00609657256300401,0.03064954001260095,1.40625,1
945,cell,,7,91,0.00609657256300401,0.03064954001260095,1.421875,1
946,cell,,7,92,0.00609657256300401,0.03064954001260095,1.4375,1
947,cell,,7,93,0.00609657256300401,0.03064954001260095,1.453125,0
948,cell,,7,94,0.00609657256300401,0.03064954001260095,1.46875,0
949,cell,,7,95,0.00609657256300401,0.03064954001260095,1.484375,0
950,cell,,7,96,0.00609657256300401,0.03064954001260095,1.5,1
951,cell,,7,97,0.00609657256300401,0.03064954001260095,1.515625,0
952,cell,,7,98,0.00609657256300401,0.03064954001260095,1.53125,0
953,cell,,7,99,0.00609657256300401,0.03064954001260095,1.546875,1
954,cell,,7,100,0.00609657256300401,0.03064954001260095,1.5625,0
955,cell,,7,101,0.00609657256300401,0.03064954001260095,1.578125,1
956,cell,,7,102,0.00609657256300401,0.03064954001260095,1.59375,0
957,cell,,7,103,0.00609657256300401,0.03064954001260095,1.609375,0
958,cell,,7,104,0.00609657256300401,0.03064954001260095,1.625,1
959,cell,,7,105,0.00609657256300401,0.03064954001260095,1.640625,1
960,cell,,7,106,0.00609657256300401,0.03064954001260095,1.65625,0
961,cell,,7,107,0.00609657256300401,0.03064954001260095,1.671875,0
962,cell,,7,108,0.00609657256300401,0.03064954001260095,1.6875,1
963,cell,,7,109,0.00609657256300401,0.03064954001260095,1.703125,0
964,cell,,7,110,0.00609657256300401,0.03064954001260095,1.71875,1
965,cell,,7,111,0.00609657256300401,0.03064954001260095,1.734375,0
966,cell,,7,112,0.00609657256300401,0.03064954001260095,1.75,1
967,cell,,7,113,0.00609657256300401,0.03064954001260095,1.765625,1
968,cell,,7,114,0.00609657256300401,0.03064954001260095,1.78125,1
969,cell,,7,115,0.00609657256300401,0.03064954001260095,1.796875,0
970,cell,,7,116,0.00609657256300401,0.03064954001260095,1.8125,1
971,cell,,7,117,0.00609657256300401,0.03064954001260095,1.828125,0
972,cell,,8,0,1.9135106236677394e-18,0.03125,0.0,1
973,cell,,8,1,1.9135106236677394e-18,0.03125,0.015625,0
974,cell,,8,2,1.9135106236677394e-18,0.03125,0.03125,0
975,cell,,8,3,1.9135106236677394e-18,0.03125,0.046875,0
976,cell,,8,4,1.9135106236677394e-18,0.03125,0.0625,0
977,cell,,8,5,1.9135106236677394e-18,0.03125,0.078125,1
978,cell,,8,6,1.9135106236677394e-18,0.03125,0.09375,1
979,cell,,8,7,1.9135106236677394e-18,0.03125,0.109375,1
980,cell,,8,8,1.9135106236677394e-18,0.03125,0.125,0
981,cell,,8,9,1.9135106236677394e-18,0.03125,0.140625,0
982,cell,,8,10,1.9135106236677394e-18,0.03125,0.15625,0
983,cell,,8,11,1.9135106236677394e-18,0.03125,0.171875,0
984,cell,,8,12,1.9135106236677394e-18,0.03125,0.1875,0
985,cell,,8,13,1.9135106236677394e-18,0.03125,0.203125,0
986,cell,,8,14,1.9135106236677394e-18,0.03125,0.21875,0
987,cell,,8,15,1.9135106236677394e-18,0.03125,0.234375,0
988,cell,,8,16,1.9135106236677394e-18,0.03125,0.25,0
989,cell,,8,17,1.9135106236677394e-18,0.03125,0.265625,0
990,cell,,8,18,1.9135106236677394e-18,0.03125,0.28125,0
991,cell,,8,19,1.9135106236677394e-18,0.03125,0.296875,0
992,cell,,8,20,1.9135106236677394e-18,0.03125,0.3125,0
993,cell,,8,21,1.9135106236677394e-18,0.03125,0.328125,0
994,cell,,8,22,1.9135106236677394e-18,0.03125,0.34375,0
995,cell,,8,23,1.9135106236677394e-18,0.03125,0.359375,0
996,cell,,8,24,1.9135106236677394e-18,0.03125,0.375,0
997,cell,,8,25,1.9135106236677394e-18,0.03125,0.390625,0
998,cell,,8,26,1.9135106236677394e-18,0.03125,0.40625,0
999,cell,,8,27,1.9135106236677394e-18,0.03125,0.421875,0
1000,cell,,8,28,1.9135106236677394e-18,0.03125,0.4375,0
1001,cell,,8,29,1.9135106236677394e-18,0.03125,0.453125,0
1002,cell,,8,30,1.9135106236677394e-18,0.03125,0.46875,0
1003,cell,,8,31,1.9135106236677394e-18,0.03125,0.484375,0
1004,cell,,8,32,1.9135106236677394e-18,0.03125,0.5,0
1005,cell,,8,33,1.9135106236677394e-18,0.03125,0.515625,1
1006,cell,,8,34,1.9135106236677394e-18,0.03125,0.53125,0
1007,cell,,8,35,1.9135106236677394e-18,0.03125,0.546875,1
1008,cell,,8,36,1.9135106236677394e-18,0.03125,0.5625,0
1009,cell,,8,37,1.9135106236677394e-18,0.03125,0.578125,1
1010,cell,,8,38,1.9135106236677394e-18,0.03125,0.59375,0
1011,cell,,8,39,1.9135106236677394e-18,0.03125,0.609375,0
1012,cell,,8,40,1.9135106236677394e-18,0.03125,0.625,1
1013,cell,,8,41,1.9135106236677394e-18,0.03125,0.640625,0
1014,cell,,8,42,1.9135106236677394e-18,0.03125,0.65625,0
1015,cell,,8,43,1.9135106236677394e-18,0.03125,0.671875,0
1016,cell,,8,44,1.9135106236677394e-18,0.03125,0.6875,0
1017,cell,,8,45,1.9135106236677394e-18,0.03125,0.703125,0
1018,cell,,8,46,1.9135106236677394e-18,0.03125,0.71875,0
1019,cell,,8,47,1.9135106236677394e-18,0.03125,0.734375,0
1020,cell,,8,48,1.9135106236677394e-18,0.03125,0.75,0
1021,cell,,8,49,1.9135106236677394e-18,0.03125,0.765625,0
1022,cell,,8,50,1.9135106236677394e-18,0.03125,0.78125,0
1023,cell,,8,51,1.9135106236677394e-18,0.03125,0.796875,0
1024,cell,,8,52,1.9135106236677394e-18,0.03125,0.8125,0
1025,cell,,8,53,1.9135106236677394e-18,0.03125,0.828125,0
1026,cell,,8,54,1.9135106236677394e-18,0.03125,0.84375,0
1027,cell,,8,55,1.9135106236677394e-18,0.03125,0.859375,0
1028,cell,,8,56,1.9135106236677394e-18,0.03125,0.875,0
1029,cell,,8,57,1.9135106236677394e-18,0.03125,0.890625,0
1030,cell,,8,58,1.9135106236677394e-18,0.03125,0.90625,0
1031,cell,,8,59,1.9135106236677394e-18,0.03125,0.921875,0
1032,cell,,8,60,1.9135106236677394e-18,0.03125,0.9375,0
1033,cell,,8,61,1.9135106236677394e-18,0.03125,0.953125,0
1034,cell,,8,62,1.9135106236677394e-18,0.03125,0.96875,0
1035,cell,,8,63,1.9135106236677394e-18,0.03125,0.984375,0
1036,cell,,8,64,1.9135106236677394e-18,0.03125,1.0,1
1037,cell,,8,65,1.9135106236677394e-18,0.03125,1.015625,1
1038,cell,,8,66,1.9135106236677394e-18,0.03125,1.03125,1
1039,cell,,8,67,1.9135106236677394e-18,0.03125,1.046875,1
1040,cell,,8,68,1.9135106236677394e-18,0.03125,1.0625,0
1041,cell,,8,69,1.9135106236677394e-18,0.03125,1.078125,0
1042,cell,,8,70,1.9135106236677394e-18,0.03125,1.09375,1
1043,cell,,8,71,1.9135106236677394e-18,0.03125,1.109375,0
1044,cell,,8,72,1.9135106236677394e-18,0.03125,1.125,0
1045,cell,,8,73,1.9135106236677394e-18,0.03125,1.140625,0
1046,cell,,8,74,1.9135106236677394e-18,0.03125,1.15625,1
1047,cell,,8,75,1.9135106236677394e-18,0.03125,1.171875,0
1048,cell,,8,76,1.9135106236677394e-18,0.03125,1.1875,1
1049,cell,,8,77,1.9135106236677394e-18,0.03125,1.203125,1
1050,cell,,8,78,1.9135106236677394e-18,0.03125,1.21875,0
1051,cell,,8,79,1.9135106236677394e-18,0.03125,1.234375,1
1052,cell,,8,80,1.9135106236677394e-18,0.03125,1.25,0
1053,cell,,8,81,1.9135106236677394e-18,0.03125,1.265625,0
1054,cell,,8,82,1.9135106236677394e-18,0.03125,1.28125,0
1055,cell,,8,83,1.9135106236677394e-18,0.03125,1.296875,0
1056,cell,,8,84,1.9135106236677394e-18,0.03125,1.3125,0
1057,cell,,8,85,1.9135106236677394e-18,0.03125,1.328125,0
1058,cell,,8,86,1.9135106236677394e-18,0.03125,1.34375,1
1059,cell,,8,87,1.9135106236677394e-18,0.03125,1.359375,1
1060,cell,,8,88,1.9135106236677394e-18,0.03125,1.375,0
1061,cell,,8,89,1.9135106236677394e-18,0.03125,1.390625,1
1062,cell,,8,90,1.9135106236677394e-18,0.03125,1.40625,0
1063,cell,,8,91,1.9135106236677394e-18,0.03125,1.421875,0
1064,cell,,8,92,1.9135106236677394e-18,0.03125,1.4375,0
1065,cell,,8,93,1.9135106236677394e-18,0.03125,1.453125,1
1066,cell,,8,94,1.9135106236677394e-18,0.03125,1.46875,0
1067,cell,,8,95,1.9135106236677394e-18,0.03125,1.484375,0
1068,cell,,8,96,1.9135106236677394e-18,0.03125,1.5,1
1069,cell,,8,97,1.9135106236677394e-18,0.03125,1.515625,0
1070,cell,,8,98,1.9135106236677394e-18,0.03125,1.53125,0
1071,cell,,8,99,1.9135106236677394e-18,0.03125,1.546875,0
1072,cell,,8,100,1.9135106236677394e-18,0.03125,1.5625,1
1073,cell,,8,101,1.9135106236677394e-18,0.03125,1.578125,1
1074,cell,,8,102,1.9135106236677394e-18,0.03125,1.59375,1
1075,cell,,8,103,1.9135106236677394e-18,0.03125,1.609375,0
1076,cell,,8,104,1.9135106236677394e-18,0.03125,1.625,1
1077,cell,,8,105,1.9135106236677394e-18,0.03125,1.640625,1
1078,cell,,8,106,1.9135106236677394e-18,0.03125,1.65625,0
1079,cell,,8,107,1.9135106236677394e-18,0.03125,1.671875,1
1080,cell,,8,108,1.9135106236677394e-18,0.03125,1.6875,1
1081,cell,,8,109,1.9135106236677394e-18,0.03125,1.703125,1
1082,cell,,8,110,1.9135106236677394e-18,0.03125,1.71875,1
1083,cell,,8,111,1.9135106236677394e-18,0.03125,1.734375,0
1084,cell,,8,112,1.9135106236677394e-18,0.03125,1.75,1
1085,cell,,8,113,1.9135106236677394e-18,0.03125,1.765625,1
1086,cell,,8,114,1.9135106236677394e-18,0.03125,1.78125,1
1087,cell,,8,115,1.9135106236677394e-18,0.03125,1.796875,0
1088,cell,,8,116,1.9135106236677394e-18,0.03125,1.8125,1
1089,cell,,8,117,1.9135106236677394e-18,0.03125,1.828125,0
1090,cell,,9,0,-0.006096572563004006,0.03064954001260095,0.0,1
1091,cell,,9,1,-0.006096572563004006,0.03064954001260095,0.015625,0
1092,cell,,9,2,-0.006096572563004006,0.03064954001260095,0.03125,1
1093,cell,,9,3,-0.006096572563004006,0.03064954001260095,0.046875,1
1094,cell,,9,4,-0.006096572563004006,0.03064954001260095,0.0625,1
1095,cell,,9,5,-0.006096572563004006,0.03064954001260095,0.078125,0
1096,cell,,9,6,-0.006096572563004006,0.03064954001260095,0.09375,1
1097,cell,,9,7,-0.006096572563004006,0.03064954001260095,0.109375,1
1098,cell,,9,8,-0.006096572563004006,0.03064954001260095,0.125,0
1099,cell,,9,9,-0.006096572563004006,0.03064954001260095,0.140625,0
1100,cell,,9,10,-0.006096572563004006,0.03064954001260095,0.15625,0
1101,cell,,9,11,-0.006096572563004006,0.03064954001260095,0.171875,0
1102,cell,,9,12,-0.006096572563004006,0.03064954001260095,0.1875,0
1103,cell,,9,13,-0.006096572563004006,0.03064954001260095,0.203125,0
1104,cell,,9,14,-0.006096572563004006,0.03064954001260095,0.21875,0
1105,cell,,9,15,-0.006096572563004006,0.03064954001260095,0.234375,0
1106,cell,,9,16,-0.006096572563004006,0.03064954001260095,0.25,0
1107,cell,,9,17,-0.006096572563004006,0.03064954001260095,0.265625,0
1108,cell,,9,18,-0.006096572563004006,0.03064954001260095,0.28125,0
1109,cell,,9,19,-0.006096572563004006,0.03064954001260095,0.296875,0
1110,cell,,9,20,-0.006096572563004006,0.03064954001260095,0.3125,0
1111,cell,,9,21,-0.006096572563004006,0.03064954001260095,0.328125,0
1112,cell,,9,22,-0.006096572563004006,0.03064954001260095,0.34375,0
1113,cell,,9,23,-0.006096572563004006,0.03064954001260095,0.359375,0
1114,cell,,9,24,-0.006096572563004006,0.03064954001260095,0.375,0
1115,cell,,9,25,-0.006096572563004006,0.03064954001260095,0.390625,0
1116,cell,,9,26,-0.006096572563004006,0.03064954001260095,0.40625,0
1117,cell,,9,27,-0.006096572563004006,0.03064954001260095,0.421875,0
1118,cell,,9,28,-0.006096572563004006,0.03064954001260095,0.4375,0
1119,cell,,9,29,-0.006096572563004006,0.03064954001260095,0.453125,0
1120,cell,,9,30,-0.006096572563004006,0.03064954001260095,0.46875,0
1121,cell,,9,31,-0.006096572563004006,0.03064954001260095,0.484375,0
1122,cell,,9,32,-0.006096572563004006,0.03064954001260095,0.5,0
1123,cell,,9,33,-0.006096572563004006,0.03064954001260095,0.515625,1
1124,cell,,9,34,-0.006096572563004006,0.03064954001260095,0.53125,0
1125,cell,,9,35,-0.006096572563004006,0.03064954001260095,0.546875,1
1126,cell,,9,36,-0.006096572563004006,0.03064954001260095,0.5625,0
1127,cell,,9,37,-0.006096572563004006,0.03064954001260095,0.578125,1
1128,cell,,9,38,-0.006096572563004006,0.03064954001260095,0.59375,0
1129,cell,,9,39,-0.006096572563004006,0.03064954001260095,0.609375,0
1130,cell,,9,40,-0.006096572563004006,0.03064954001260095,0.625,1
1131,cell,,9,41,-0.006096572563004006,0.03064954001260095,0.640625,0
1132,cell,,9,42,-0.006096572563004006,0.03064954001260095,0.65625,0
1133,cell,,9,43,-0.006096572563004006,0.03064954001260095,0.671875,0
1134,cell,,9,44,-0.006096572563004006,0.03064954001260095,0.6875,0
1135,cell,,9,45,-0.006096572563004006,0.03064954001260095,0.703125,0
1136,cell,,9,46,-0.006096572563004006,0.03064954001260095,0.71875,0
1137,cell,,9,47,-0.006096572563004006,0.03064954001260095,0.734375,0
1138,cell,,9,48,-0.006096572563004006,0.03064954001260095,0.75,0
1139,cell,,9,49,-0.006096572563004006,0.03064954001260095,0.765625,0
1140,cell,,9,50,-0.006096572563004006,0.03064954001260095,0.78125,0
1141,cell,,9,51,-0.006096572563004006,0.03064954001260095,0.796875,0
1142,cell,,9,52,-0.006096572563004006,0.03064954001260095,0.8125,0
1143,cell,,9,53,-0.006096572563004006,0.03064954001260095,0.828125,0
1144,cell,,9,54,-0.006096572563004006,0.03064954001260095,0.84375,0
1145,cell,,9,55,-0.006096572563004006,0.03064954001260095,0.859375,0
1146,cell,,9,56,-0.006096572563004006,0.03064954001260095,0.875,0
1147,cell,,9,57,-0.006096572563004006,0.03064954001260095,0.890625,0
1148,cell,,9,58,-0.006096572563004006,0.03064954001260095,0.90625,0
1149,cell,,9,59,-0.006096572563004006,0.03064954001260095,0.921875,0
1150,cell,,9,60,-0.006096572563004006,0.03064954001260095,0.9375,0
1151,cell,,9,61,-0.006096572563004006,0.03064954001260095,0.953125,0
1152,cell,,9,62,-0.006096572563004006,0.03064954001260095,0.96875,0
1153,cell,,9,63,-0.006096572563004006,0.03064954001260095,0.984375,0
1154,cell,,9,64,-0.006096572563004006,0.03064954001260095,1.0,0
1155,cell,,9,65,-0.006096572563004006,0.03064954001260095,1.015625,0
1156,cell,,9,66,-0.006096572563004006,0.03064954001260095,1.03125,1
1157,cell,,9,67,-0.006096572563004006,0.03064954001260095,1.046875,0
1158,cell,,9,68,-0.006096572563004006,0.03064954001260095,1.0625,1
1159,cell,,9,69,-0.006096572563004006,0.03064954001260095,1.078125,0
1160,cell,,9,70,-0.006096572563004006,0.03064954001260095,1.09375,1
1161,cell,,9,71,-0.006096572563004006,0.03064954001260095,1.109375,0
1162,cell,,9,72,-0.006096572563004006,0.03064954001260095,1.125,1
1163,cell,,9,73,-0.006096572563004006,0.03064954001260095,1.140625,0
1164,cell,,9,74,-0.006096572563004006,0.03064954001260095,1.15625,1
1165,cell,,9,75,-0.006096572563004006,0.03064954001260095,1.171875,0
1166,cell,,9,76,-0.006096572563004006,0.03064954001260095,1.1875,1
1167,cell,,9,77,-0.006096572563004006,0.03064954001260095,1.203125,1
1168,cell,,9,78,-0.006096572563004006,0.03064954001260095,1.21875,0
1169,cell,,9,79,-0.006096572563004006,0.03064954001260095,1.234375,1
1170,cell,,9,80,-0.006096572563004006,0.03064954001260095,1.25,0
1171,cell,,9,81,-0.006096572563004006,0.03064954001260095,1.265625,1
1172,cell,,9,82,-0.006096572563004006,0.03064954001260095,1.28125,1
1173,cell,,9,83,-0.006096572563004006,0.03064954001260095,1.296875,1
1174,cell,,9,84,-0.006096572563004006,0.03064954001260095,1.3125,1
1175,cell,,9,85,-0.006096572563004006,0.03064954001260095,1.328125,0
1176,cell,,9,86,-0.006096572563004006,0.03064954001260095,1.34375,1
1177,cell,,9,87,-0.006096572563004006,0.03064954001260095,1.359375,1
1178,cell,,9,88,-0.006096572563004006,0.03064954001260095,1.375,0
1179,cell,,9,89,-0.006096572563004006,0.03064954001260095,1.390625,1
1180,cell,,9,90,-0.006096572563004006,0.03064954001260095,1.40625,1
1181,cell,,9,91,-0.006096572563004006,0.03064954001260095,1.421875,0
1182,cell,,9,92,-0.006096572563004006,0.03064954001260095,1.4375,0
1183,cell,,9,93,-0.006096572563004006,0.03064954001260095,1.453125,1
1184,cell,,9,94,-0.006096572563004006,0.03064954001260095,1.46875,0
1185,cell,,9,95,-0.006096572563004006,0.03064954001260095,1.484375,0
1186,cell,,9,96,-0.006096572563004006,0.03064954001260095,1.5,1
1187,cell,,9,97,-0.006096572563004006,0.03064954001260095,1.515625,0
1188,cell,,9,98,-0.006096572563004006,0.03064954001260095,1.53125,0
1189,cell,,9,99,-0.006096572563004006,0.03064954001260095,1.546875,1
1190,cell,,9,100,-0.006096572563004006,0.03064954001260095,1.5625,1
1191,cell,,9,101,-0.006096572563004006,0.03064954001260095,1.578125,1
1192,cell,,9,102,-0.006096572563004006,0.03064954001260095,1.59375,1
1193,cell,,9,103,-0.006096572563004006,0.03064954001260095,1.609375,0
1194,cell,,9,104,-0.006096572563004006,0.03064954001260095,1.625,1
1195,cell,,9,105,-0.006096572563004006,0.03064954001260095,1.640625,1
1196,cell,,9,106,-0.006096572563004006,0.03064954001260095,1.65625,1
1197,cell,,9,107,-0.006096572563004006,0.03064954001260095,1.671875,1
1198,cell,,9,108,-0.006096572563004006,0.03064954001260095,1.6875,0
1199,cell,,9,109,-0.006096572563004006,0.03064954001260095,1.703125,0
1200,cell,,9,110,-0.006096572563004006,0.03064954001260095,1.71875,0
1201,cell,,9,111,-0.006096572563004006,0.03064954001260095,1.734375,0
1202,cell,,9,112,-0.006096572563004006,0.03064954001260095,1.75,0
1203,cell,,9,113,-0.006096572563004006,0.03064954001260095,1.765625,0
1204,cell,,9,114,-0.006096572563004006,0.03064954001260095,1.78125,1
1205,cell,,9,115,-0.006096572563004006,0.03064954001260095,1.796875,1
1206,cell,,9,116,-0.006096572563004006,0.03064954001260095,1.8125,1
1207,cell,,9,117,-0.006096572563004006,0.03064954001260095,1.828125,0
1208,cell,,10,0,-0.011958857261409054,0.02887123539097771,0.0,1
1209,cell,,10,1,-0.011958857261409054,0.02887123539097771,0.015625,1
1210,cell,,10,2,-0.011958857261409054,0.02887123539097771,0.03125,1
1211,cell,,10,3,-0.011958857261409054,0.02887123539097771,0.046875,1
1212,cell,,10,4,-0.011958857261409054,0.02887123539097771,0.0625,1
1213,cell,,10,5,-0.011958857261409054,0.02887123539097771,0.078125,0
1214,cell,,10,6,-0.011958857261409054,0.02887123539097771,0.09375,1
1215,cell,,10,7,-0.011958857261409054,0.02887123539097771,0.109375,1
1216,cell,,10,8,-0.011958857261409054,0.02887123539097771,0.125,0
1217,cell,,10,9,-0.011958857261409054,0.02887123539097771,0.140625,0
1218,cell,,10,10,-0.011958857261409054,0.02887123539097771,0.15625,0
1219,cell,,10,11,-0.011958857261409054,0.02887123539097771,0.171875,0
1220,cell,,10,12,-0.011958857261409054,0.02887123539097771,0.1875,0
1221,cell,,10,13,-0.011958857261409054,0.02887123539097771,0.203125,0
1222,cell,,10,14,-0.011958857261409054,0.02887123539097771,0.21875,0
1223,cell,,10,15,-0.011958857261409054,0.02887123539097771,0.234375,0
1224,cell,,10,16,-0.011958857261409054,0.02887123539097771,0.25,0
1225,cell,,10,17,-0.011958857261409054,0.02887123539097771,0.265625,0
1226,cell,,10,18,-0.011958857261409054,0.02887123539097771,0.28125,0
1227,cell,,10,19,-0.011958857261409054,0.02887123539097771,0.296875,0
1228,cell,,10,20,-0.011958857261409054,0.02887123539097771,0.3125,0
1229,cell,,10,21,-0.011958857261409054,0.02887123539097771,0.328125,0
1230,cell,,10,22,-0.011958857261409054,0.02887123539097771,0.34375,0
1231,cell,,10,23,-0.011958857261409054,0.02887123539097771,0.359375,0
1232,cell,,10,24,-0.011958857261409054,0.02887123539097771,0.375,0
1233,cell,,10,25,-0.011958857261409054,0.02887123539097771,0.390625,0
1234,cell,,10,26,-0.011958857261409054,0.02887123539097771,0.40625,0
1235,cell,,10,27,-0.011958857261409054,0.02887123539097771,0.421875,0
1236,cell,,10,28,-0.011958857261409054,0.02887123539097771,0.4375,0
1237,cell,,10,29,-0.011958857261409054,0.02887123539097771,0.453125,0
1238,cell,,10,30,-0.011958857261409054,0.02887123539097771,0.46875,0
1239,cell,,10,31,-0.011958857261409054,0.02887123539097771,0.484375,0
1240,cell,,10,32,-0.011958857261409054,0.02887123539097771,0.5,0
1241,cell,,10,33,-0.011958857261409054,0.02887123539097771,0.515625,0
1242,cell,,10,34,-0.011958857261409054,0.02887123539097771,0.53125,0
1243,cell,,10,35,-0.011958857261409054,0.02887123539097771,0.546875,1
1244,cell,,10,36,-0.011958857261409054,0.02887123539097771,0.5625,0
1245,cell,,10,37,-0.011958857261409054,0.02887123539097771,0.578125,1
1246,cell,,10,38,-0.011958857261409054,0.02887123539097771,0.59375,0
1247,cell,,10,39,-0.011958857261409054,0.02887123539097771,0.609375,0
1248,cell,,10,40,-0.011958857261409054,0.02887123539097771,0.625,1
1249,cell,,10,41,-0.011958857261409054,0.02887123539097771,0.640625,0
1250,cell,,10,42,-0.011958857261409054,0.02887123539097771,0.65625,0
1251,cell,,10,43,-0.011958857261409054,0.02887123539097771,0.671875,0
1252,cell,,10,44,-0.011958857261409054,0.02887123539097771,0.6875,0
1253,cell,,10,45,-0.011958857261409054,0.02887123539097771,0.703125,0
1254,cell,,10,46,-0.011958857261409054,0.02887123539097771,0.71875,0
1255,cell,,10,47,-0.011958857261409054,0.02887123539097771,0.734375,0
1256,cell,,10,48,-0.011958857261409054,0.02887123539097771,0.75,0
1257,cell,,10,49,-0.011958857261409054,0.02887123539097771,0.765625,0
1258,cell,,10,50,-0.011958857261409054,0.02887123539097771,0.78125,0
1259,cell,,10,51,-0.011958857261409054,0.02887123539097771,0.796875,0
1260,cell,,10,52,-0.011958857261409054,0.02887123539097771,0.8125,0
1261,cell,,10,53,-0.011958857261409054,0.02887123539097771,0.828125,0
1262,cell,,10,54,-0.011958857261409054,0.02887123539097771,0.84375,0
1263,cell,,10,55,-0.011958857261409054,0.02887123539097771,0.859375,0
1264,cell,,10,56,-0.011958857261409054,0.02887123539097771,0.875,0
1265,cell,,10,57,-0.011958857261409054,0.02887123539097771,0.890625,0
1266,cell,,10,58,-0.011958857261409054,0.02887123539097771,0.90625,0
1267,cell,,10,59,-0.011958857261409054,0.02887123539097771,0.921875,0
1268,cell,,10,60,-0.011958857261409054,0.02887123539097771,0.9375,0
1269,cell,,10,61,-0.011958857261409054,0.02887123539097771,0.953125,0
1270,cell,,10,62,-0.011958857261409054,0.02887123539097771,0.96875,0
1271,cell,,10,63,-0.011958857261409054,0.02887123539097771,0.984375,0
1272,cell,,10,64,-0.011958857261409054,0.02887123539097771,1.0,0
1273,cell,,10,65,-0.011958857261409054,0.02887123539097771,1.015625,0
1274,cell,,10,66,-0.011958857261409054,0.02887123539097771,1.03125,0
1275,cell,,10,67,-0.011958857261409054,0.02887123539097771,1.046875,0
1276,cell,,10,68,-0.011958857261409054,0.02887123539097771,1.0625,0
1277,cell,,10,69,-0.011958857261409054,0.02887123539097771,1.078125,1
1278,cell,,10,70,-0.011958857261409054,0.02887123539097771,1.09375,1
1279,cell,,10,71,-0.011958857261409054,0.02887123539097771,1.109375,0
1280,cell,,10,72,-0.011958857261409054,0.02887123539097771,1.125,0
1281,cell,,10,73,-0.011958857261409054,0.02887123539097771,1.140625,1
1282,cell,,10,74,-0.011958857261409054,0.02887123539097771,1.15625,1
1283,cell,,10,75,-0.011958857261409054,0.02887123539097771,1.171875,0
1284,cell,,10,76,-0.011958857261409054,0.02887123539097771,1.1875,1
1285,cell,,10,77,-0.011958857261409054,0.02887123539097771,1.203125,1
1286,cell,,10,78,-0.011958857261409054,0.02887123539097771,1.21875,0
1287,cell,,10,79,-0.011958857261409054,0.02887123539097771,1.234375,1
1288,cell,,10,80,-0.011958857261409054,0.02887123539097771,1.25,0
1289,cell,,10,81,-0.011958857261409054,0.02887123539097771,1.265625,1
1290,cell,,10,82,-0.011958857261409054,0.02887123539097771,1.28125,0
1291,cell,,10,83,-0.011958857261409054,0.02887123539097771,1.296875,0
1292,cell,,10,84,-0.011958857261409054,0.02887123539097771,1.3125,0
1293,cell,,10,85,-0.011958857261409054,0.02887123539097771,1.328125,1
1294,cell,,10,86,-0.011958857261409054,0.02887123539097771,1.34375,1
1295,cell,,10,87,-0.011958857261409054,0.02887123539097771,1.359375,1
1296,cell,,10,88,-0.011958857261409054,0.02887123539097771,1.375,0
1297,cell,,10,89,-0.011958857261409054,0.02887123539097771,1.390625,1
1298,cell,,10,90,-0.011958857261409054,0.02887123539097771,1.40625,0
1299,cell,,10,91,-0.011958857261409054,0.02887123539097771,1.421875,1
1300,cell,,10,92,-0.011958857261409054,0.02887123539097771,1.4375,0
1301,cell,,10,93,-0.011958857261409054,0.02887123539097771,1.453125,1
1302,cell,,10,94,-0.011958857261409054,0.02887123539097771,1.46875,0
1303,cell,,10,95,-0.011958857261409054,0.02887123539097771,1.484375,0
1304,cell,,10,96,-0.011958857261409054,0.02887123539097771,1.5,1
1305,cell,,10,97,-0.011958857261409054,0.02887123539097771,1.515625,0
1306,cell,,10,98,-0.011958857261409054,0.02887123539097771,1.53125,1
1307,cell,,10,99,-0.011958857261409054,0.02887123539097771,1.546875,0
1308,cell,,10,100,-0.011958857261409054,0.02887123539097771,1.5625,1
1309,cell,,10,101,-0.011958857261409054,0.02887123539097771,1.578125,1
1310,cell,,10,102,-0.011958857261409054,0.02887123539097771,1.59375,0
1311,cell,,10,103,-0.011958857261409054,0.02887123539097771,1.609375,0
1312,cell,,10,104,-0.011958857261409054,0.02887123539097771,1.625,1
1313,cell,,10,105,-0.011958857261409054,0.02887123539097771,1.640625,0
1314,cell,,10,106,-0.011958857261409054,0.02887123539097771,1.65625,0
1315,cell,,10,107,-0.011958857261409054,0.02887123539097771,1.671875,0
1316,cell,,10,108,-0.011958857261409054,0.02887123539097771,1.6875,1
1317,cell,,10,109,-0.011958857261409054,0.02887123539097771,1.703125,1
1318,cell,,10,110,-0.011958857261409054,0.02887123539097771,1.71875,0
1319,cell,,10,111,-0.011958857261409054,0.02887123539097771,1.734375,0
1320,cell,,10,112,-0.011958857261409054,0.02887123539097771,1.75,0
1321,cell,,10,113,-0.011958857261409054,0.02887123539097771,1.765625,0
1322,cell,,10,114,-0.011958857261409054,0.02887123539097771,1.78125,1
1323,cell,,10,115,-0.011958857261409054,0.02887123539097771,1.796875,1
1324,cell,,10,116,-0.011958857261409054,0.02887123539097771,1.8125,1
1325,cell,,10,117,-0.011958857261409054,0.02887123539097771,1.828125,0
1326,cell,,11,0,-0.01736156978186256,0.025983425384454546,0.0,0
1327,cell,,11,1,-0.01736156978186256,0.025983425384454546,0.015625,0
1328,cell,,11,2,-0.01736156978186256,0.025983425384454546,0.03125,0
1329,cell,,11,3,-0.01736156978186256,0.025983425384454546,0.046875,1
1330,cell,,11,4,-0.01736156978186256,0.025983425384454546,0.0625,1
1331,cell,,11,5,-0.01736156978186256,0.025983425384454546,0.078125,0
1332,cell,,11,6,-0.01736156978186256,0.025983425384454546,0.09375,1
1333,cell,,11,7,-0.01736156978186256,0.025983425384454546,0.109375,1
1334,cell,,11,8,-0.01736156978186256,0.025983425384454546,0.125,0
1335,cell,,11,9,-0.01736156978186256,0.025983425384454546,0.140625,0
1336,cell,,11,10,-0.01736156978186256,0.025983425384454546,0.15625,0
1337,cell,,11,11,-0.01736156978186256,0.025983425384454546,0.171875,0
1338,cell,,11,12,-0.01736156978186256,0.025983425384454546,0.1875,0
1339,cell,,11,13,-0.01736156978186256,0.025983425384454546,0.203125,0
1340,cell,,11,14,-0.01736156978186256,0.025983425384454546,0.21875,0
1341,cell,,11,15,-0.01736156978186256,0.025983425384454546,0.234375,0
1342,cell,,11,16,-0.01736156978186256,0.025983425384454546,0.25,0
1343,cell,,11,17,-0.01736156978186256,0.025983425384454546,0.265625,0
1344,cell,,11,18,-0.01736156978186256,0.025983425384454546,0.28125,0
1345,cell,,11,19,-0.01736156978186256,0.025983425384454546,0.296875,0
1346,cell,,11,20,-0.01736156978186256,0.025983425384454546,0.3125,0
1347,cell,,11,21,-0.01736156978186256,0.025983425384454546,0.328125,0
1348,cell,,11,22,-0.01736156978186256,0.025983425384454546,0.34375,0
1349,cell,,11,23,-0.01736156978186256,0.025983425384454546,0.359375,0
1350,cell,,11,24,-0.01736156978186256,0.025983425384454546,0.375,0
1351,cell,,11,25,-0.01736156978186256,0.025983425384454546,0.390625,0
1352,cell,,11,26,-0.01736156978186256,0.025983425384454546,0.40625,0
1353,cell,,11,27,-0.01736156978186256,0.025983425384454546,0.421875,0
1354,cell,,11,28,-0.01736156978186256,0.025983425384454546,0.4375,0
1355,cell,,11,29,-0.01736156978186256,0.025983425384454546,0.453125,0
1356,cell,,11,30,-0.01736156978186256,0.025983425384454546,0.46875,0
1357,cell,,11,31,-0.01736156978186256,0.025983425384454546,0.484375,0
1358,cell,,11,32,-0.01736156978186256,0.025983425384454546,0.5,0
1359,cell,,11,33,-0.01736156978186256,0.025983425384454546,0.515625,0
1360,cell,,11,34,-0.01736156978186256,0.025983425384454546,0.53125,0
1361,cell,,11,35,-0.01736156978186256,0.025983425384454546,0.546875,0
1362,cell,,11,36,-0.01736156978186256,0.025983425384454546,0.5625,0
1363,cell,,11,37,-0.01736156978186256,0.025983425384454546,0.578125,1
1364,cell,,11,38,-0.01736156978186256,0.025983425384454546,0.59375,0
1365,cell,,11,39,-0.01736156978186256,0.025983425384454546,0.609375,0
1366,cell,,11,40,-0.01736156978186256,0.025983425384454546,0.625,1
1367,cell,,11,41,-0.01736156978186256,0.025983425384454546,0.640625,0
1368,cell,,11,42,-0.01736156978186256,0.025983425384454546,0.65625,0
1369,cell,,11,43,-0.01736156978186256,0.025983425384454546,0.671875,0
1370,cell,,11,44,-0.01736156978186256,0.025983425384454546,0.6875,0
1371,cell,,11,45,-0.01736156978186256,0.025983425384454546,0.703125,0
1372,cell,,11,46,-0.01736156978186256,0.025983425384454546,0.71875,0
1373,cell,,11,47,-0.01736156978186256,0.025983425384454546,0.734375,0
1374,cell,,11,48,-0.01736156978186256,0.025983425384454546,0.75,0
1375,cell,,11,49,-0.01736156978186256,0.025983425384454546,0.765625,0
1376,cell,,11,50,-0.01736156978186256,0.025983425384454546,0.78125,0
1377,cell,,11,51,-0.01736156978186256,0.025983425384454546,0.796875,0
1378,cell,,11,52,-0.01736156978186256,0.025983425384454546,0.8125,0
1379,cell,,11,53,-0.01736156978186256,0.025983425384454546,0.828125,0
1380,cell,,11,54,-0.01736156978186256,0.025983425384454546,0.84375,0
1381,cell,,11,55,-0.01736156978186256,0.025983425384454546,0.859375,0
1382,cell,,11,56,-0.01736156978186256,0.025983425384454546,0.875,0
1383,cell,,11,57,-0.01736156978186256,0.025983425384454546,0.890625,0
1384,cell,,11,58,-0.01736156978186256,0.025983425384454546,0.90625,0
1385,cell,,11,59,-0.01736156978186256,0.025983425384454546,0.921875,0
1386,cell,,11,60,-0.01736156978186256,0.025983425384454546,0.9375,0
1387,cell,,11,61,-0.01736156978186256,0.025983425384454546,0.953125,0
1388,cell,,11,62,-0.01736156978186256,0.025983425384454546,0.96875,0
1389,cell,,11,63,-0.01736156978186256,0.025983425384454546,0.984375,0
1390,cell,,11,64,-0.01736156978186256,0.025983425384454546,1.0,0
1391,cell,,11,65,-0.01736156978186256,0.025983425384454546,1.015625,0
1392,cell,,11,66,-0.01736156978186256,0.025983425384454546,1.03125,1
1393,cell,,11,67,-0.01736156978186256,0.025983425384454546,1.046875,0
1394,cell,,11,68,-0.01736156978186256,0.025983425384454546,1.0625,0
1395,cell,,11,69,-0.01736156978186256,0.025983425384454546,1.078125,0
1396,cell,,11,70,-0.01736156978186256,0.025983425384454546,1.09375,1
1397,cell,,11,71,-0.01736156978186256,0.025983425384454546,1.109375,0
1398,cell,,11,72,-0.01736156978186256,0.025983425384454546,1.125,1
1399,cell,,11,73,-0.01736156978186256,0.025983425384454546,1.140625,1
1400,cell,,11,74,-0.01736156978186256,0.025983425384454546,1.15625,0
1401,cell,,11,75,-0.01736156978186256,0.025983425384454546,1.171875,0
1402,cell,,11,76,-0.01736156978186256,0.025983425384454546,1.1875,1
1403,cell,,11,77,-0.01736156978186256,0.025983425384454546,1.203125,1
1404,cell,,11,78,-0.01736156978186256,0.025983425384454546,1.21875,0
1405,cell,,11,79,-0.01736156978186256,0.025983425384454546,1.234375,1
1406,cell,,11,80,-0.01736156978186256,0.025983425384454546,1.25,0
1407,cell,,11,81,-0.01736156978186256,0.025983425384454546,1.265625,0
1408,cell,,11,82,-0.01736156978186256,0.025983425384454546,1.28125,1
1409,cell,,11,83,-0.01736156978186256,0.025983425384454546,1.296875,1
1410,cell,,11,84,-0.01736156978186256,0.025983425384454546,1.3125,1
1411,cell,,11,85,-0.01736156978186256,0.025983425384454546,1.328125,0
1412,cell,,11,86,-0.01736156978186256,0.025983425384454546,1.34375,0
1413,cell,,11,87,-0.01736156978186256,0.025983425384454546,1.359375,1
1414,cell,,11,88,-0.01736156978186256,0.025983425384454546,1.375,0
1415,cell,,11,89,-0.01736156978186256,0.025983425384454546,1.390625,0
1416,cell,,11,90,-0.01736156978186256,0.025983425384454546,1.40625,0
1417,cell,,11,91,-0.01736156978186256,0.025983425384454546,1.421875,0
1418,cell,,11,92,-0.01736156978186256,0.025983425384454546,1.4375,1
1419,cell,,11,93,-0.01736156978186256,0.025983425384454546,1.453125,1
1420,cell,,11,94,-0.01736156978186256,0.025983425384454546,1.46875,0
1421,cell,,11,95,-0.01736156978186256,0.025983425384454546,1.484375,0
1422,cell,,11,96,-0.01736156978186256,0.025983425384454546,1.5,1
1423,cell,,11,97,-0.01736156978186256,0.025983425384454546,1.515625,0
1424,cell,,11,98,-0.01736156978186256,0.025983425384454546,1.53125,0
1425,cell,,11,99,-0.01736156978186256,0.025983425384454546,1.546875,0
1426,cell,,11,100,-0.01736156978186256,0.025983425384454546,1.5625,0
1427,cell,,11,101,-0.01736156978186256,0.025983425384454546,1.578125,1
1428,cell,,11,102,-0.01736156978186256,0.025983425384454546,1.59375,0
1429,cell,,11,103,-0.01736156978186256,0.025983425384454546,1.609375,1
1430,cell,,11,104,-0.01736156978186256,0.025983425384454546,1.625,0
1431,cell,,11,105,-0.01736156978186256,0.025983425384454546,1.640625,0
1432,cell,,11,106,-0.01736156978186256,0.025983425384454546,1.65625,0
1433,cell,,11,107,-0.01736156978186256,0.025983425384454546,1.671875,0
1434,cell,,11,108,-0.01736156978186256,0.025983425384454546,1.6875,0
1435,cell,,11,109,-0.01736156978186256,0.025983425384454546,1.703125,0
1436,cell,,11,110,-0.01736156978186256,0.025983425384454546,1.71875,1
1437,cell,,11,111,-0.01736156978186256,0.025983425384454546,1.734375,1
1438,cell,,11,112,-0.01736156978186256,0.025983425384454546,1.75,0
1439,cell,,11,113,-0.01736156978186256,0.025983425384454546,1.765625,0
1440,cell,,11,114,-0.01736156978186256,0.025983425384454546,1.78125,1
1441,cell,,11,115,-0.01736156978186256,0.025983425384454546,1.796875,1
1442,cell,,11,116,-0.01736156978186256,0.025983425384454546,1.8125,1
1443,cell,,11,117,-0.01736156978186256,0.025983425384454546,1.828125,0
1444,cell,,12,0,-0.022097086912079608,0.02209708691207961,0.0,0
1445,cell,,12,1,-0.022097086912079608,0.02209708691207961,0.015625,0
1446,cell,,12,2,-0.022097086912079608,0.02209708691207961,0.03125,0
1447,cell,,12,3,-0.022097086912079608,0.02209708691207961,0.046875,0
1448,cell,,12,4,-0.022097086912079608,0.02209708691207961,0.0625,1
1449,cell,,12,5,-0.022097086912079608,0.02209708691207961,0.078125,0
1450,cell,,12,6,-0.022097086912079608,0.02209708691207961,0.09375,1
1451,cell,,12,7,-0.022097086912079608,0.02209708691207961,0.109375,1
1452,cell,,12,8,-0.022097086912079608,0.02209708691207961,0.125,0
1453,cell,,12,9,-0.022097086912079608,0.02209708691207961,0.140625,0
1454,cell,,12,10,-0.022097086912079608,0.02209708691207961,0.15625,0
1455,cell,,12,11,-0.022097086912079608,0.02209708691207961,0.171875,0
1456,cell,,12,12,-0.022097086912079608,0.02209708691207961,0.1875,0
1457,cell,,12,13,-0.022097086912079608,0.02209708691207961,0.203125,0
1458,cell,,12,14,-0.022097086912079608,0.02209708691207961,0.21875,0
1459,cell,,12,15,-0.022097086912079608,0.02209708691207961,0.234375,0
1460,cell,,12,16,-0.022097086912079608,0.02209708691207961,0.25,0
1461,cell,,12,17,-0.022097086912079608,0.02209708691207961,0.265625,0
1462,cell,,12,18,-0.022097086912079608,0.02209708691207961,0.28125,0
1463,cell,,12,19,-0.022097086912079608,0.02209708691207961,0.296875,0
1464,cell,,12,20,-0.022097086912079608,0.02209708691207961,0.3125,0
1465,cell,,12,21,-0.022097086912079608,0.02209708691207961,0.328125,0
1466,cell,,12,22,-0.022097086912079608,0.02209708691207961,0.34375,0
1467,cell,,12,23,-0.022097086912079608,0.02209708691207961,0.359375,0
1468,cell,,12,24,-0.022097086912079608,0.02209708691207961,0.375,0
1469,cell,,12,25,-0.022097086912079608,0.02209708691207961,0.390625,0
1470,cell,,12,26,-0.022097086912079608,0.02209708691207961,0.40625,0
1471,cell,,12,27,-0.022097086912079608,0.02209708691207961,0.421875,0
1472,cell,,12,28,-0.022097086912079608,0.02209708691207961,0.4375,0
1473,cell,,12,29,-0.022097086912079608,0.02209708691207961,0.453125,0
1474,cell,,12,30,-0.022097086912079608,0.02209708691207961,0.46875,0
1475,cell,,12,31,-0.022097086912079608,0.02209708691207961,0.484375,0
1476,cell,,12,32,-0.022097086912079608,0.02209708691207961,0.5,1
1477,cell,,12,33,-0.022097086912079608,0.02209708691207961,0.515625,0
1478,cell,,12,34,-0.022097086912079608,0.02209708691207961,0.53125,1
1479,cell,,12,35,-0.022097086912079608,0.02209708691207961,0.546875,1
1480,cell,,12,36,-0.022097086912079608,0.02209708691207961,0.5625,1
1481,cell,,12,37,-0.022097086912079608,0.02209708691207961,0.578125,0
1482,cell,,12,38,-0.022097086912079608,0.02209708691207961,0.59375,0
1483,cell,,12,39,-0.022097086912079608,0.02209708691207961,0.609375,0
1484,cell,,12,40,-0.022097086912079608,0.02209708691207961,0.625,1
1485,cell,,12,41,-0.022097086912079608,0.02209708691207961,0.640625,0
1486,cell,,12,42,-0.022097086912079608,0.02209708691207961,0.65625,0
1487,cell,,12,43,-0.022097086912079608,0.02209708691207961,0.671875,0
1488,cell,,12,44,-0.022097086912079608,0.02209708691207961,0.6875,0
1489,cell,,12,45,-0.022097086912079608,0.02209708691207961,0.703125,0
1490,cell,,12,46,-0.022097086912079608,0.02209708691207961,0.71875,0
1491,cell,,12,47,-0.022097086912079608,0.02209708691207961,0.734375,0
1492,cell,,12,48,-0.022097086912079608,0.02209708691207961,0.75,0
1493,cell,,12,49,-0.022097086912079608,0.02209708691207961,0.765625,0
1494,cell,,12,50,-0.022097086912079608,0.02209708691207961,0.78125,0
1495,cell,,12,51,-0.022097086912079608,0.02209708691207961,0.796875,0
1496,cell,,12,52,-0.022097086912079608,0.02209708691207961,0.8125,0
1497,cell,,12,53,-0.022097086912079608,0.02209708691207961,0.828125,0
1498,cell,,12,54,-0.022097086912079608,0.02209708691207961,0.84375,0
1499,cell,,12,55,-0.022097086912079608,0.02209708691207961,0.859375,0
1500,cell,,12,56,-0.022097086912079608,0.02209708691207961,0.875,0
1501,cell,,12,57,-0.022097086912079608,0.02209708691207961,0.890625,0
1502,cell,,12,58,-0.022097086912079608,0.02209708691207961,0.90625,0
1503,cell,,12,59,-0.022097086912079608,0.02209708691207961,0.921875,0
1504,cell,,12,60,-0.022097086912079608,0.02209708691207961,0.9375,0
1505,cell,,12,61,-0.022097086912079608,0.02209708691207961,0.953125,0
1506,cell,,12,62,-0.022097086912079608,0.02209708691207961,0.96875,0
1507,cell,,12,63,-0.022097086912079608,0.02209708691207961,0.984375,0
1508,cell,,12,64,-0.022097086912079608,0.02209708691207961,1.0,0
1509,cell,,12,65,-0.022097086912079608,0.02209708691207961,1.015625,1
1510,cell,,12,66,-0.022097086912079608,0.02209708691207961,1.03125,0
1511,cell,,12,67,-0.022097086912079608,0.02209708691207961,1.046875,0
1512,cell,,12,68,-0.022097086912079608,0.02209708691207961,1.0625,0
1513,cell,,12,69,-0.022097086912079608,0.02209708691207961,1.078125,0
1514,cell,,12,70,-0.022097086912079608,0.02209708691207961,1.09375,1
1515,cell,,12,71,-0.022097086912079608,0.02209708691207961,1.109375,1
1516,cell,,12,72,-0.022097086912079608,0.02209708691207961,1.125,0
1517,cell,,12,73,-0.022097086912079608,0.02209708691207961,1.140625,1
1518,cell,,12,74,-0.022097086912079608,0.02209708691207961,1.15625,0
1519,cell,,12,75,-0.022097086912079608,0.02209708691207961,1.171875,0
1520,cell,,12,76,-0.022097086912079608,0.02209708691207961,1.1875,1
1521,cell,,12,77,-0.022097086912079608,0.02209708691207961,1.203125,1
1522,cell,,12,78,-0.022097086912079608,0.02209708691207961,1.21875,0
1523,cell,,12,79,-0.022097086912079608,0.02209708691207961,1.234375,1
1524,cell,,12,80,-0.022097086912079608,0.02209708691207961,1.25,0
1525,cell,,12,81,-0.022097086912079608,0.02209708691207961,1.265625,1
1526,cell,,12,82,-0.022097086912079608,0.02209708691207961,1.28125,0
1527,cell,,12,83,-0.022097086912079608,0.02209708691207961,1.296875,0
1528,cell,,12,84,-0.022097086912079608,0.02209708691207961,1.3125,1
1529,cell,,12,85,-0.022097086912079608,0.02209708691207961,1.328125,1
1530,cell,,12,86,-0.022097086912079608,0.02209708691207961,1.34375,1
1531,cell,,12,87,-0.022097086912079608,0.02209708691207961,1.359375,1
1532,cell,,12,88,-0.022097086912079608,0.02209708691207961,1.375,1
1533,cell,,12,89,-0.022097086912079608,0.02209708691207961,1.390625,0
1534,cell,,12,90,-0.022097086912079608,0.02209708691207961,1.40625,0
1535,cell,,12,91,-0.022097086912079608,0.02209708691207961,1.421875,0
1536,cell,,12,92,-0.022097086912079608,0.02209708691207961,1.4375,1
1537,cell,,12,93,-0.022097086912079608,0.02209708691207961,1.453125,1
1538,cell,,12,94,-0.022097086912079608,0.02209708691207961,1.46875,0
1539,cell,,12,95,-0.022097086912079608,0.02209708691207961,1.484375,0
1540,cell,,12,96,-0.022097086912079608,0.02209708691207961,1.5,1
1541,cell,,12,97,-0.022097086912079608,0.02209708691207961,1.515625,0
1542,cell,,12,98,-0.022097086912079608,0.02209708691207961,1.53125,1
1543,cell,,12,99,-0.022097086912079608,0.02209708691207961,1.546875,0
1544,cell,,12,100,-0.022097086912079608,0.02209708691207961,1.5625,0
1545,cell,,12,101,-0.022097086912079608,0.02209708691207961,1.578125,1
1546,cell,,12,102,-0.022097086912079608,0.02209708691207961,1.59375,0
1547,cell,,12,103,-0.022097086912079608,0.02209708691207961,1.609375,0
1548,cell,,12,104,-0.022097086912079608,0.02209708691207961,1.625,1
1549,cell,,12,105,-0.022097086912079608,0.02209708691207961,1.640625,0
1550,cell,,12,106,-0.022097086912079608,0.02209708691207961,1.65625,0
1551,cell,,12,107,-0.022097086912079608,0.02209708691207961,1.671875,0
1552,cell,,12,108,-0.022097086912079608,0.02209708691207961,1.6875,1
1553,cell,,12,109,-0.022097086912079608,0.02209708691207961,1.703125,1
1554,cell,,12,110,-0.022097086912079608,0.02209708691207961,1.71875,0
1555,cell,,12,111,-0.022097086912079608,0.02209708691207961,1.734375,1
1556,cell,,12,112,-0.022097086912079608,0.02209708691207961,1.75,1
1557,cell,,12,113,-0.022097086912079608,0.02209708691207961,1.765625,1
1558,cell,,12,114,-0.022097086912079608,0.02209708691207961,1.78125,1
1559,cell,,12,115,-0.022097086912079608,0.02209708691207961,1.796875,0
1560,cell,,12,116,-0.022097086912079608,0.02209708691207961,1.8125,1
1561,cell,,12,117,-0.022097086912079608,0.02209708691207961,1.828125,0
1562,cell,,13,0,-0.025983425384454542,0.017361569781862568,0.0,0
1563,cell,,13,1,-0.025983425384454542,0.017361569781862568,0.015625,0
1564,cell,,13,2,-0.025983425384454542,0.017361569781862568,0.03125,1
1565,cell,,13,3,-0.025983425384454542,0.017361569781862568,0.046875,0
1566,cell,,13,4,-0.025983425384454542,0.017361569781862568,0.0625,0
1567,cell,,13,5,-0.025983425384454542,0.017361569781862568,0.078125,0
1568,cell,,13,6,-0.025983425384454542,0.017361569781862568,0.09375,1
1569,cell,,13,7,-0.025983425384454542,0.017361569781862568,0.109375,1
1570,cell,,13,8,-0.025983425384454542,0.017361569781862568,0.125,0
1571,cell,,13,9,-0.025983425384454542,0.017361569781862568,0.140625,0
1572,cell,,13,10,-0.025983425384454542,0.017361569781862568,0.15625,0
1573,cell,,13,11,-0.025983425384454542,0.017361569781862568,0.171875,0
1574,cell,,13,12,-0.025983425384454542,0.017361569781862568,0.1875,0
1575,cell,,13,13,-0.025983425384454542,0.017361569781862568,0.203125,0
1576,cell,,13,14,-0.025983425384454542,0.017361569781862568,0.21875,0
1577,cell,,13,15,-0.025983425384454542,0.017361569781862568,0.234375,0
1578,cell,,13,16,-0.025983425384454542,0.017361569781862568,0.25,0
1579,cell,,13,17,-0.025983425384454542,0.017361569781862568,0.265625,0
1580,cell,,13,18,-0.025983425384454542,0.017361569781862568,0.28125,0
1581,cell,,13,19,-0.025983425384454542,0.017361569781862568,0.296875,0
1582,cell,,13,20,-0.025983425384454542,0.017361569781862568,0.3125,0
1583,cell,,13,21,-0.025983425384454542,0.017361569781862568,0.328125,0
1584,cell,,13,22,-0.025983425384454542,0.017361569781862568,0.34375,0
1585,cell,,13,23,-0.025983425384454542,0.017361569781862568,0.359375,0
1586,cell,,13,24,-0.025983425384454542,0.017361569781862568,0.375,0
1587,cell,,13,25,-0.025983425384454542,0.017361569781862568,0.390625,0
1588,cell,,13,26,-0.025983425384454542,0.017361569781862568,0.40625,0
1589,cell,,13,27,-0.025983425384454542,0.017361569781862568,0.421875,0
1590,cell,,13,28,-0.025983425384454542,0.017361569781862568,0.4375,0
1591,cell,,13,29,-0.025983425384454542,0.017361569781862568,0.453125,0
1592,cell,,13,30,-0.025983425384454542,0.017361569781862568,0.46875,0
1593,cell,,13,31,-0.025983425384454542,0.017361569781862568,0.484375,0
1594,cell,,13,32,-0.025983425384454542,0.017361569781862568,0.5,1
1595,cell,,13,33,-0.025983425384454542,0.017361569781862568,0.515625,0
1596,cell,,13,34,-0.025983425384454542,0.017361569781862568,0.53125,0
1597,cell,,13,35,-0.025983425384454542,0.017361569781862568,0.546875,0
1598,cell,,13,36,-0.025983425384454542,0.017361569781862568,0.5625,1
1599,cell,,13,37,-0.025983425384454542,0.017361569781862568,0.578125,0
1600,cell,,13,38,-0.025983425384454542,0.017361569781862568,0.59375,0
1601,cell,,13,39,-0.025983425384454542,0.017361569781862568,0.609375,0
1602,cell,,13,40,-0.025983425384454542,0.017361569781862568,0.625,1
1603,cell,,13,41,-0.025983425384454542,0.017361569781862568,0.640625,0
1604,cell,,13,42,-0.025983425384454542,0.017361569781862568,0.65625,0
1605,cell,,13,43,-0.025983425384454542,0.017361569781862568,0.671875,0
1606,cell,,13,44,-0.025983425384454542,0.017361569781862568,0.6875,0
1607,cell,,13,45,-0.025983425384454542,0.017361569781862568,0.703125,0
1608,cell,,13,46,-0.025983425384454542,0.017361569781862568,0.71875,0
1609,cell,,13,47,-0.025983425384454542,0.017361569781862568,0.734375,0
1610,cell,,13,48,-0.025983425384454542,0.017361569781862568,0.75,0
1611,cell,,13,49,-0.025983425384454542,0.017361569781862568,0.765625,0
1612,cell,,13,50,-0.025983425384454542,0.017361569781862568,0.78125,0
1613,cell,,13,51,-0.025983425384454542,0.017361569781862568,0.796875,0
1614,cell,,13,52,-0.025983425384454542,0.017361569781862568,0.8125,0
1615,cell,,13,53,-0.025983425384454542,0.017361569781862568,0.828125,0
1616,cell,,13,54,-0.025983425384454542,0.017361569781862568,0.84375,0
1617,cell,,13,55,-0.025983425384454542,0.017361569781862568,0.859375,0
1618,cell,,13,56,-0.025983425384454542,0.017361569781862568,0.875,0
1619,cell,,13,57,-0.025983425384454542,0.017361569781862568,0.890625,0
1620,cell,,13,58,-0.025983425384454542,0.017361569781862568,0.90625,0
1621,cell,,13,59,-0.025983425384454542,0.017361569781862568,0.921875,0
1622,cell,,13,60,-0.025983425384454542,0.017361569781862568,0.9375,0
1623,cell,,13,61,-0.025983425384454542,0.017361569781862568,0.953125,0
1624,cell,,13,62,-0.025983425384454542,0.017361569781862568,0.96875,0
1625,cell,,13,63,-0.025983425384454542,0.017361569781862568,0.984375,0
1626,cell,,13,64,-0.025983425384454542,0.017361569781862568,1.0,0
1627,cell,,13,65,-0.025983425384454542,0.017361569781862568,1.015625,1
1628,cell,,13,66,-0.025983425384454542,0.017361569781862568,1.03125,0
1629,cell,,13,67,-0.025983425384454542,0.017361569781862568,1.046875,1
1630,cell,,13,68,-0.025983425384454542,0.017361569781862568,1.0625,0
1631,cell,,13,69,-0.025983425384454542,0.017361569781862568,1.078125,0
1632,cell,,13,70,-0.025983425384454542,0.017361569781862568,1.09375,1
1633,cell,,13,71,-0.025983425384454542,0.017361569781862568,1.109375,1
1634,cell,,13,72,-0.025983425384454542,0.017361569781862568,1.125,0
1635,cell,,13,73,-0.025983425384454542,0.017361569781862568,1.140625,1
1636,cell,,13,74,-0.025983425384454542,0.017361569781862568,1.15625,1
1637,cell,,13,75,-0.025983425384454542,0.017361569781862568,1.171875,1
1638,cell,,13,76,-0.025983425384454542,0.017361569781862568,1.1875,0
1639,cell,,13,77,-0.025983425384454542,0.017361569781862568,1.203125,1
1640,cell,,13,78,-0.025983425384454542,0.017361569781862568,1.21875,0
1641,cell,,13,79,-0.025983425384454542,0.017361569781862568,1.234375,1
1642,cell,,13,80,-0.025983425384454542,0.017361569781862568,1.25,0
1643,cell,,13,81,-0.025983425384454542,0.017361569781862568,1.265625,0
1644,cell,,13,82,-0.025983425384454542,0.017361569781862568,1.28125,1
1645,cell,,13,83,-0.025983425384454542,0.017361569781862568,1.296875,1
1646,cell,,13,84,-0.025983425384454542,0.017361569781862568,1.3125,0
1647,cell,,13,85,-0.025983425384454542,0.017361569781862568,1.328125,0
1648,cell,,13,86,-0.025983425384454542,0.017361569781862568,1.34375,0
1649,cell,,13,87,-0.025983425384454542,0.017361569781862568,1.359375,0
1650,cell,,13,88,-0.025983425384454542,0.017361569781862568,1.375,0
1651,cell,,13,89,-0.025983425384454542,0.017361569781862568,1.390625,0
1652,cell,,13,90,-0.025983425384454542,0.017361569781862568,1.40625,1
1653,cell,,13,91,-0.025983425384454542,0.017361569781862568,1.421875,0
1654,cell,,13,92,-0.025983425384454542,0.017361569781862568,1.4375,1
1655,cell,,13,93,-0.025983425384454542,0.017361569781862568,1.453125,1
1656,cell,,13,94,-0.025983425384454542,0.017361569781862568,1.46875,0
1657,cell,,13,95,-0.025983425384454542,0.017361569781862568,1.484375,0
1658,cell,,13,96,-0.025983425384454542,0.017361569781862568,1.5,1
1659,cell,,13,97,-0.025983425384454542,0.017361569781862568,1.515625,0
1660,cell,,13,98,-0.025983425384454542,0.017361569781862568,1.53125,0
1661,cell,,13,99,-0.025983425384454542,0.017361569781862568,1.546875,1
1662,cell,,13,100,-0.025983425384454542,0.017361569781862568,1.5625,1
1663,cell,,13,101,-0.025983425384454542,0.017361569781862568,1.578125,1
1664,cell,,13,102,-0.025983425384454542,0.017361569781862568,1.59375,1
1665,cell,,13,103,-0.025983425384454542,0.017361569781862568,1.609375,0
1666,cell,,13,104,-0.025983425384454542,0.017361569781862568,1.625,0
1667,cell,,13,105,-0.025983425384454542,0.017361569781862568,1.640625,1
1668,cell,,13,106,-0.025983425384454542,0.017361569781862568,1.65625,0
1669,cell,,13,107,-0.025983425384454542,0.017361569781862568,1.671875,1
1670,cell,,13,108,-0.025983425384454542,0.017361569781862568,1.6875,1
1671,cell,,13,109,-0.025983425384454542,0.017361569781862568,1.703125,1
1672,cell,,13,110,-0.025983425384454542,0.017361569781862568,1.71875,0
1673,cell,,13,111,-0.025983425384454542,0.017361569781862568,1.734375,1
1674,cell,,13,112,-0.025983425384454542,0.017361569781862568,1.75,1
1675,cell,,13,113,-0.025983425384454542,0.017361569781862568,1.765625,1
1676,cell,,13,114,-0.025983425384454542,0.017361569781862568,1.78125,1
1677,cell,,13,115,-0.025983425384454542,0.017361569781862568,1.796875,0
1678,cell,,13,116,-0.025983425384454542,0.017361569781862568,1.8125,1
1679,cell,,13,117,-0.025983425384454542,0.017361569781862568,1.828125,0
1680,cell,,14,0,-0.02887123539097771,0.01195885726140906,0.0,1
1681,cell,,14,1,-0.02887123539097771,0.01195885726140906,0.015625,0
1682,cell,,14,2,-0.02887123539097771,0.01195885726140906,0.03125,1
1683,cell,,14,3,-0.02887123539097771,0.01195885726140906,0.046875,0
1684,cell,,14,4,-0.02887123539097771,0.01195885726140906,0.0625,1
1685,cell,,14,5,-0.02887123539097771,0.01195885726140906,0.078125,1
1686,cell,,14,6,-0.02887123539097771,0.01195885726140906,0.09375,0
1687,cell,,14,7,-0.02887123539097771,0.01195885726140906,0.109375,1
1688,cell,,14,8,-0.02887123539097771,0.01195885726140906,0.125,0
1689,cell,,14,9,-0.02887123539097771,0.01195885726140906,0.140625,0
1690,cell,,14,10,-0.02887123539097771,0.01195885726140906,0.15625,0
1691,cell,,14,11,-0.02887123539097771,0.01195885726140906,0.171875,0
1692,cell,,14,12,-0.02887123539097771,0.01195885726140906,0.1875,0
1693,cell,,14,13,-0.02887123539097771,0.01195885726140906,0.203125,0
1694,cell,,14,14,-0.02887123539097771,0.01195885726140906,0.21875,0
1695,cell,,14,15,-0.02887123539097771,0.01195885726140906,0.234375,0
1696,cell,,14,16,-0.02887123539097771,0.01195885726140906,0.25,0
1697,cell,,14,17,-0.02887123539097771,0.01195885726140906,0.265625,0
1698,cell,,14,18,-0.02887123539097771,0.01195885726140906,0.28125,0
1699,cell,,14,19,-0.02887123539097771,0.01195885726140906,0.296875,0
1700,cell,,14,20,-0.02887123539097771,0.01195885726140906,0.3125,0
1701,cell,,14,21,-0.02887123539097771,0.01195885726140906,0.328125,0
1702,cell,,14,22,-0.02887123539097771,0.01195885726140906,0.34375,0
1703,cell,,14,23,-0.02887123539097771,0.01195885726140906,0.359375,0
1704,cell,,14,24,-0.02887123539097771,0.01195885726140906,0.375,0
1705,cell,,14,25,-0.02887123539097771,0.01195885726140906,0.390625,0
1706,cell,,14,26,-0.02887123539097771,0.01195885726140906,0.40625,0
1707,cell,,14,27,-0.02887123539097771,0.01195885726140906,0.421875,0
1708,cell,,14,28,-0.02887123539097771,0.01195885726140906,0.4375,0
1709,cell,,14,29,-0.02887123539097771,0.01195885726140906,0.453125,0
1710,cell,,14,30,-0.02887123539097771,0.01195885726140906,0.46875,0
1711,cell,,14,31,-0.02887123539097771,0.01195885726140906,0.484375,0
1712,cell,,14,32,-0.02887123539097771,0.01195885726140906,0.5,0
1713,cell,,14,33,-0.02887123539097771,0.01195885726140906,0.515625,1
1714,cell,,14,34,-0.02887123539097771,0.01195885726140906,0.53125,1
1715,cell,,14,35,-0.02887123539097771,0.01195885726140906,0.546875,1
1716,cell,,14,36,-0.02887123539097771,0.01195885726140906,0.5625,1
1717,cell,,14,37,-0.02887123539097771,0.01195885726140906,0.578125,1
1718,cell,,14,38,-0.02887123539097771,0.01195885726140906,0.59375,1
1719,cell,,14,39,-0.02887123539097771,0.01195885726140906,0.609375,1
1720,cell,,14,40,-0.02887123539097771,0.01195885726140906,0.625,0
1721,cell,,14,41,-0.02887123539097771,0.01195885726140906,0.640625,0
1722,cell,,14,42,-0.02887123539097771,0.01195885726140906,0.65625,0
1723,cell,,14,43,-0.02887123539097771,0.01195885726140906,0.671875,0
1724,cell,,14,44,-0.02887123539097771,0.01195885726140906,0.6875,0
1725,cell,,14,45,-0.02887123539097771,0.01195885726140906,0.703125,0
1726,cell,,14,46,-0.02887123539097771,0.01195885726140906,0.71875,0
1727,cell,,14,47,-0.02887123539097771,0.01195885726140906,0.734375,0
1728,cell,,14,48,-0.02887123539097771,0.01195885726140906,0.75,0
1729,cell,,14,49,-0.02887123539097771,0.01195885726140906,0.765625,0
1730,cell,,14,50,-0.02887123539097771,0.01195885726140906,0.78125,0
1731,cell,,14,51,-0.02887123539097771,0.01195885726140906,0.796875,0
1732,cell,,14,52,-0.02887123539097771,0.01195885726140906,0.8125,0
1733,cell,,14,53,-0.02887123539097771,0.01195885726140906,0.828125,0
1734,cell,,14,54,-0.02887123539097771,0.01195885726140906,0.84375,0
1735,cell,,14,55,-0.02887123539097771,0.01195885726140906,0.859375,0
1736,cell,,14,56,-0.02887123539097771,0.01195885726140906,0.875,0
1737,cell,,14,57,-0.02887123539097771,0.01195885726140906,0.890625,0
1738,cell,,14,58,-0.02887123539097771,0.01195885726140906,0.90625,0
1739,cell,,14,59,-0.02887123539097771,0.01195885726140906,0.921875,0
1740,cell,,14,60,-0.02887123539097771,0.01195885726140906,0.9375,0
1741,cell,,14,61,-0.02887123539097771,0.01195885726140906,0.953125,0
1742,cell,,14,62,-0.02887123539097771,0.01195885726140906,0.96875,0
1743,cell,,14,63,-0.02887123539097771,0.01195885726140906,0.984375,0
1744,cell,,14,64,-0.02887123539097771,0.01195885726140906,1.0,0
1745,cell,,14,65,-0.02887123539097771,0.01195885726140906,1.015625,1
1746,cell,,14,66,-0.02887123539097771,0.01195885726140906,1.03125,0
1747,cell,,14,67,-0.02887123539097771,0.01195885726140906,1.046875,1
1748,cell,,14,68,-0.02887123539097771,0.01195885726140906,1.0625,1
1749,cell,,14,69,-0.02887123539097771,0.01195885726140906,1.078125,0
1750,cell,,14,70,-0.02887123539097771,0.01195885726140906,1.09375,1
1751,cell,,14,71,-0.02887123539097771,0.01195885726140906,1.109375,0
1752,cell,,14,72,-0.02887123539097771,0.01195885726140906,1.125,0
1753,cell,,14,73,-0.02887123539097771,0.01195885726140906,1.140625,0
1754,cell,,14,74,-0.02887123539097771,0.01195885726140906,1.15625,1
1755,cell,,14,75,-0.02887123539097771,0.01195885726140906,1.171875,1
1756,cell,,14,76,-0.02887123539097771,0.01195885726140906,1.1875,0
1757,cell,,14,77,-0.02887123539097771,0.01195885726140906,1.203125,1
1758,cell,,14,78,-0.02887123539097771,0.01195885726140906,1.21875,0
1759,cell,,14,79,-0.02887123539097771,0.01195885726140906,1.234375,1
1760,cell,,14,80,-0.02887123539097771,0.01195885726140906,1.25,0
1761,cell,,14,81,-0.02887123539097771,0.01195885726140906,1.265625,1
1762,cell,,14,82,-0.02887123539097771,0.01195885726140906,1.28125,1
1763,cell,,14,83,-0.02887123539097771,0.01195885726140906,1.296875,0
1764,cell,,14,84,-0.02887123539097771,0.01195885726140906,1.3125,1
1765,cell,,14,85,-0.02887123539097771,0.01195885726140906,1.328125,1
1766,cell,,14,86,-0.02887123539097771,0.01195885726140906,1.34375,0
1767,cell,,14,87,-0.02887123539097771,0.01195885726140906,1.359375,0
1768,cell,,14,88,-0.02887123539097771,0.01195885726140906,1.375,0
1769,cell,,14,89,-0.02887123539097771,0.01195885726140906,1.390625,0
1770,cell,,14,90,-0.02887123539097771,0.01195885726140906,1.40625,1
1771,cell,,14,91,-0.02887123539097771,0.01195885726140906,1.421875,0
1772,cell,,14,92,-0.02887123539097771,0.01195885726140906,1.4375,1
1773,cell,,14,93,-0.02887123539097771,0.01195885726140906,1.453125,1
1774,cell,,14,94,-0.02887123539097771,0.01195885726140906,1.46875,0
1775,cell,,14,95,-0.02887123539097771,0.01195885726140906,1.484375,0
1776,cell,,14,96,-0.02887123539097771,0.01195885726140906,1.5,1
1777,cell,,14,97,-0.02887123539097771,0.01195885726140906,1.515625,0
1778,cell,,14,98,-0.02887123539097771,0.01195885726140906,1.53125,1
1779,cell,,14,99,-0.02887123539097771,0.01195885726140906,1.546875,0
1780,cell,,14,100,-0.02887123539097771,0.01195885726140906,1.5625,1
1781,cell,,14,101,-0.02887123539097771,0.01195885726140906,1.578125,1
1782,cell,,14,102,-0.02887123539097771,0.01195885726140906,1.59375,1
1783,cell,,14,103,-0.02887123539097771,0.01195885726140906,1.609375,1
1784,cell,,14,104,-0.02887123539097771,0.01195885726140906,1.625,1
1785,cell,,14,105,-0.02887123539097771,0.01195885726140906,1.640625,1
1786,cell,,14,106,-0.02887123539097771,0.01195885726140906,1.65625,0
1787,cell,,14,107,-0.02887123539097771,0.01195885726140906,1.671875,0
1788,cell,,14,108,-0.02887123539097771,0.01195885726140906,1.6875,0
1789,cell,,14,109,-0.02887123539097771,0.01195885726140906,1.703125,1
1790,cell,,14,110,-0.02887123539097771,0.01195885726140906,1.71875,1
1791,cell,,14,111,-0.02887123539097771,0.01195885726140906,1.734375,1
1792,cell,,14,112,-0.02887123539097771,0.01195885726140906,1.75,0
1793,cell,,14,113,-0.02887123539097771,0.01195885726140906,1.765625,1
1794,cell,,14,114,-0.02887123539097771,0.01195885726140906,1.78125,1
1795,cell,,14,115,-0.02887123539097771,0.01195885726140906,1.796875,0
1796,cell,,14,116,-0.02887123539097771,0.01195885726140906,1.8125,1
1797,cell,,14,117,-0.02887123539097771,0.01195885726140906,1.828125,0
1798,cell,,15,0,-0.03064954001260095,0.006096572563004019,0.0,1
1799,cell,,15,1,-0.03064954001260095,0.006096572563004019,0.015625,0
1800,cell,,15,2,-0.03064954001260095,0.006096572563004019,0.03125,1
1801,cell,,15,3,-0.03064954001260095,0.006096572563004019,0.046875,1
1802,cell,,15,4,-0.03064954001260095,0.006096572563004019,0.0625,1
1803,cell,,15,5,-0.03064954001260095,0.006096572563004019,0.078125,0
1804,cell,,15,6,-0.03064954001260095,0.006096572563004019,0.09375,0
1805,cell,,15,7,-0.03064954001260095,0.006096572563004019,0.109375,1
1806,cell,,15,8,-0.03064954001260095,0.006096572563004019,0.125,0
1807,cell,,15,9,-0.03064954001260095,0.006096572563004019,0.140625,0
1808,cell,,15,10,-0.03064954001260095,0.006096572563004019,0.15625,0
1809,cell,,15,11,-0.03064954001260095,0.006096572563004019,0.171875,0
1810,cell,,15,12,-0.03064954001260095,0.006096572563004019,0.1875,0
1811,cell,,15,13,-0.03064954001260095,0.006096572563004019,0.203125,0
1812,cell,,15,14,-0.03064954001260095,0.006096572563004019,0.21875,0
1813,cell,,15,15,-0.03064954001260095,0.006096572563004019,0.234375,0
1814,cell,,15,16,-0.03064954001260095,0.006096572563004019,0.25,0
1815,cell,,15,17,-0.03064954001260095,0.006096572563004019,0.265625,0
1816,cell,,15,18,-0.03064954001260095,0.006096572563004019,0.28125,0
1817,cell,,15,19,-0.03064954001260095,0.006096572563004019,0.296875,0
1818,cell,,15,20,-0.03064954001260095,0.006096572563004019,0.3125,0
1819,cell,,15,21,-0.03064954001260095,0.006096572563004019,0.328125,0
1820,cell,,15,22,-0.03064954001260095,0.006096572563004019,0.34375,0
1821,cell,,15,23,-0.03064954001260095,0.006096572563004019,0.359375,0
1822,cell,,15,24,-0.03064954001260095,0.006096572563004019,0.375,0
1823,cell,,15,25,-0.03064954001260095,0.006096572563004019,0.390625,0
1824,cell,,15,26,-0.03064954001260095,0.006096572563004019,0.40625,0
1825,cell,,15,27,-0.03064954001260095,0.006096572563004019,0.421875,0
1826,cell,,15,28,-0.03064954001260095,0.006096572563004019,0.4375,0
1827,cell,,15,29,-0.03064954001260095,0.006096572563004019,0.453125,0
1828,cell,,15,30,-0.03064954001260095,0.006096572563004019,0.46875,0
1829,cell,,15,31,-0.03064954001260095,0.006096572563004019,0.484375,0
1830,cell,,15,32,-0.03064954001260095,0.006096572563004019,0.5,1
1831,cell,,15,33,-0.03064954001260095,0.006096572563004019,0.515625,1
1832,cell,,15,34,-0.03064954001260095,0.006096572563004019,0.53125,1
1833,cell,,15,35,-0.03064954001260095,0.006096572563004019,0.546875,0
1834,cell,,15,36,-0.03064954001260095,0.006096572563004019,0.5625,0
1835,cell,,15,37,-0.03064954001260095,0.006096572563004019,0.578125,1
1836,cell,,15,38,-0.03064954001260095,0.006096572563004019,0.59375,1
1837,cell,,15,39,-0.03064954001260095,0.006096572563004019,0.609375,1
1838,cell,,15,40,-0.03064954001260095,0.006096572563004019,0.625,0
1839,cell,,15,41,-0.03064954001260095,0.006096572563004019,0.640625,0
1840,cell,,15,42,-0.03064954001260095,0.006096572563004019,0.65625,0
1841,cell,,15,43,-0.03064954001260095,0.006096572563004019,0.671875,0
1842,cell,,15,44,-0.03064954001260095,0.006096572563004019,0.6875,0
1843,cell,,15,45,-0.03064954001260095,0.006096572563004019,0.703125,0
1844,cell,,15,46,-0.03064954001260095,0.006096572563004019,0.71875,0
1845,cell,,15,47,-0.03064954001260095,0.006096572563004019,0.734375,0
1846,cell,,15,48,-0.03064954001260095,0.006096572563004019,0.75,0
1847,cell,,15,49,-0.03064954001260095,0.006096572563004019,0.765625,0
1848,cell,,15,50,-0.03064954001260095,0.006096572563004019,0.78125,0
1849,cell,,15,51,-0.03064954001260095,0.006096572563004019,0.796875,0
1850,cell,,15,52,-0.03064954001260095,0.006096572563004019,0.8125,0
1851,cell,,15,53,-0.03064954001260095,0.006096572563004019,0.828125,0
1852,cell,,15,54,-0.03064954001260095,0.006096572563004019,0.84375,0
1853,cell,,15,55,-0.03064954001260095,0.006096572563004019,0.859375,0
1854,cell,,15,56,-0.03064954001260095,0.006096572563004019,0.875,0
1855,cell,,15,57,-0.03064954001260095,0.006096572563004019,0.890625,0
1856,cell,,15,58,-0.03064954001260095,0.006096572563004019,0.90625,0
1857,cell,,15,59,-0.03064954001260095,0.006096572563004019,0.921875,0
1858,cell,,15,60,-0.03064954001260095,0.006096572563004019,0.9375,0
1859,cell,,15,61,-0.03064954001260095,0.006096572563004019,0.953125,0
1860,cell,,15,62,-0.03064954001260095,0.006096572563004019,0.96875,0
1861,cell,,15,63,-0.03064954001260095,0.006096572563004019,0.984375,0
1862,cell,,15,64,-0.03064954001260095,0.006096572563004019,1.0,1
1863,cell,,15,65,-0.03064954001260095,0.006096572563004019,1.015625,1
1864,cell,,15,66,-0.03064954001260095,0.006096572563004019,1.03125,0
1865,cell,,15,67,-0.03064954001260095,0.006096572563004019,1.046875,1
1866,cell,,15,68,-0.03064954001260095,0.006096572563004019,1.0625,1
1867,cell,,15,69,-0.03064954001260095,0.006096572563004019,1.078125,1
1868,cell,,15,70,-0.03064954001260095,0.006096572563004019,1.09375,0
1869,cell,,15,71,-0.03064954001260095,0.006096572563004019,1.109375,1
1870,cell,,15,72,-0.03064954001260095,0.006096572563004019,1.125,1
1871,cell,,15,73,-0.03064954001260095,0.006096572563004019,1.140625,0
1872,cell,,15,74,-0.03064954001260095,0.006096572563004019,1.15625,1
1873,cell,,15,75,-0.03064954001260095,0.006096572563004019,1.171875,0
1874,cell,,15,76,-0.03064954001260095,0.006096572563004019,1.1875,0
1875,cell,,15,77,-0.03064954001260095,0.006096572563004019,1.203125,1
1876,cell,,15,78,-0.03064954001260095,0.006096572563004019,1.21875,0
1877,cell,,15,79,-0.03064954001260095,0.006096572563004019,1.234375,1
1878,cell,,15,80,-0.03064954001260095,0.006096572563004019,1.25,0
1879,cell,,15,81,-0.03064954001260095,0.006096572563004019,1.265625,1
1880,cell,,15,82,-0.03064954001260095,0.006096572563004019,1.28125,1
1881,cell,,15,83,-0.03064954001260095,0.006096572563004019,1.296875,0
1882,cell,,15,84,-0.03064954001260095,0.006096572563004019,1.3125,0
1883,cell,,15,85,-0.03064954001260095,0.006096572563004019,1.328125,0
1884,cell,,15,86,-0.03064954001260095,0.006096572563004019,1.34375,0
1885,cell,,15,87,-0.03064954001260095,0.006096572563004019,1.359375,0
1886,cell,,15,88,-0.03064954001260095,0.006096572563004019,1.375,1
1887,cell,,15,89,-0.03064954001260095,0.006096572563004019,1.390625,0
1888,cell,,15,90,-0.03064954001260095,0.006096572563004019,1.40625,1
1889,cell,,15,91,-0.03064954001260095,0.006096572563004019,1.421875,0
1890,cell,,15,92,-0.03064954001260095,0.006096572563004019,1.4375,1
1891,cell,,15,93,-0.03064954001260095,0.006096572563004019,1.453125,1
1892,cell,,15,94,-0.03064954001260095,0.006096572563004019,1.46875,0
1893,cell,,15,95,-0.03064954001260095,0.006096572563004019,1.484375,0
1894,cell,,15,96,-0.03064954001260095,0.006096572563004019,1.5,1
1895,cell,,15,97,-0.03064954001260095,0.006096572563004019,1.515625,0
1896,cell,,15,98,-0.03064954001260095,0.006096572563004019,1.53125,0
1897,cell,,15,99,-0.03064954001260095,0.006096572563004019,1.546875,0
1898,cell,,15,100,-0.03064954001260095,0.006096572563004019,1.5625,1
1899,cell,,15,101,-0.03064954001260095,0.006096572563004019,1.578125,1
1900,cell,,15,102,-0.03064954001260095,0.006096572563004019,1.59375,1
1901,cell,,15,103,-0.03064954001260095,0.006096572563004019,1.609375,1
1902,cell,,15,104,-0.03064954001260095,0.006096572563004019,1.625,1
1903,cell,,15,105,-0.03064954001260095,0.006096572563004019,1.640625,1
1904,cell,,15,106,-0.03064954001260095,0.006096572563004019,1.65625,0
1905,cell,,15,107,-0.03064954001260095,0.006096572563004019,1.671875,1
1906,cell,,15,108,-0.03064954001260095,0.006096572563004019,1.6875,0
1907,cell,,15,109,-0.03064954001260095,0.006096572563004019,1.703125,0
1908,cell,,15,110,-0.03064954001260095,0.006096572563004019,1.71875,0
1909,cell,,15,111,-0.03064954001260095,0.006096572563004019,1.734375,1
1910,cell,,15,112,-0.03064954001260095,0.006096572563004019,1.75,1
1911,cell,,15,113,-0.03064954001260095,0.006096572563004019,1.765625,1
1912,cell,,15,114,-0.03064954001260095,0.006096572563004019,1.78125,1
1913,cell,,15,115,-0.03064954001260095,0.006096572563004019,1.796875,0
1914,cell,,15,116,-0.03064954001260095,0.006096572563004019,1.8125,1
1915,cell,,15,117,-0.03064954001260095,0.006096572563004019,1.828125,0
1916,cell,,16,0,-0.03125,3.827021247335479e-18,0.0,1
1917,cell,,16,1,-0.03125,3.827021247335479e-18,0.015625,1
1918,cell,,16,2,-0.03125,3.827021247335479e-18,0.03125,1
1919,cell,,16,3,-0.03125,3.827021247335479e-18,0.046875,0
1920,cell,,16,4,-0.03125,3.827021247335479e-18,0.0625,0
1921,cell,,16,5,-0.03125,3.827021247335479e-18,0.078125,0
1922,cell,,16,6,-0.03125,3.827021247335479e-18,0.09375,0
1923,cell,,16,7,-0.03125,3.827021247335479e-18,0.109375,1
1924,cell,,16,8,-0.03125,3.827021247335479e-18,0.125,0
1925,cell,,16,9,-0.03125,3.827021247335479e-18,0.140625,0
1926,cell,,16,10,-0.03125,3.827021247335479e-18,0.15625,0
1927,cell,,16,11,-0.03125,3.827021247335479e-18,0.171875,0
1928,cell,,16,12,-0.03125,3.827021247335479e-18,0.1875,0
1929,cell,,16,13,-0.03125,3.827021247335479e-18,0.203125,0
1930,cell,,16,14,-0.03125,3.827021247335479e-18,0.21875,0
1931,cell,,16,15,-0.03125,3.827021247335479e-18,0.234375,0
1932,cell,,16,16,-0.03125,3.827021247335479e-18,0.25,0
1933,cell,,16,17,-0.03125,3.827021247335479e-18,0.265625,0
1934,cell,,16,18,-0.03125,3.827021247335479e-18,0.28125,0
1935,cell,,16,19,-0.03125,3.827021247335479e-18,0.296875,0
1936,cell,,16,20,-0.03125,3.827021247335479e-18,0.3125,0
1937,cell,,16,21,-0.03125,3.827021247335479e-18,0.328125,0
1938,cell,,16,22,-0.03125,3.827021247335479e-18,0.34375,0
1939,cell,,16,23,-0.03125,3.827021247335479e-18,0.359375,0
1940,cell,,16,24,-0.03125,3.827021247335479e-18,0.375,0
1941,cell,,16,25,-0.03125,3.827021247335479e-18,0.390625,0
1942,cell,,16,26,-0.03125,3.827021247335479e-18,0.40625,0
1943,cell,,16,27,-0.03125,3.827021247335479e-18,0.421875,0
1944,cell,,16,28,-0.03125,3.827021247335479e-18,0.4375,0
1945,cell,,16,29,-0.03125,3.827021247335479e-18,0.453125,0
1946,cell,,16,30,-0.03125,3.827021247335479e-18,0.46875,0
1947,cell,,16,31,-0.03125,3.827021247335479e-18,0.484375,0
1948,cell,,16,32,-0.03125,3.827021247335479e-18,0.5,1
1949,cell,,16,33,-0.03125,3.827021247335479e-18,0.515625,0
1950,cell,,16,34,-0.03125,3.827021247335479e-18,0.53125,1
1951,cell,,16,35,-0.03125,3.827021247335479e-18,0.546875,0
1952,cell,,16,36,-0.03125,3.827021247335479e-18,0.5625,0
1953,cell,,16,37,-0.03125,3.827021247335479e-18,0.578125,0
1954,cell,,16,38,-0.03125,3.827021247335479e-18,0.59375,1
1955,cell,,16,39,-0.03125,3.827021247335479e-18,0.609375,1
1956,cell,,16,40,-0.03125,3.827021247335479e-18,0.625,0
1957,cell,,16,41,-0.03125,3.827021247335479e-18,0.640625,0
1958,cell,,16,42,-0.03125,3.827021247335479e-18,0.65625,0
1959,cell,,16,43,-0.03125,3.827021247335479e-18,0.671875,0
1960,cell,,16,44,-0.03125,3.827021247335479e-18,0.6875,0
1961,cell,,16,45,-0.03125,3.827021247335479e-18,0.703125,0
1962,cell,,16,46,-0.03125,3.827021247335479e-18,0.71875,0
1963,cell,,16,47,-0.03125,3.827021247335479e-18,0.734375,0
1964,cell,,16,48,-0.03125,3.827021247335479e-18,0.75,0
1965,cell,,16,49,-0.03125,3.827021247335479e-18,0.765625,0
1966,cell,,16,50,-0.03125,3.827021247335479e-18,0.78125,0
1967,cell,,16,51,-0.03125,3.827021247335479e-18,0.796875,0
1968,cell,,16,52,-0.03125,3.827021247335479e-18,0.8125,0
1969,cell,,16,53,-0.03125,3.827021247335479e-18,0.828125,0
1970,cell,,16,54,-0.03125,3.827021247335479e-18,0.84375,0
1971,cell,,16,55,-0.03125,3.827021247335479e-18,0.859375,0
1972,cell,,16,56,-0.03125,3.827021247335479e-18,0.875,0
1973,cell,,16,57,-0.03125,3.827021247335479e-18,0.890625,0
1974,cell,,16,58,-0.03125,3.827021247335479e-18,0.90625,0
1975,cell,,16,59,-0.03125,3.827021247335479e-18,0.921875,0
1976,cell,,16,60,-0.03125,3.827021247335479e-18,0.9375,0
1977,cell,,16,61,-0.03125,3.827021247335479e-18,0.953125,0
1978,cell,,16,62,-0.03125,3.827021247335479e-18,0.96875,0
1979,cell,,16,63,-0.03125,3.827021247335479e-18,0.984375,0
1980,cell,,16,64,-0.03125,3.827021247335479e-18,1.0,0
1981,cell,,16,65,-0.03125,3.827021247335479e-18,1.015625,1
1982,cell,,16,66,-0.03125,3.827021247335479e-18,1.03125,0
1983,cell,,16,67,-0.03125,3.827021247335479e-18,1.046875,0
1984,cell,,16,68,-0.03125,3.827021247335479e-18,1.0625,0
1985,cell,,16,69,-0.03125,3.827021247335479e-18,1.078125,1
1986,cell,,16,70,-0.03125,3.827021247335479e-18,1.09375,0
1987,cell,,16,71,-0.03125,3.827021247335479e-18,1.109375,1
1988,cell,,16,72,-0.03125,3.827021247335479e-18,1.125,0
1989,cell,,16,73,-0.03125,3.827021247335479e-18,1.140625,1
1990,cell,,16,74,-0.03125,3.827021247335479e-18,1.15625,1
1991,cell,,16,75,-0.03125,3.827021247335479e-18,1.171875,1
1992,cell,,16,76,-0.03125,3.827021247335479e-18,1.1875,1
1993,cell,,16,77,-0.03125,3.827021247335479e-18,1.203125,0
1994,cell,,16,78,-0.03125,3.827021247335479e-18,1.21875,0
1995,cell,,16,79,-0.03125,3.827021247335479e-18,1.234375,1
1996,cell,,16,80,-0.03125,3.827021247335479e-18,1.25,0
1997,cell,,16,81,-0.03125,3.827021247335479e-18,1.265625,0
1998,cell,,16,82,-0.03125,3.827021247335479e-18,1.28125,0
1999,cell,,16,83,-0.03125,3.827021247335479e-18,1.296875,0
2000,cell,,16,84,-0.03125,3.827021247335479e-18,1.3125,0
2001,cell,,16,85,-0.03125,3.827021247335479e-18,1.328125,1
2002,cell,,16,86,-0.03125,3.827021247335479e-18,1.34375,0
2003,cell,,16,87,-0.03125,3.827021247335479e-18,1.359375,0
2004,cell,,16,88,-0.03125,3.827021247335479e-18,1.375,1
2005,cell,,16,89,-0.03125,3.827021247335479e-18,1.390625,1
2006,cell,,16,90,-0.03125,3.827021247335479e-18,1.40625,1
2007,cell,,16,91,-0.03125,3.827021247335479e-18,1.421875,0
2008,cell,,16,92,-0.03125,3.827021247335479e-18,1.4375,1
2009,cell,,16,93,-0.03125,3.827021247335479e-18,1.453125,1
2010,cell,,16,94,-0.03125,3.827021247335479e-18,1.46875,0
2011,cell,,16,95,-0.03125,3.827021247335479e-18,1.484375,0
2012,cell,,16,96,-0.03125,3.827021247335479e-18,1.5,1
2013,cell,,16,97,-0.03125,3.827021247335479e-18,1.515625,0
2014,cell,,16,98,-0.03125,3.827021247335479e-18,1.53125,1
2015,cell,,16,99,-0.03125,3.827021247335479e-18,1.546875,0
2016,cell,,16,100,-0.03125,3.827021247335479e-18,1.5625,1
2017,cell,,16,101,-0.03125,3.827021247335479e-18,1.578125,0
2018,cell,,16,102,-0.03125,3.827021247335479e-18,1.59375,0
2019,cell,,16,103,-0.03125,3.827021247335479e-18,1.609375,1
2020,cell,,16,104,-0.03125,3.827021247335479e-18,1.625,1
2021,cell,,16,105,-0.03125,3.827021247335479e-18,1.640625,0
2022,cell,,16,106,-0.03125,3.827021247335479e-18,1.65625,0
2023,cell,,16,107,-0.03125,3.827021247335479e-18,1.671875,0
2024,cell,,16,108,-0.03125,3.827021247335479e-18,1.6875,0
2025,cell,,16,109,-0.03125,3.827021247335479e-18,1.703125,0
2026,cell,,16,110,-0.03125,3.827021247335479e-18,1.71875,1
2027,cell,,16,111,-0.03125,3.827021247335479e-18,1.734375,1
2028,cell,,16,112,-0.03125,3.827021247335479e-18,1.75,0
2029,cell,,16,113,-0.03125,3.827021247335479e-18,1.765625,0
2030,cell,,16,114,-0.03125,3.827021247335479e-18,1.78125,1
2031,cell,,16,115,-0.03125,3.827021247335479e-18,1.796875,1
2032,cell,,16,116,-0.03125,3.827021247335479e-18,1.8125,1
2033,cell,,16,117,-0.03125,3.827021247335479e-18,1.828125,0
2034,cell,,17,0,-0.03064954001260095,-0.006096572563004011,0.0,1
2035,cell,,17,1,-0.03064954001260095,-0.006096572563004011,0.015625,1
2036,cell,,17,2,-0.03064954001260095,-0.006096572563004011,0.03125,1
2037,cell,,17,3,-0.03064954001260095,-0.006096572563004011,0.046875,1
2038,cell,,17,4,-0.03064954001260095,-0.006096572563004011,0.0625,0
2039,cell,,17,5,-0.03064954001260095,-0.006096572563004011,0.078125,1
2040,cell,,17,6,-0.03064954001260095,-0.006096572563004011,0.09375,1
2041,cell,,17,7,-0.03064954001260095,-0.006096572563004011,0.109375,0
2042,cell,,17,8,-0.03064954001260095,-0.006096572563004011,0.125,0
2043,cell,,17,9,-0.03064954001260095,-0.006096572563004011,0.140625,0
2044,cell,,17,10,-0.03064954001260095,-0.006096572563004011,0.15625,0
2045,cell,,17,11,-0.03064954001260095,-0.006096572563004011,0.171875,0
2046,cell,,17,12,-0.03064954001260095,-0.006096572563004011,0.1875,0
2047,cell,,17,13,-0.03064954001260095,-0.006096572563004011,0.203125,0
2048,cell,,17,14,-0.03064954001260095,-0.006096572563004011,0.21875,0
2049,cell,,17,15,-0.03064954001260095,-0.006096572563004011,0.234375,0
2050,cell,,17,16,-0.03064954001260095,-0.006096572563004011,0.25,0
2051,cell,,17,17,-0.03064954001260095,-0.006096572563004011,0.265625,0
2052,cell,,17,18,-0.03064954001260095,-0.006096572563004011,0.28125,0
2053,cell,,17,19,-0.03064954001260095,-0.006096572563004011,0.296875,0
2054,cell,,17,20,-0.03064954001260095,-0.006096572563004011,0.3125,0
2055,cell,,17,21,-0.03064954001260095,-0.006096572563004011,0.328125,0
2056,cell,,17,22,-0.03064954001260095,-0.006096572563004011,0.34375,0
2057,cell,,17,23,-0.03064954001260095,-0.006096572563004011,0.359375,0
2058,cell,,17,24,-0.03064954001260095,-0.006096572563004011,0.375,0
2059,cell,,17,25,-0.03064954001260095,-0.006096572563004011,0.390625,0
2060,cell,,17,26,-0.03064954001260095,-0.006096572563004011,0.40625,0
2061,cell,,17,27,-0.03064954001260095,-0.006096572563004011,0.421875,0
2062,cell,,17,28,-0.03064954001260095,-0.006096572563004011,0.4375,0
2063,cell,,17,29,-0.03064954001260095,-0.006096572563004011,0.453125,0
2064,cell,,17,30,-0.03064954001260095,-0.006096572563004011,0.46875,0
2065,cell,,17,31,-0.03064954001260095,-0.006096572563004011,0.484375,0
2066,cell,,17,32,-0.03064954001260095,-0.006096572563004011,0.5,0
2067,cell,,17,33,-0.03064954001260095,-0.006096572563004011,0.515625,1
2068,cell,,17,34,-0.03064954001260095,-0.006096572563004011,0.53125,0
2069,cell,,17,35,-0.03064954001260095,-0.006096572563004011,0.546875,1
2070,cell,,17,36,-0.03064954001260095,-0.006096572563004011,0.5625,1
2071,cell,,17,37,-0.03064954001260095,-0.006096572563004011,0.578125,0
2072,cell,,17,38,-0.03064954001260095,-0.006096572563004011,0.59375,0
2073,cell,,17,39,-0.03064954001260095,-0.006096572563004011,0.609375,1
2074,cell,,17,40,-0.03064954001260095,-0.006096572563004011,0.625,0
2075,cell,,17,41,-0.03064954001260095,-0.006096572563004011,0.640625,0
2076,cell,,17,42,-0.03064954001260095,-0.006096572563004011,0.65625,0
2077,cell,,17,43,-0.03064954001260095,-0.006096572563004011,0.671875,0
2078,cell,,17,44,-0.03064954001260095,-0.006096572563004011,0.6875,0
2079,cell,,17,45,-0.03064954001260095,-0.006096572563004011,0.703125,0
2080,cell,,17,46,-0.03064954001260095,-0.006096572563004011,0.71875,0
2081,cell,,17,47,-0.03064954001260095,-0.006096572563004011,0.734375,0
2082,cell,,17,48,-0.03064954001260095,-0.006096572563004011,0.75,0
2083,cell,,17,49,-0.03064954001260095,-0.006096572563004011,0.765625,0
2084,cell,,17,50,-0.03064954001260095,-0.006096572563004011,0.78125,0
2085,cell,,17,51,-0.03064954001260095,-0.006096572563004011,0.796875,0
2086,cell,,17,52,-0.03064954001260095,-0.006096572563004011,0.8125,0
2087,cell,,17,53,-0.03064954001260095,-0.006096572563004011,0.828125,0
2088,cell,,17,54,-0.03064954001260095,-0.006096572563004011,0.84375,0
2089,cell,,17,55,-0.03064954001260095,-0.006096572563004011,0.859375,0
2090,cell,,17,56,-0.03064954001260095,-0.006096572563004011,0.875,0
2091,cell,,17,57,-0.03064954001260095,-0.006096572563004011,0.890625,0
2092,cell,,17,58,-0.03064954001260095,-0.006096572563004011,0.90625,0
2093,cell,,17,59,-0.03064954001260095,-0.006096572563004011,0.921875,0
2094,cell,,17,60,-0.03064954001260095,-0.006096572563004011,0.9375,0
2095,cell,,17,61,-0.03064954001260095,-0.006096572563004011,0.953125,0
2096,cell,,17,62,-0.03064954001260095,-0.006096572563004011,0.96875,0
2097,cell,,17,63,-0.03064954001260095,-0.006096572563004011,0.984375,0
2098,cell,,17,64,-0.03064954001260095,-0.006096572563004011,1.0,0
2099,cell,,17,65,-0.03064954001260095,-0.006096572563004011,1.015625,0
2100,cell,,17,66,-0.03064954001260095,-0.006096572563004011,1.03125,1
2101,cell,,17,67,-0.03064954001260095,-0.006096572563004011,1.046875,1
2102,cell,,17,68,-0.03064954001260095,-0.006096572563004011,1.0625,1
2103,cell,,17,69,-0.03064954001260095,-0.006096572563004011,1.078125,0
2104,cell,,17,70,-0.03064954001260095,-0.006096572563004011,1.09375,0
2105,cell,,17,71,-0.03064954001260095,-0.006096572563004011,1.109375,0
2106,cell,,17,72,-0.03064954001260095,-0.006096572563004011,1.125,0
2107,cell,,17,73,-0.03064954001260095,-0.006096572563004011,1.140625,1
2108,cell,,17,74,-0.03064954001260095,-0.006096572563004011,1.15625,0
2109,cell,,17,75,-0.03064954001260095,-0.006096572563004011,1.171875,1
2110,cell,,17,76,-0.03064954001260095,-0.006096572563004011,1.1875,1
2111,cell,,17,77,-0.03064954001260095,-0.006096572563004011,1.203125,0
2112,cell,,17,78,-0.03064954001260095,-0.006096572563004011,1.21875,0
2113,cell,,17,79,-0.03064954001260095,-0.006096572563004011,1.234375,1
2114,cell,,17,80,-0.03064954001260095,-0.006096572563004011,1.25,0
2115,cell,,17,81,-0.03064954001260095,-0.006096572563004011,1.265625,0
2116,cell,,17,82,-0.03064954001260095,-0.006096572563004011,1.28125,0
2117,cell,,17,83,-0.03064954001260095,-0.006096572563004011,1.296875,0
2118,cell,,17,84,-0.03064954001260095,-0.006096572563004011,1.3125,1
2119,cell,,17,85,-0.03064954001260095,-0.006096572563004011,1.328125,1
2120,cell,,17,86,-0.03064954001260095,-0.006096572563004011,1.34375,0
2121,cell,,17,87,-0.03064954001260095,-0.006096572563004011,1.359375,0
2122,cell,,17,88,-0.03064954001260095,-0.006096572563004011,1.375,1
2123,cell,,17,89,-0.03064954001260095,-0.006096572563004011,1.390625,1
2124,cell,,17,90,-0.03064954001260095,-0.006096572563004011,1.40625,1
2125,cell,,17,91,-0.03064954001260095,-0.006096572563004011,1.421875,0
2126,cell,,17,92,-0.03064954001260095,-0.006096572563004011,1.4375,1
2127,cell,,17,93,-0.03064954001260095,-0.006096572563004011,1.453125,1
2128,cell,,17,94,-0.03064954001260095,-0.006096572563004011,1.46875,0
2129,cell,,17,95,-0.03064954001260095,-0.006096572563004011,1.484375,0
2130,cell,,17,96,-0.03064954001260095,-0.006096572563004011,1.5,1
2131,cell,,17,97,-0.03064954001260095,-0.006096572563004011,1.515625,0
2132,cell,,17,98,-0.03064954001260095,-0.006096572563004011,1.53125,0
2133,cell,,17,99,-0.03064954001260095,-0.006096572563004011,1.546875,0
2134,cell,,17,100,-0.03064954001260095,-0.006096572563004011,1.5625,0
2135,cell,,17,101,-0.03064954001260095,-0.006096572563004011,1.578125,1
2136,cell,,17,102,-0.03064954001260095,-0.006096572563004011,1.59375,1
2137,cell,,17,103,-0.03064954001260095,-0.006096572563004011,1.609375,0
2138,cell,,17,104,-0.03064954001260095,-0.006096572563004011,1.625,0
2139,cell,,17,105,-0.03064954001260095,-0.006096572563004011,1.640625,0
2140,cell,,17,106,-0.03064954001260095,-0.006096572563004011,1.65625,0
2141,cell,,17,107,-0.03064954001260095,-0.006096572563004011,1.671875,0
2142,cell,,17,108,-0.03064954001260095,-0.006096572563004011,1.6875,0
2143,cell,,17,109,-0.03064954001260095,-0.006096572563004011,1.703125,1
2144,cell,,17,110,-0.03064954001260095,-0.006096572563004011,1.71875,1
2145,cell,,17,111,-0.03064954001260095,-0.006096572563004011,1.734375,0
2146,cell,,17,112,-0.03064954001260095,-0.006096572563004011,1.75,0
2147,cell,,17,113,-0.03064954001260095,-0.006096572563004011,1.765625,0
2148,cell,,17,114,-0.03064954001260095,-0.006096572563004011,1.78125,1
2149,cell,,17,115,-0.03064954001260095,-0.006096572563004011,1.796875,1
2150,cell,,17,116,-0.03064954001260095,-0.006096572563004011,1.8125,1
2151,cell,,17,117,-0.03064954001260095,-0.006096572563004011,1.828125,0
2152,cell,,18,0,-0.028871235390977714,-0.011958857261409052,0.0,0
2153,cell,,18,1,-0.028871235390977714,-0.011958857261409052,0.015625,1
2154,cell,,18,2,-0.028871235390977714,-0.011958857261409052,0.03125,0
2155,cell,,18,3,-0.028871235390977714,-0.011958857261409052,0.046875,0
2156,cell,,18,4,-0.028871235390977714,-0.011958857261409052,0.0625,1
2157,cell,,18,5,-0.028871235390977714,-0.011958857261409052,0.078125,0
2158,cell,,18,6,-0.028871235390977714,-0.011958857261409052,0.09375,1
2159,cell,,18,7,-0.028871235390977714,-0.011958857261409052,0.109375,0
2160,cell,,18,8,-0.028871235390977714,-0.011958857261409052,0.125,0
2161,cell,,18,9,-0.028871235390977714,-0.011958857261409052,0.140625,0
2162,cell,,18,10,-0.028871235390977714,-0.011958857261409052,0.15625,0
2163,cell,,18,11,-0.028871235390977714,-0.011958857261409052,0.171875,0
2164,cell,,18,12,-0.028871235390977714,-0.011958857261409052,0.1875,0
2165,cell,,18,13,-0.028871235390977714,-0.011958857261409052,0.203125,0
2166,cell,,18,14,-0.028871235390977714,-0.011958857261409052,0.21875,0
2167,cell,,18,15,-0.028871235390977714,-0.011958857261409052,0.234375,0
2168,cell,,18,16,-0.028871235390977714,-0.011958857261409052,0.25,0
2169,cell,,18,17,-0.028871235390977714,-0.011958857261409052,0.265625,0
2170,cell,,18,18,-0.028871235390977714,-0.011958857261409052,0.28125,0
2171,cell,,18,19,-0.028871235390977714,-0.011958857261409052,0.296875,0
2172,cell,,18,20,-0.028871235390977714,-0.011958857261409052,0.3125,0
2173,cell,,18,21,-0.028871235390977714,-0.011958857261409052,0.328125,0
2174,cell,,18,22,-0.028871235390977714,-0.011958857261409052,0.34375,0
2175,cell,,18,23,-0.028871235390977714,-0.011958857261409052,0.359375,0
2176,cell,,18,24,-0.028871235390977714,-0.011958857261409052,0.375,0
2177,cell,,18,25,-0.028871235390977714,-0.011958857261409052,0.390625,0
2178,cell,,18,26,-0.028871235390977714,-0.011958857261409052,0.40625,0
2179,cell,,18,27,-0.028871235390977714,-0.011958857261409052,0.421875,0
2180,cell,,18,28,-0.028871235390977714,-0.011958857261409052,0.4375,0
2181,cell,,18,29,-0.028871235390977714,-0.011958857261409052,0.453125,0
2182,cell,,18,30,-0.028871235390977714,-0.011958857261409052,0.46875,0
2183,cell,,18,31,-0.028871235390977714,-0.011958857261409052,0.484375,0
2184,cell,,18,32,-0.028871235390977714,-0.011958857261409052,0.5,0
2185,cell,,18,33,-0.028871235390977714,-0.011958857261409052,0.515625,0
2186,cell,,18,34,-0.028871235390977714,-0.011958857261409052,0.53125,1
2187,cell,,18,35,-0.028871235390977714,-0.011958857261409052,0.546875,1
2188,cell,,18,36,-0.028871235390977714,-0.011958857261409052,0.5625,1
2189,cell,,18,37,-0.028871235390977714,-0.011958857261409052,0.578125,1
2190,cell,,18,38,-0.028871235390977714,-0.011958857261409052,0.59375,1
2191,cell,,18,39,-0.028871235390977714,-0.011958857261409052,0.609375,0
2192,cell,,18,40,-0.028871235390977714,-0.011958857261409052,0.625,0
2193,cell,,18,41,-0.028871235390977714,-0.011958857261409052,0.640625,0
2194,cell,,18,42,-0.028871235390977714,-0.011958857261409052,0.65625,0
2195,cell,,18,43,-0.028871235390977714,-0.011958857261409052,0.671875,0
2196,cell,,18,44,-0.028871235390977714,-0.011958857261409052,0.6875,0
2197,cell,,18,45,-0.028871235390977714,-0.011958857261409052,0.703125,0
2198,cell,,18,46,-0.028871235390977714,-0.011958857261409052,0.71875,0
2199,cell,,18,47,-0.028871235390977714,-0.011958857261409052,0.734375,0
2200,cell,,18,48,-0.028871235390977714,-0.011958857261409052,0.75,0
2201,cell,,18,49,-0.028871235390977714,-0.011958857261409052,0.765625,0
2202,cell,,18,50,-0.028871235390977714,-0.011958857261409052,0.78125,0
2203,cell,,18,51,-0.028871235390977714,-0.011958857261409052,0.796875,0
2204,cell,,18,52,-0.028871235390977714,-0.011958857261409052,0.8125,0
2205,cell,,18,53,-0.028871235390977714,-0.011958857261409052,0.828125,0
2206,cell,,18,54,-0.028871235390977714,-0.011958857261409052,0.84375,0
2207,cell,,18,55,-0.028871235390977714,-0.011958857261409052,0.859375,0
2208,cell,,18,56,-0.028871235390977714,-0.011958857261409052,0.875,0
2209,cell,,18,57,-0.028871235390977714,-0.011958857261409052,0.890625,0
2210,cell,,18,58,-0.028871235390977714,-0.011958857261409052,0.90625,0
2211,cell,,18,59,-0.028871235390977714,-0.011958857261409052,0.921875,0
2212,cell,,18,60,-0.028871235390977714,-0.011958857261409052,0.9375,0
2213,cell,,18,61,-0.028871235390977714,-0.011958857261409052,0.953125,0
2214,cell,,18,62,-0.028871235390977714,-0.011958857261409052,0.96875,0
2215,cell,,18,63,-0.028871235390977714,-0.011958857261409052,0.984375,0
2216,cell,,18,64,-0.028871235390977714,-0.011958857261409052,1.0,1
2217,cell,,18,65,-0.028871235390977714,-0.011958857261409052,1.015625,1
2218,cell,,18,66,-0.028871235390977714,-0.011958857261409052,1.03125,1
2219,cell,,18,67,-0.028871235390977714,-0.011958857261409052,1.046875,1
2220,cell,,18,68,-0.028871235390977714,-0.011958857261409052,1.0625,0
2221,cell,,18,69,-0.028871235390977714,-0.011958857261409052,1.078125,0
2222,cell,,18,70,-0.028871235390977714,-0.011958857261409052,1.09375,1
2223,cell,,18,71,-0.028871235390977714,-0.011958857261409052,1.109375,1
2224,cell,,18,72,-0.028871235390977714,-0.011958857261409052,1.125,0
2225,cell,,18,73,-0.028871235390977714,-0.011958857261409052,1.140625,1
2226,cell,,18,74,-0.028871235390977714,-0.011958857261409052,1.15625,1
2227,cell,,18,75,-0.028871235390977714,-0.011958857261409052,1.171875,1
2228,cell,,18,76,-0.028871235390977714,-0.011958857261409052,1.1875,0
2229,cell,,18,77,-0.028871235390977714,-0.011958857261409052,1.203125,0
2230,cell,,18,78,-0.028871235390977714,-0.011958857261409052,1.21875,0
2231,cell,,18,79,-0.028871235390977714,-0.011958857261409052,1.234375,1
2232,cell,,18,80,-0.028871235390977714,-0.011958857261409052,1.25,0
2233,cell,,18,81,-0.028871235390977714,-0.011958857261409052,1.265625,1
2234,cell,,18,82,-0.028871235390977714,-0.011958857261409052,1.28125,0
2235,cell,,18,83,-0.028871235390977714,-0.011958857261409052,1.296875,1
2236,cell,,18,84,-0.028871235390977714,-0.011958857261409052,1.3125,1
2237,cell,,18,85,-0.028871235390977714,-0.011958857261409052,1.328125,0
2238,cell,,18,86,-0.028871235390977714,-0.011958857261409052,1.34375,1
2239,cell,,18,87,-0.028871235390977714,-0.011958857261409052,1.359375,1
2240,cell,,18,88,-0.028871235390977714,-0.011958857261409052,1.375,1
2241,cell,,18,89,-0.028871235390977714,-0.011958857261409052,1.390625,1
2242,cell,,18,90,-0.028871235390977714,-0.011958857261409052,1.40625,0
2243,cell,,18,91,-0.028871235390977714,-0.011958857261409052,1.421875,0
2244,cell,,18,92,-0.028871235390977714,-0.011958857261409052,1.4375,1
2245,cell,,18,93,-0.028871235390977714,-0.011958857261409052,1.453125,1
2246,cell,,18,94,-0.028871235390977714,-0.011958857261409052,1.46875,0
2247,cell,,18,95,-0.028871235390977714,-0.011958857261409052,1.484375,0
2248,cell,,18,96,-0.028871235390977714,-0.011958857261409052,1.5,1
2249,cell,,18,97,-0.028871235390977714,-0.011958857261409052,1.515625,0
2250,cell,,18,98,-0.028871235390977714,-0.011958857261409052,1.53125,1
2251,cell,,18,99,-0.028871235390977714,-0.011958857261409052,1.546875,1
2252,cell,,18,100,-0.028871235390977714,-0.011958857261409052,1.5625,0
2253,cell,,18,101,-0.028871235390977714,-0.011958857261409052,1.578125,0
2254,cell,,18,102,-0.028871235390977714,-0.011958857261409052,1.59375,1
2255,cell,,18,103,-0.028871235390977714,-0.011958857261409052,1.609375,0
2256,cell,,18,104,-0.028871235390977714,-0.011958857261409052,1.625,1
2257,cell,,18,105,-0.028871235390977714,-0.011958857261409052,1.640625,0
2258,cell,,18,106,-0.028871235390977714,-0.011958857261409052,1.65625,0
2259,cell,,18,107,-0.028871235390977714,-0.011958857261409052,1.671875,1
2260,cell,,18,108,-0.028871235390977714,-0.011958857261409052,1.6875,1
2261,cell,,18,109,-0.028871235390977714,-0.011958857261409052,1.703125,1
2262,cell,,18,110,-0.028871235390977714,-0.011958857261409052,1.71875,1
2263,cell,,18,111,-0.028871235390977714,-0.011958857261409052,1.734375,1
2264,cell,,18,112,-0.028871235390977714,-0.011958857261409052,1.75,1
2265,cell,,18,113,-0.028871235390977714,-0.011958857261409052,1.765625,0
2266,cell,,18,114,-0.028871235390977714,-0.011958857261409052,1.78125,1
2267,cell,,18,115,-0.028871235390977714,-0.011958857261409052,1.796875,1
2268,cell,,18,116,-0.028871235390977714,-0.011958857261409052,1.8125,1
2269,cell,,18,117,-0.028871235390977714,-0.011958857261409052,1.828125,0
2270,cell,,19,0,-0.025983425384454546,-0.01736156978186256,0.0,1
2271,cell,,19,1,-0.025983425384454546,-0.01736156978186256,0.015625,0
2272,cell,,19,2,-0.025983425384454546,-0.01736156978186256,0.03125,1
2273,cell,,19,3,-0.025983425384454546,-0.01736156978186256,0.046875,1
2274,cell,,19,4,-0.025983425384454546,-0.01736156978186256,0.0625,1
2275,cell,,19,5,-0.025983425384454546,-0.01736156978186256,0.078125,1
2276,cell,,19,6,-0.025983425384454546,-0.01736156978186256,0.09375,0
2277,cell,,19,7,-0.025983425384454546,-0.01736156978186256,0.109375,0
2278,cell,,19,8,-0.025983425384454546,-0.01736156978186256,0.125,0
2279,cell,,19,9,-0.025983425384454546,-0.01736156978186256,0.140625,0
2280,cell,,19,10,-0.025983425384454546,-0.01736156978186256,0.15625,0
2281,cell,,19,11,-0.025983425384454546,-0.01736156978186256,0.171875,0
2282,cell,,19,12,-0.025983425384454546,-0.01736156978186256,0.1875,0
2283,cell,,19,13,-0.025983425384454546,-0.01736156978186256,0.203125,0
2284,cell,,19,14,-0.025983425384454546,-0.01736156978186256,0.21875,0
2285,cell,,19,15,-0.025983425384454546,-0.01736156978186256,0.234375,0
2286,cell,,19,16,-0.025983425384454546,-0.01736156978186256,0.25,0
2287,cell,,19,17,-0.025983425384454546,-0.01736156978186256,0.265625,0
2288,cell,,19,18,-0.025983425384454546,-0.01736156978186256,0.28125,0
2289,cell,,19,19,-0.025983425384454546,-0.01736156978186256,0.296875,0
2290,cell,,19,20,-0.025983425384454546,-0.01736156978186256,0.3125,0
2291,cell,,19,21,-0.025983425384454546,-0.01736156978186256,0.328125,0
2292,cell,,19,22,-0.025983425384454546,-0.01736156978186256,0.34375,0
2293,cell,,19,23,-0.025983425384454546,-0.01736156978186256,0.359375,0
2294,cell,,19,24,-0.025983425384454546,-0.01736156978186256,0.375,0
2295,cell,,19,25,-0.025983425384454546,-0.01736156978186256,0.390625,0
2296,cell,,19,26,-0.025983425384454546,-0.01736156978186256,0.40625,0
2297,cell,,19,27,-0.025983425384454546,-0.01736156978186256,0.421875,0
2298,cell,,19,28,-0.025983425384454546,-0.01736156978186256,0.4375,0
2299,cell,,19,29,-0.025983425384454546,-0.01736156978186256,0.453125,0
2300,cell,,19,30,-0.025983425384454546,-0.01736156978186256,0.46875,0
2301,cell,,19,31,-0.025983425384454546,-0.01736156978186256,0.484375,0
2302,cell,,19,32,-0.025983425384454546,-0.01736156978186256,0.5,0
2303,cell,,19,33,-0.025983425384454546,-0.01736156978186256,0.515625,0
2304,cell,,19,34,-0.025983425384454546,-0.01736156978186256,0.53125,1
2305,cell,,19,35,-0.025983425384454546,-0.01736156978186256,0.546875,0
2306,cell,,19,36,-0.025983425384454546,-0.01736156978186256,0.5625,1
2307,cell,,19,37,-0.025983425384454546,-0.01736156978186256,0.578125,0
2308,cell,,19,38,-0.025983425384454546,-0.01736156978186256,0.59375,1
2309,cell,,19,39,-0.025983425384454546,-0.01736156978186256,0.609375,0
2310,cell,,19,40,-0.025983425384454546,-0.01736156978186256,0.625,0
2311,cell,,19,41,-0.025983425384454546,-0.01736156978186256,0.640625,0
2312,cell,,19,42,-0.025983425384454546,-0.01736156978186256,0.65625,0
2313,cell,,19,43,-0.025983425384454546,-0.01736156978186256,0.671875,0
2314,cell,,19,44,-0.025983425384454546,-0.01736156978186256,0.6875,0
2315,cell,,19,45,-0.025983425384454546,-0.01736156978186256,0.703125,0
2316,cell,,19,46,-0.025983425384454546,-0.01736156978186256,0.71875,0
2317,cell,,19,47,-0.025983425384454546,-0.01736156978186256,0.734375,0
2318,cell,,19,48,-0.025983425384454546,-0.01736156978186256,0.75,0
2319,cell,,19,49,-0.025983425384454546,-0.01736156978186256,0.765625,0
2320,cell,,19,50,-0.025983425384454546,-0.01736156978186256,0.78125,0
2321,cell,,19,51,-0.025983425384454546,-0.01736156978186256,0.796875,0
2322,cell,,19,52,-0.025983425384454546,-0.01736156978186256,0.8125,0
2323,cell,,19,53,-0.025983425384454546,-0.01736156978186256,0.828125,0
2324,cell,,19,54,-0.025983425384454546,-0.01736156978186256,0.84375,0
2325,cell,,19,55,-0.025983425384454546,-0.01736156978186256,0.859375,0
2326,cell,,19,56,-0.025983425384454546,-0.01736156978186256,0.875,0
2327,cell,,19,57,-0.025983425384454546,-0.01736156978186256,0.890625,0
2328,cell,,19,58,-0.025983425384454546,-0.01736156978186256,0.90625,0
2329,cell,,19,59,-0.025983425384454546,-0.01736156978186256,0.921875,0
2330,cell,,19,60,-0.025983425384454546,-0.01736156978186256,0.9375,0
2331,cell,,19,61,-0.025983425384454546,-0.01736156978186256,0.953125,0
2332,cell,,19,62,-0.025983425384454546,-0.01736156978186256,0.96875,0
2333,cell,,19,63,-0.025983425384454546,-0.01736156978186256,0.984375,0
2334,cell,,19,64,-0.025983425384454546,-0.01736156978186256,1.0,1
2335,cell,,19,65,-0.025983425384454546,-0.01736156978186256,1.015625,1
2336,cell,,19,66,-0.025983425384454546,-0.01736156978186256,1.03125,1
2337,cell,,19,67,-0.025983425384454546,-0.01736156978186256,1.046875,0
2338,cell,,19,68,-0.025983425384454546,-0.01736156978186256,1.0625,0
2339,cell,,19,69,-0.025983425384454546,-0.01736156978186256,1.078125,0
2340,cell,,19,70,-0.025983425384454546,-0.01736156978186256,1.09375,0
2341,cell,,19,71,-0.025983425384454546,-0.01736156978186256,1.109375,1
2342,cell,,19,72,-0.025983425384454546,-0.01736156978186256,1.125,1
2343,cell,,19,73,-0.025983425384454546,-0.01736156978186256,1.140625,1
2344,cell,,19,74,-0.025983425384454546,-0.01736156978186256,1.15625,1
2345,cell,,19,75,-0.025983425384454546,-0.01736156978186256,1.171875,1
2346,cell,,19,76,-0.025983425384454546,-0.01736156978186256,1.1875,0
2347,cell,,19,77,-0.025983425384454546,-0.01736156978186256,1.203125,0
2348,cell,,19,78,-0.025983425384454546,-0.01736156978186256,1.21875,0
2349,cell,,19,79,-0.025983425384454546,-0.01736156978186256,1.234375,1
2350,cell,,19,80,-0.025983425384454546,-0.01736156978186256,1.25,0
2351,cell,,19,81,-0.025983425384454546,-0.01736156978186256,1.265625,1
2352,cell,,19,82,-0.025983425384454546,-0.01736156978186256,1.28125,1
2353,cell,,19,83,-0.025983425384454546,-0.01736156978186256,1.296875,0
2354,cell,,19,84,-0.025983425384454546,-0.01736156978186256,1.3125,1
2355,cell,,19,85,-0.025983425384454546,-0.01736156978186256,1.328125,1
2356,cell,,19,86,-0.025983425384454546,-0.01736156978186256,1.34375,1
2357,cell,,19,87,-0.025983425384454546,-0.01736156978186256,1.359375,1
2358,cell,,19,88,-0.025983425384454546,-0.01736156978186256,1.375,0
2359,cell,,19,89,-0.025983425384454546,-0.01736156978186256,1.390625,1
2360,cell,,19,90,-0.025983425384454546,-0.01736156978186256,1.40625,1
2361,cell,,19,91,-0.025983425384454546,-0.01736156978186256,1.421875,0
2362,cell,,19,92,-0.025983425384454546,-0.01736156978186256,1.4375,1
2363,cell,,19,93,-0.025983425384454546,-0.01736156978186256,1.453125,1
2364,cell,,19,94,-0.025983425384454546,-0.01736156978186256,1.46875,0
2365,cell,,19,95,-0.025983425384454546,-0.01736156978186256,1.484375,0
2366,cell,,19,96,-0.025983425384454546,-0.01736156978186256,1.5,1
2367,cell,,19,97,-0.025983425384454546,-0.01736156978186256,1.515625,0
2368,cell,,19,98,-0.025983425384454546,-0.01736156978186256,1.53125,1
2369,cell,,19,99,-0.025983425384454546,-0.01736156978186256,1.546875,0
2370,cell,,19,100,-0.025983425384454546,-0.01736156978186256,1.5625,1
2371,cell,,19,101,-0.025983425384454546,-0.01736156978186256,1.578125,0
2372,cell,,19,102,-0.025983425384454546,-0.01736156978186256,1.59375,1
2373,cell,,19,103,-0.025983425384454546,-0.01736156978186256,1.609375,1
2374,cell,,19,104,-0.025983425384454546,-0.01736156978186256,1.625,1
2375,cell,,19,105,-0.025983425384454546,-0.01736156978186256,1.640625,0
2376,cell,,19,106,-0.025983425384454546,-0.01736156978186256,1.65625,1
2377,cell,,19,107,-0.025983425384454546,-0.01736156978186256,1.671875,0
2378,cell,,19,108,-0.025983425384454546,-0.01736156978186256,1.6875,1
2379,cell,,19,109,-0.025983425384454546,-0.01736156978186256,1.703125,0
2380,cell,,19,110,-0.025983425384454546,-0.01736156978186256,1.71875,1
2381,cell,,19,111,-0.025983425384454546,-0.01736156978186256,1.734375,1
2382,cell,,19,112,-0.025983425384454546,-0.01736156978186256,1.75,1
2383,cell,,19,113,-0.025983425384454546,-0.01736156978186256,1.765625,1
2384,cell,,19,114,-0.025983425384454546,-0.01736156978186256,1.78125,0
2385,cell,,19,115,-0.025983425384454546,-0.01736156978186256,1.796875,0
2386,cell,,19,116,-0.025983425384454546,-0.01736156978186256,1.8125,0
2387,cell,,19,117,-0.025983425384454546,-0.01736156978186256,1.828125,1
2388,cell,,20,0,-0.022097086912079615,-0.022097086912079608,0.0,0
2389,cell,,20,1,-0.022097086912079615,-0.022097086912079608,0.015625,1
2390,cell,,20,2,-0.022097086912079615,-0.022097086912079608,0.03125,0
2391,cell,,20,3,-0.022097086912079615,-0.022097086912079608,0.046875,1
2392,cell,,20,4,-0.022097086912079615,-0.022097086912079608,0.0625,0
2393,cell,,20,5,-0.022097086912079615,-0.022097086912079608,0.078125,1
2394,cell,,20,6,-0.022097086912079615,-0.022097086912079608,0.09375,0
2395,cell,,20,7,-0.022097086912079615,-0.022097086912079608,0.109375,0
2396,cell,,20,8,-0.022097086912079615,-0.022097086912079608,0.125,0
2397,cell,,20,9,-0.022097086912079615,-0.022097086912079608,0.140625,0
2398,cell,,20,10,-0.022097086912079615,-0.022097086912079608,0.15625,0
2399,cell,,20,11,-0.022097086912079615,-0.022097086912079608,0.171875,0
2400,cell,,20,12,-0.022097086912079615,-0.022097086912079608,0.1875,0
2401,cell,,20,13,-0.022097086912079615,-0.022097086912079608,0.203125,0
2402,cell,,20,14,-0.022097086912079615,-0.022097086912079608,0.21875,0
2403,cell,,20,15,-0.022097086912079615,-0.022097086912079608,0.234375,0
2404,cell,,20,16,-0.022097086912079615,-0.022097086912079608,0.25,0
2405,cell,,20,17,-0.022097086912079615,-0.022097086912079608,0.265625,0
2406,cell,,20,18,-0.022097086912079615,-0.022097086912079608,0.28125,0
2407,cell,,20,19,-0.022097086912079615,-0.022097086912079608,0.296875,0
2408,cell,,20,20,-0.022097086912079615,-0.022097086912079608,0.3125,0
2409,cell,,20,21,-0.022097086912079615,-0.022097086912079608,0.328125,0
2410,cell,,20,22,-0.022097086912079615,-0.022097086912079608,0.34375,0
2411,cell,,20,23,-0.022097086912079615,-0.022097086912079608,0.359375,0
2412,cell,,20,24,-0.022097086912079615,-0.022097086912079608,0.375,0
2413,cell,,20,25,-0.022097086912079615,-0.022097086912079608,0.390625,0
2414,cell,,20,26,-0.022097086912079615,-0.022097086912079608,0.40625,0
2415,cell,,20,27,-0.022097086912079615,-0.022097086912079608,0.421875,0
2416,cell,,20,28,-0.022097086912079615,-0.022097086912079608,0.4375,0
2417,cell,,20,29,-0.022097086912079615,-0.022097086912079608,0.453125,0
2418,cell,,20,30,-0.022097086912079615,-0.022097086912079608,0.46875,0
2419,cell,,20,31,-0.022097086912079615,-0.022097086912079608,0.484375,0
2420,cell,,20,32,-0.022097086912079615,-0.022097086912079608,0.5,1
2421,cell,,20,33,-0.022097086912079615,-0.022097086912079608,0.515625,1
2422,cell,,20,34,-0.022097086912079615,-0.022097086912079608,0.53125,0
2423,cell,,20,35,-0.022097086912079615,-0.022097086912079608,0.546875,0
2424,cell,,20,36,-0.022097086912079615,-0.022097086912079608,0.5625,1
2425,cell,,20,37,-0.022097086912079615,-0.022097086912079608,0.578125,1
2426,cell,,20,38,-0.022097086912079615,-0.022097086912079608,0.59375,0
2427,cell,,20,39,-0.022097086912079615,-0.022097086912079608,0.609375,0
2428,cell,,20,40,-0.022097086912079615,-0.022097086912079608,0.625,0
2429,cell,,20,41,-0.022097086912079615,-0.022097086912079608,0.640625,0
2430,cell,,20,42,-0.022097086912079615,-0.022097086912079608,0.65625,0
2431,cell,,20,43,-0.022097086912079615,-0.022097086912079608,0.671875,0
2432,cell,,20,44,-0.022097086912079615,-0.022097086912079608,0.6875,0
2433,cell,,20,45,-0.022097086912079615,-0.022097086912079608,0.703125,0
2434,cell,,20,46,-0.022097086912079615,-0.022097086912079608,0.71875,0
2435,cell,,20,47,-0.022097086912079615,-0.022097086912079608,0.734375,0
2436,cell,,20,48,-0.022097086912079615,-0.022097086912079608,0.75,0
2437,cell,,20,49,-0.022097086912079615,-0.022097086912079608,0.765625,0
2438,cell,,20,50,-0.022097086912079615,-0.022097086912079608,0.78125,0
2439,cell,,20,51,-0.022097086912079615,-0.022097086912079608,0.796875,0
2440,cell,,20,52,-0.022097086912079615,-0.022097086912079608,0.8125,0
2441,cell,,20,53,-0.022097086912079615,-0.022097086912079608,0.828125,0
2442,cell,,20,54,-0.022097086912079615,-0.022097086912079608,0.84375,0
2443,cell,,20,55,-0.022097086912079615,-0.022097086912079608,0.859375,0
2444,cell,,20,56,-0.022097086912079615,-0.022097086912079608,0.875,0
2445,cell,,20,57,-0.022097086912079615,-0.022097086912079608,0.890625,0
2446,cell,,20,58,-0.022097086912079615,-0.022097086912079608,0.90625,0
2447,cell,,20,59,-0.022097086912079615,-0.022097086912079608,0.921875,0
2448,cell,,20,60,-0.022097086912079615,-0.022097086912079608,0.9375,0
2449,cell,,20,61,-0.022097086912079615,-0.022097086912079608,0.953125,0
2450,cell,,20,62,-0.022097086912079615,-0.022097086912079608,0.96875,0
2451,cell,,20,63,-0.022097086912079615,-0.022097086912079608,0.984375,0
2452,cell,,20,64,-0.022097086912079615,-0.022097086912079608,1.0,1
2453,cell,,20,65,-0.022097086912079615,-0.022097086912079608,1.015625,0
2454,cell,,20,66,-0.022097086912079615,-0.022097086912079608,1.03125,1
2455,cell,,20,67,-0.022097086912079615,-0.022097086912079608,1.046875,1
2456,cell,,20,68,-0.022097086912079615,-0.022097086912079608,1.0625,1
2457,cell,,20,69,-0.022097086912079615,-0.022097086912079608,1.078125,0
2458,cell,,20,70,-0.022097086912079615,-0.022097086912079608,1.09375,0
2459,cell,,20,71,-0.022097086912079615,-0.022097086912079608,1.109375,0
2460,cell,,20,72,-0.022097086912079615,-0.022097086912079608,1.125,1
2461,cell,,20,73,-0.022097086912079615,-0.022097086912079608,1.140625,1
2462,cell,,20,74,-0.022097086912079615,-0.022097086912079608,1.15625,1
2463,cell,,20,75,-0.022097086912079615,-0.022097086912079608,1.171875,0
2464,cell,,20,76,-0.022097086912079615,-0.022097086912079608,1.1875,0
2465,cell,,20,77,-0.022097086912079615,-0.022097086912079608,1.203125,0
2466,cell,,20,78,-0.022097086912079615,-0.022097086912079608,1.21875,0
2467,cell,,20,79,-0.022097086912079615,-0.022097086912079608,1.234375,1
2468,cell,,20,80,-0.022097086912079615,-0.022097086912079608,1.25,0
2469,cell,,20,81,-0.022097086912079615,-0.022097086912079608,1.265625,0
2470,cell,,20,82,-0.022097086912079615,-0.022097086912079608,1.28125,1
2471,cell,,20,83,-0.022097086912079615,-0.022097086912079608,1.296875,1
2472,cell,,20,84,-0.022097086912079615,-0.022097086912079608,1.3125,0
2473,cell,,20,85,-0.022097086912079615,-0.022097086912079608,1.328125,1
2474,cell,,20,86,-0.022097086912079615,-0.022097086912079608,1.34375,1
2475,cell,,20,87,-0.022097086912079615,-0.022097086912079608,1.359375,0
2476,cell,,20,88,-0.022097086912079615,-0.022097086912079608,1.375,0
2477,cell,,20,89,-0.022097086912079615,-0.022097086912079608,1.390625,1
2478,cell,,20,90,-0.022097086912079615,-0.022097086912079608,1.40625,0
2479,cell,,20,91,-0.022097086912079615,-0.022097086912079608,1.421875,1
2480,cell,,20,92,-0.022097086912079615,-0.022097086912079608,1.4375,1
2481,cell,,20,93,-0.022097086912079615,-0.022097086912079608,1.453125,1
2482,cell,,20,94,-0.022097086912079615,-0.022097086912079608,1.46875,0
2483,cell,,20,95,-0.022097086912079615,-0.022097086912079608,1.484375,0
2484,cell,,20,96,-0.022097086912079615,-0.022097086912079608,1.5,1
2485,cell,,20,97,-0.022097086912079615,-0.022097086912079608,1.515625,0
2486,cell,,20,98,-0.022097086912079615,-0.022097086912079608,1.53125,1
2487,cell,,20,99,-0.022097086912079615,-0.022097086912079608,1.546875,1
2488,cell,,20,100,-0.022097086912079615,-0.022097086912079608,1.5625,1
2489,cell,,20,101,-0.022097086912079615,-0.022097086912079608,1.578125,1
2490,cell,,20,102,-0.022097086912079615,-0.022097086912079608,1.59375,0
2491,cell,,20,103,-0.022097086912079615,-0.022097086912079608,1.609375,0
2492,cell,,20,104,-0.022097086912079615,-0.022097086912079608,1.625,1
2493,cell,,20,105,-0.022097086912079615,-0.022097086912079608,1.640625,1
2494,cell,,20,106,-0.022097086912079615,-0.022097086912079608,1.65625,0
2495,cell,,20,107,-0.022097086912079615,-0.022097086912079608,1.671875,0
2496,cell,,20,108,-0.022097086912079615,-0.022097086912079608,1.6875,0
2497,cell,,20,109,-0.022097086912079615,-0.022097086912079608,1.703125,1
2498,cell,,20,110,-0.022097086912079615,-0.022097086912079608,1.71875,0
2499,cell,,20,111,-0.022097086912079615,-0.022097086912079608,1.734375,1
2500,cell,,20,112,-0.022097086912079615,-0.022097086912079608,1.75,1
2501,cell,,20,113,-0.022097086912079615,-0.022097086912079608,1.765625,0
2502,cell,,20,114,-0.022097086912079615,-0.022097086912079608,1.78125,0
2503,cell,,20,115,-0.022097086912079615,-0.022097086912079608,1.796875,1
2504,cell,,20,116,-0.022097086912079615,-0.022097086912079608,1.8125,1
2505,cell,,20,117,-0.022097086912079615,-0.022097086912079608,1.828125,0
2506,cell,,21,0,-0.017361569781862568,-0.02598342538445454,0.0,1
2507,cell,,21,1,-0.017361569781862568,-0.02598342538445454,0.015625,1
2508,cell,,21,2,-0.017361569781862568,-0.02598342538445454,0.03125,0
2509,cell,,21,3,-0.017361569781862568,-0.02598342538445454,0.046875,1
2510,cell,,21,4,-0.017361569781862568,-0.02598342538445454,0.0625,1
2511,cell,,21,5,-0.017361569781862568,-0.02598342538445454,0.078125,0
2512,cell,,21,6,-0.017361569781862568,-0.02598342538445454,0.09375,0
2513,cell,,21,7,-0.017361569781862568,-0.02598342538445454,0.109375,0
2514,cell,,21,8,-0.017361569781862568,-0.02598342538445454,0.125,0
2515,cell,,21,9,-0.017361569781862568,-0.02598342538445454,0.140625,0
2516,cell,,21,10,-0.017361569781862568,-0.02598342538445454,0.15625,0
2517,cell,,21,11,-0.017361569781862568,-0.02598342538445454,0.171875,0
2518,cell,,21,12,-0.017361569781862568,-0.02598342538445454,0.1875,0
2519,cell,,21,13,-0.017361569781862568,-0.02598342538445454,0.203125,0
2520,cell,,21,14,-0.017361569781862568,-0.02598342538445454,0.21875,0
2521,cell,,21,15,-0.017361569781862568,-0.02598342538445454,0.234375,0
2522,cell,,21,16,-0.017361569781862568,-0.02598342538445454,0.25,0
2523,cell,,21,17,-0.017361569781862568,-0.02598342538445454,0.265625,0
2524,cell,,21,18,-0.017361569781862568,-0.02598342538445454,0.28125,0
2525,cell,,21,19,-0.017361569781862568,-0.02598342538445454,0.296875,0
2526,cell,,21,20,-0.017361569781862568,-0.02598342538445454,0.3125,0
2527,cell,,21,21,-0.017361569781862568,-0.02598342538445454,0.328125,0
2528,cell,,21,22,-0.017361569781862568,-0.02598342538445454,0.34375,0
2529,cell,,21,23,-0.017361569781862568,-0.02598342538445454,0.359375,0
2530,cell,,21,24,-0.017361569781862568,-0.02598342538445454,0.375,0
2531,cell,,21,25,-0.017361569781862568,-0.02598342538445454,0.390625,0
2532,cell,,21,26,-0.017361569781862568,-0.02598342538445454,0.40625,0
2533,cell,,21,27,-0.017361569781862568,-0.02598342538445454,0.421875,0
2534,cell,,21,28,-0.017361569781862568,-0.02598342538445454,0.4375,0
2535,cell,,21,29,-0.017361569781862568,-0.02598342538445454,0.453125,0
2536,cell,,21,30,-0.017361569781862568,-0.02598342538445454,0.46875,0
2537,cell,,21,31,-0.017361569781862568,-0.02598342538445454,0.484375,0
2538,cell,,21,32,-0.017361569781862568,-0.02598342538445454,0.5,0
2539,cell,,21,33,-0.017361569781862568,-0.02598342538445454,0.515625,0
2540,cell,,21,34,-0.017361569781862568,-0.02598342538445454,0.53125,1
2541,cell,,21,35,-0.017361569781862568,-0.02598342538445454,0.546875,1
2542,cell,,21,36,-0.017361569781862568,-0.02598342538445454,0.5625,1
2543,cell,,21,37,-0.017361569781862568,-0.02598342538445454,0.578125,0
2544,cell,,21,38,-0.017361569781862568,-0.02598342538445454,0.59375,0
2545,cell,,21,39,-0.017361569781862568,-0.02598342538445454,0.609375,0
2546,cell,,21,40,-0.017361569781862568,-0.02598342538445454,0.625,0
2547,cell,,21,41,-0.017361569781862568,-0.02598342538445454,0.640625,0
2548,cell,,21,42,-0.017361569781862568,-0.02598342538445454,0.65625,0
2549,cell,,21,43,-0.017361569781862568,-0.02598342538445454,0.671875,0
2550,cell,,21,44,-0.017361569781862568,-0.02598342538445454,0.6875,0
2551,cell,,21,45,-0.017361569781862568,-0.02598342538445454,0.703125,0
2552,cell,,21,46,-0.017361569781862568,-0.02598342538445454,0.71875,0
2553,cell,,21,47,-0.017361569781862568,-0.02598342538445454,0.734375,0
2554,cell,,21,48,-0.017361569781862568,-0.02598342538445454,0.75,0
2555,cell,,21,49,-0.017361569781862568,-0.02598342538445454,0.765625,0
2556,cell,,21,50,-0.017361569781862568,-0.02598342538445454,0.78125,0
2557,cell,,21,51,-0.017361569781862568,-0.02598342538445454,0.796875,0
2558,cell,,21,52,-0.017361569781862568,-0.02598342538445454,0.8125,0
2559,cell,,21,53,-0.017361569781862568,-0.02598342538445454,0.828125,0
2560,cell,,21,54,-0.017361569781862568,-0.02598342538445454,0.84375,0
2561,cell,,21,55,-0.017361569781862568,-0.02598342538445454,0.859375,0
2562,cell,,21,56,-0.017361569781862568,-0.02598342538445454,0.875,0
2563,cell,,21,57,-0.017361569781862568,-0.02598342538445454,0.890625,0
2564,cell,,21,58,-0.017361569781862568,-0.02598342538445454,0.90625,0
2565,cell,,21,59,-0.017361569781862568,-0.02598342538445454,0.921875,0
2566,cell,,21,60,-0.017361569781862568,-0.02598342538445454,0.9375,0
2567,cell,,21,61,-0.017361569781862568,-0.02598342538445454,0.953125,0
2568,cell,,21,62,-0.017361569781862568,-0.02598342538445454,0.96875,0
2569,cell,,21,63,-0.017361569781862568,-0.02598342538445454,0.984375,0
2570,cell,,21,64,-0.017361569781862568,-0.02598342538445454,1.0,0
2571,cell,,21,65,-0.017361569781862568,-0.02598342538445454,1.015625,1
2572,cell,,21,66,-0.017361569781862568,-0.02598342538445454,1.03125,0
2573,cell,,21,67,-0.017361569781862568,-0.02598342538445454,1.046875,0
2574,cell,,21,68,-0.017361569781862568,-0.02598342538445454,1.0625,1
2575,cell,,21,69,-0.017361569781862568,-0.02598342538445454,1.078125,1
2576,cell,,21,70,-0.017361569781862568,-0.02598342538445454,1.09375,1
2577,cell,,21,71,-0.017361569781862568,-0.02598342538445454,1.109375,1
2578,cell,,21,72,-0.017361569781862568,-0.02598342538445454,1.125,1
2579,cell,,21,73,-0.017361569781862568,-0.02598342538445454,1.140625,0
2580,cell,,21,74,-0.017361569781862568,-0.02598342538445454,1.15625,0
2581,cell,,21,75,-0.017361569781862568,-0.02598342538445454,1.171875,1
2582,cell,,21,76,-0.017361569781862568,-0.02598342538445454,1.1875,0
2583,cell,,21,77,-0.017361569781862568,-0.02598342538445454,1.203125,0
2584,cell,,21,78,-0.017361569781862568,-0.02598342538445454,1.21875,0
2585,cell,,21,79,-0.017361569781862568,-0.02598342538445454,1.234375,1
2586,cell,,21,80,-0.017361569781862568,-0.02598342538445454,1.25,0
2587,cell,,21,81,-0.017361569781862568,-0.02598342538445454,1.265625,1
2588,cell,,21,82,-0.017361569781862568,-0.02598342538445454,1.28125,1
2589,cell,,21,83,-0.017361569781862568,-0.02598342538445454,1.296875,1
2590,cell,,21,84,-0.017361569781862568,-0.02598342538445454,1.3125,1
2591,cell,,21,85,-0.017361569781862568,-0.02598342538445454,1.328125,1
2592,cell,,21,86,-0.017361569781862568,-0.02598342538445454,1.34375,0
2593,cell,,21,87,-0.017361569781862568,-0.02598342538445454,1.359375,1
2594,cell,,21,88,-0.017361569781862568,-0.02598342538445454,1.375,1
2595,cell,,21,89,-0.017361569781862568,-0.02598342538445454,1.390625,0
2596,cell,,21,90,-0.017361569781862568,-0.02598342538445454,1.40625,0
2597,cell,,21,91,-0.017361569781862568,-0.02598342538445454,1.421875,1
2598,cell,,21,92,-0.017361569781862568,-0.02598342538445454,1.4375,1
2599,cell,,21,93,-0.017361569781862568,-0.02598342538445454,1.453125,1
2600,cell,,21,94,-0.017361569781862568,-0.02598342538445454,1.46875,0
2601,cell,,21,95,-0.017361569781862568,-0.02598342538445454,1.484375,0
2602,cell,,21,96,-0.017361569781862568,-0.02598342538445454,1.5,1
2603,cell,,21,97,-0.017361569781862568,-0.02598342538445454,1.515625,0
2604,cell,,21,98,-0.017361569781862568,-0.02598342538445454,1.53125,1
2605,cell,,21,99,-0.017361569781862568,-0.02598342538445454,1.546875,0
2606,cell,,21,100,-0.017361569781862568,-0.02598342538445454,1.5625,0
2607,cell,,21,101,-0.017361569781862568,-0.02598342538445454,1.578125,1
2608,cell,,21,102,-0.017361569781862568,-0.02598342538445454,1.59375,1
2609,cell,,21,103,-0.017361569781862568,-0.02598342538445454,1.609375,0
2610,cell,,21,104,-0.017361569781862568,-0.02598342538445454,1.625,0
2611,cell,,21,105,-0.017361569781862568,-0.02598342538445454,1.640625,0
2612,cell,,21,106,-0.017361569781862568,-0.02598342538445454,1.65625,0
2613,cell,,21,107,-0.017361569781862568,-0.02598342538445454,1.671875,0
2614,cell,,21,108,-0.017361569781862568,-0.02598342538445454,1.6875,0
2615,cell,,21,109,-0.017361569781862568,-0.02598342538445454,1.703125,1
2616,cell,,21,110,-0.017361569781862568,-0.02598342538445454,1.71875,1
2617,cell,,21,111,-0.017361569781862568,-0.02598342538445454,1.734375,0
2618,cell,,21,112,-0.017361569781862568,-0.02598342538445454,1.75,0
2619,cell,,21,113,-0.017361569781862568,-0.02598342538445454,1.765625,1
2620,cell,,21,114,-0.017361569781862568,-0.02598342538445454,1.78125,0
2621,cell,,21,115,-0.017361569781862568,-0.02598342538445454,1.796875,0
2622,cell,,21,116,-0.017361569781862568,-0.02598342538445454,1.8125,0
2623,cell,,21,117,-0.017361569781862568,-0.02598342538445454,1.828125,0
2624,cell,,22,0,-0.011958857261409073,-0.028871235390977704,0.0,1
2625,cell,,22,1,-0.011958857261409073,-0.028871235390977704,0.015625,1
2626,cell,,22,2,-0.011958857261409073,-0.028871235390977704,0.03125,0
2627,cell,,22,3,-0.011958857261409073,-0.028871235390977704,0.046875,1
2628,cell,,22,4,-0.011958857261409073,-0.028871235390977704,0.0625,0
2629,cell,,22,5,-0.011958857261409073,-0.028871235390977704,0.078125,0
2630,cell,,22,6,-0.011958857261409073,-0.028871235390977704,0.09375,0
2631,cell,,22,7,-0.011958857261409073,-0.028871235390977704,0.109375,0
2632,cell,,22,8,-0.011958857261409073,-0.028871235390977704,0.125,0
2633,cell,,22,9,-0.011958857261409073,-0.028871235390977704,0.140625,0
2634,cell,,22,10,-0.011958857261409073,-0.028871235390977704,0.15625,0
2635,cell,,22,11,-0.011958857261409073,-0.028871235390977704,0.171875,0
2636,cell,,22,12,-0.011958857261409073,-0.028871235390977704,0.1875,0
2637,cell,,22,13,-0.011958857261409073,-0.028871235390977704,0.203125,0
2638,cell,,22,14,-0.011958857261409073,-0.028871235390977704,0.21875,0
2639,cell,,22,15,-0.011958857261409073,-0.028871235390977704,0.234375,0
2640,cell,,22,16,-0.011958857261409073,-0.028871235390977704,0.25,0
2641,cell,,22,17,-0.011958857261409073,-0.028871235390977704,0.265625,0
2642,cell,,22,18,-0.011958857261409073,-0.028871235390977704,0.28125,0
2643,cell,,22,19,-0.011958857261409073,-0.028871235390977704,0.296875,0
2644,cell,,22,20,-0.011958857261409073,-0.028871235390977704,0.3125,0
2645,cell,,22,21,-0.011958857261409073,-0.028871235390977704,0.328125,0
2646,cell,,22,22,-0.011958857261409073,-0.028871235390977704,0.34375,0
2647,cell,,22,23,-0.011958857261409073,-0.028871235390977704,0.359375,0
2648,cell,,22,24,-0.011958857261409073,-0.028871235390977704,0.375,0
2649,cell,,22,25,-0.011958857261409073,-0.028871235390977704,0.390625,0
2650,cell,,22,26,-0.011958857261409073,-0.028871235390977704,0.40625,0
2651,cell,,22,27,-0.011958857261409073,-0.028871235390977704,0.421875,0
2652,cell,,22,28,-0.011958857261409073,-0.028871235390977704,0.4375,0
2653,cell,,22,29,-0.011958857261409073,-0.028871235390977704,0.453125,0
2654,cell,,22,30,-0.011958857261409073,-0.028871235390977704,0.46875,0
2655,cell,,22,31,-0.011958857261409073,-0.028871235390977704,0.484375,0
2656,cell,,22,32,-0.011958857261409073,-0.028871235390977704,0.5,0
2657,cell,,22,33,-0.011958857261409073,-0.028871235390977704,0.515625,1
2658,cell,,22,34,-0.011958857261409073,-0.028871235390977704,0.53125,1
2659,cell,,22,35,-0.011958857261409073,-0.028871235390977704,0.546875,1
2660,cell,,22,36,-0.011958857261409073,-0.028871235390977704,0.5625,0
2661,cell,,22,37,-0.011958857261409073,-0.028871235390977704,0.578125,0
2662,cell,,22,38,-0.011958857261409073,-0.028871235390977704,0.59375,0
2663,cell,,22,39,-0.011958857261409073,-0.028871235390977704,0.609375,0
2664,cell,,22,40,-0.011958857261409073,-0.028871235390977704,0.625,0
2665,cell,,22,41,-0.011958857261409073,-0.028871235390977704,0.640625,0
2666,cell,,22,42,-0.011958857261409073,-0.028871235390977704,0.65625,0
2667,cell,,22,43,-0.011958857261409073,-0.028871235390977704,0.671875,0
2668,cell,,22,44,-0.011958857261409073,-0.028871235390977704,0.6875,0
2669,cell,,22,45,-0.011958857261409073,-0.028871235390977704,0.703125,0
2670,cell,,22,46,-0.011958857261409073,-0.028871235390977704,0.71875,0
2671,cell,,22,47,-0.011958857261409073,-0.028871235390977704,0.734375,0
2672,cell,,22,48,-0.011958857261409073,-0.028871235390977704,0.75,0
2673,cell,,22,49,-0.011958857261409073,-0.028871235390977704,0.765625,0
2674,cell,,22,50,-0.011958857261409073,-0.028871235390977704,0.78125,0
2675,cell,,22,51,-0.011958857261409073,-0.028871235390977704,0.796875,0
2676,cell,,22,52,-0.011958857261409073,-0.028871235390977704,0.8125,0
2677,cell,,22,53,-0.011958857261409073,-0.028871235390977704,0.828125,0
2678,cell,,22,54,-0.011958857261409073,-0.028871235390977704,0.84375,0
2679,cell,,22,55,-0.011958857261409073,-0.028871235390977704,0.859375,0
2680,cell,,22,56,-0.011958857261409073,-0.028871235390977704,0.875,0
2681,cell,,22,57,-0.011958857261409073,-0.028871235390977704,0.890625,0
2682,cell,,22,58,-0.011958857261409073,-0.028871235390977704,0.90625,0
2683,cell,,22,59,-0.011958857261409073,-0.028871235390977704,0.921875,0
2684,cell,,22,60,-0.011958857261409073,-0.028871235390977704,0.9375,0
2685,cell,,22,61,-0.011958857261409073,-0.028871235390977704,0.953125,0
2686,cell,,22,62,-0.011958857261409073,-0.028871235390977704,0.96875,0
2687,cell,,22,63,-0.011958857261409073,-0.028871235390977704,0.984375,0
2688,cell,,22,64,-0.011958857261409073,-0.028871235390977704,1.0,0
2689,cell,,22,65,-0.011958857261409073,-0.028871235390977704,1.015625,1
2690,cell,,22,66,-0.011958857261409073,-0.028871235390977704,1.03125,1
2691,cell,,22,67,-0.011958857261409073,-0.028871235390977704,1.046875,0
2692,cell,,22,68,-0.011958857261409073,-0.028871235390977704,1.0625,1
2693,cell,,22,69,-0.011958857261409073,-0.028871235390977704,1.078125,0
2694,cell,,22,70,-0.011958857261409073,-0.028871235390977704,1.09375,0
2695,cell,,22,71,-0.011958857261409073,-0.028871235390977704,1.109375,1
2696,cell,,22,72,-0.011958857261409073,-0.028871235390977704,1.125,0
2697,cell,,22,73,-0.011958857261409073,-0.028871235390977704,1.140625,1
2698,cell,,22,74,-0.011958857261409073,-0.028871235390977704,1.15625,0
2699,cell,,22,75,-0.011958857261409073,-0.028871235390977704,1.171875,1
2700,cell,,22,76,-0.011958857261409073,-0.028871235390977704,1.1875,1
2701,cell,,22,77,-0.011958857261409073,-0.028871235390977704,1.203125,1
2702,cell,,22,78,-0.011958857261409073,-0.028871235390977704,1.21875,1
2703,cell,,22,79,-0.011958857261409073,-0.028871235390977704,1.234375,0
2704,cell,,22,80,-0.011958857261409073,-0.028871235390977704,1.25,0
2705,cell,,22,81,-0.011958857261409073,-0.028871235390977704,1.265625,0
2706,cell,,22,82,-0.011958857261409073,-0.028871235390977704,1.28125,0
2707,cell,,22,83,-0.011958857261409073,-0.028871235390977704,1.296875,1
2708,cell,,22,84,-0.011958857261409073,-0.028871235390977704,1.3125,0
2709,cell,,22,85,-0.011958857261409073,-0.028871235390977704,1.328125,1
2710,cell,,22,86,-0.011958857261409073,-0.028871235390977704,1.34375,0
2711,cell,,22,87,-0.011958857261409073,-0.028871235390977704,1.359375,0
2712,cell,,22,88,-0.011958857261409073,-0.028871235390977704,1.375,0
2713,cell,,22,89,-0.011958857261409073,-0.028871235390977704,1.390625,1
2714,cell,,22,90,-0.011958857261409073,-0.028871235390977704,1.40625,0
2715,cell,,22,91,-0.011958857261409073,-0.028871235390977704,1.421875,0
2716,cell,,22,92,-0.011958857261409073,-0.028871235390977704,1.4375,1
2717,cell,,22,93,-0.011958857261409073,-0.028871235390977704,1.453125,1
2718,cell,,22,94,-0.011958857261409073,-0.028871235390977704,1.46875,0
2719,cell,,22,95,-0.011958857261409073,-0.028871235390977704,1.484375,0
2720,cell,,22,96,-0.011958857261409073,-0.028871235390977704,1.5,1
2721,cell,,22,97,-0.011958857261409073,-0.028871235390977704,1.515625,0
2722,cell,,22,98,-0.011958857261409073,-0.028871235390977704,1.53125,1
2723,cell,,22,99,-0.011958857261409073,-0.028871235390977704,1.546875,0
2724,cell,,22,100,-0.011958857261409073,-0.028871235390977704,1.5625,1
2725,cell,,22,101,-0.011958857261409073,-0.028871235390977704,1.578125,1
2726,cell,,22,102,-0.011958857261409073,-0.028871235390977704,1.59375,1
2727,cell,,22,103,-0.011958857261409073,-0.028871235390977704,1.609375,0
2728,cell,,22,104,-0.011958857261409073,-0.028871235390977704,1.625,1
2729,cell,,22,105,-0.011958857261409073,-0.028871235390977704,1.640625,1
2730,cell,,22,106,-0.011958857261409073,-0.028871235390977704,1.65625,1
2731,cell,,22,107,-0.011958857261409073,-0.028871235390977704,1.671875,0
2732,cell,,22,108,-0.011958857261409073,-0.028871235390977704,1.6875,1
2733,cell,,22,109,-0.011958857261409073,-0.028871235390977704,1.703125,0
2734,cell,,22,110,-0.011958857261409073,-0.028871235390977704,1.71875,0
2735,cell,,22,111,-0.011958857261409073,-0.028871235390977704,1.734375,1
2736,cell,,22,112,-0.011958857261409073,-0.028871235390977704,1.75,0
2737,cell,,22,113,-0.011958857261409073,-0.028871235390977704,1.765625,0
2738,cell,,22,114,-0.011958857261409073,-0.028871235390977704,1.78125,0
2739,cell,,22,115,-0.011958857261409073,-0.028871235390977704,1.796875,1
2740,cell,,22,116,-0.011958857261409073,-0.028871235390977704,1.8125,0
2741,cell,,22,117,-0.011958857261409073,-0.028871235390977704,1.828125,0
2742,cell,,23,0,-0.006096572563004021,-0.030649540012600947,0.0,0
2743,cell,,23,1,-0.006096572563004021,-0.030649540012600947,0.015625,0
2744,cell,,23,2,-0.006096572563004021,-0.030649540012600947,0.03125,0
2745,cell,,23,3,-0.006096572563004021,-0.030649540012600947,0.046875,1
2746,cell,,23,4,-0.006096572563004021,-0.030649540012600947,0.0625,0
2747,cell,,23,5,-0.006096572563004021,-0.030649540012600947,0.078125,0
2748,cell,,23,6,-0.006096572563004021,-0.030649540012600947,0.09375,0
2749,cell,,23,7,-0.006096572563004021,-0.030649540012600947,0.109375,0
2750,cell,,23,8,-0.006096572563004021,-0.030649540012600947,0.125,0
2751,cell,,23,9,-0.006096572563004021,-0.030649540012600947,0.140625,0
2752,cell,,23,10,-0.006096572563004021,-0.030649540012600947,0.15625,0
2753,cell,,23,11,-0.006096572563004021,-0.030649540012600947,0.171875,0
2754,cell,,23,12,-0.006096572563004021,-0.030649540012600947,0.1875,0
2755,cell,,23,13,-0.006096572563004021,-0.030649540012600947,0.203125,0
2756,cell,,23,14,-0.006096572563004021,-0.030649540012600947,0.21875,0
2757,cell,,23,15,-0.006096572563004021,-0.030649540012600947,0.234375,0
2758,cell,,23,16,-0.006096572563004021,-0.030649540012600947,0.25,0
2759,cell,,23,17,-0.006096572563004021,-0.030649540012600947,0.265625,0
2760,cell,,23,18,-0.006096572563004021,-0.030649540012600947,0.28125,0
2761,cell,,23,19,-0.006096572563004021,-0.030649540012600947,0.296875,0
2762,cell,,23,20,-0.006096572563004021,-0.030649540012600947,0.3125,0
2763,cell,,23,21,-0.006096572563004021,-0.030649540012600947,0.328125,0
2764,cell,,23,22,-0.006096572563004021,-0.030649540012600947,0.34375,0
2765,cell,,23,23,-0.006096572563004021,-0.030649540012600947,0.359375,0
2766,cell,,23,24,-0.006096572563004021,-0.030649540012600947,0.375,0
2767,cell,,23,25,-0.006096572563004021,-0.030649540012600947,0.390625,0
2768,cell,,23,26,-0.006096572563004021,-0.030649540012600947,0.40625,0
2769,cell,,23,27,-0.006096572563004021,-0.030649540012600947,0.421875,0
2770,cell,,23,28,-0.006096572563004021,-0.030649540012600947,0.4375,0
2771,cell,,23,29,-0.006096572563004021,-0.030649540012600947,0.453125,0
2772,cell,,23,30,-0.006096572563004021,-0.030649540012600947,0.46875,0
2773,cell,,23,31,-0.006096572563004021,-0.030649540012600947,0.484375,0
2774,cell,,23,32,-0.006096572563004021,-0.030649540012600947,0.5,1
2775,cell,,23,33,-0.006096572563004021,-0.030649540012600947,0.515625,1
2776,cell,,23,34,-0.006096572563004021,-0.030649540012600947,0.53125,1
2777,cell,,23,35,-0.006096572563004021,-0.030649540012600947,0.546875,0
2778,cell,,23,36,-0.006096572563004021,-0.030649540012600947,0.5625,0
2779,cell,,23,37,-0.006096572563004021,-0.030649540012600947,0.578125,0
2780,cell,,23,38,-0.006096572563004021,-0.030649540012600947,0.59375,0
2781,cell,,23,39,-0.006096572563004021,-0.030649540012600947,0.609375,0
2782,cell,,23,40,-0.006096572563004021,-0.030649540012600947,0.625,0
2783,cell,,23,41,-0.006096572563004021,-0.030649540012600947,0.640625,0
2784,cell,,23,42,-0.006096572563004021,-0.030649540012600947,0.65625,0
2785,cell,,23,43,-0.006096572563004021,-0.030649540012600947,0.671875,0
2786,cell,,23,44,-0.006096572563004021,-0.030649540012600947,0.6875,0
2787,cell,,23,45,-0.006096572563004021,-0.030649540012600947,0.703125,0
2788,cell,,23,46,-0.006096572563004021,-0.030649540012600947,0.71875,0
2789,cell,,23,47,-0.006096572563004021,-0.030649540012600947,0.734375,0
2790,cell,,23,48,-0.006096572563004021,-0.030649540012600947,0.75,0
2791,cell,,23,49,-0.006096572563004021,-0.030649540012600947,0.765625,0
2792,cell,,23,50,-0.006096572563004021,-0.030649540012600947,0.78125,0
2793,cell,,23,51,-0.006096572563004021,-0.030649540012600947,0.796875,0
2794,cell,,23,52,-0.006096572563004021,-0.030649540012600947,0.8125,0
2795,cell,,23,53,-0.006096572563004021,-0.030649540012600947,0.828125,0
2796,cell,,23,54,-0.006096572563004021,-0.030649540012600947,0.84375,0
2797,cell,,23,55,-0.006096572563004021,-0.030649540012600947,0.859375,0
2798,cell,,23,56,-0.006096572563004021,-0.030649540012600947,0.875,0
2799,cell,,23,57,-0.006096572563004021,-0.030649540012600947,0.890625,0
2800,cell,,23,58,-0.006096572563004021,-0.030649540012600947,0.90625,0
2801,cell,,23,59,-0.006096572563004021,-0.030649540012600947,0.921875,0
2802,cell,,23,60,-0.006096572563004021,-0.030649540012600947,0.9375,0
2803,cell,,23,61,-0.006096572563004021,-0.030649540012600947,0.953125,0
2804,cell,,23,62,-0.006096572563004021,-0.030649540012600947,0.96875,0
2805,cell,,23,63,-0.006096572563004021,-0.030649540012600947,0.984375,0
2806,cell,,23,64,-0.006096572563004021,-0.030649540012600947,1.0,0
2807,cell,,23,65,-0.006096572563004021,-0.030649540012600947,1.015625,1
2808,cell,,23,66,-0.006096572563004021,-0.030649540012600947,1.03125,1
2809,cell,,23,67,-0.006096572563004021,-0.030649540012600947,1.046875,1
2810,cell,,23,68,-0.006096572563004021,-0.030649540012600947,1.0625,1
2811,cell,,23,69,-0.006096572563004021,-0.030649540012600947,1.078125,0
2812,cell,,23,70,-0.006096572563004021,-0.030649540012600947,1.09375,0
2813,cell,,23,71,-0.006096572563004021,-0.030649540012600947,1.109375,1
2814,cell,,23,72,-0.006096572563004021,-0.030649540012600947,1.125,1
2815,cell,,23,73,-0.006096572563004021,-0.030649540012600947,1.140625,0
2816,cell,,23,74,-0.006096572563004021,-0.030649540012600947,1.15625,0
2817,cell,,23,75,-0.006096572563004021,-0.030649540012600947,1.171875,1
2818,cell,,23,76,-0.006096572563004021,-0.030649540012600947,1.1875,1
2819,cell,,23,77,-0.006096572563004021,-0.030649540012600947,1.203125,1
2820,cell,,23,78,-0.006096572563004021,-0.030649540012600947,1.21875,1
2821,cell,,23,79,-0.006096572563004021,-0.030649540012600947,1.234375,0
2822,cell,,23,80,-0.006096572563004021,-0.030649540012600947,1.25,0
2823,cell,,23,81,-0.006096572563004021,-0.030649540012600947,1.265625,1
2824,cell,,23,82,-0.006096572563004021,-0.030649540012600947,1.28125,0
2825,cell,,23,83,-0.006096572563004021,-0.030649540012600947,1.296875,1
2826,cell,,23,84,-0.006096572563004021,-0.030649540012600947,1.3125,0
2827,cell,,23,85,-0.006096572563004021,-0.030649540012600947,1.328125,0
2828,cell,,23,86,-0.006096572563004021,-0.030649540012600947,1.34375,0
2829,cell,,23,87,-0.006096572563004021,-0.030649540012600947,1.359375,1
2830,cell,,23,88,-0.006096572563004021,-0.030649540012600947,1.375,0
2831,cell,,23,89,-0.006096572563004021,-0.030649540012600947,1.390625,0
2832,cell,,23,90,-0.006096572563004021,-0.030649540012600947,1.40625,1
2833,cell,,23,91,-0.006096572563004021,-0.030649540012600947,1.421875,0
2834,cell,,23,92,-0.006096572563004021,-0.030649540012600947,1.4375,1
2835,cell,,23,93,-0.006096572563004021,-0.030649540012600947,1.453125,1
2836,cell,,23,94,-0.006096572563004021,-0.030649540012600947,1.46875,0
2837,cell,,23,95,-0.006096572563004021,-0.030649540012600947,1.484375,0
2838,cell,,23,96,-0.006096572563004021,-0.030649540012600947,1.5,1
2839,cell,,23,97,-0.006096572563004021,-0.030649540012600947,1.515625,0
2840,cell,,23,98,-0.006096572563004021,-0.030649540012600947,1.53125,0
2841,cell,,23,99,-0.006096572563004021,-0.030649540012600947,1.546875,0
2842,cell,,23,100,-0.006096572563004021,-0.030649540012600947,1.5625,0
2843,cell,,23,101,-0.006096572563004021,-0.030649540012600947,1.578125,0
2844,cell,,23,102,-0.006096572563004021,-0.030649540012600947,1.59375,0
2845,cell,,23,103,-0.006096572563004021,-0.030649540012600947,1.609375,0
2846,cell,,23,104,-0.006096572563004021,-0.030649540012600947,1.625,0
2847,cell,,23,105,-0.006096572563004021,-0.030649540012600947,1.640625,1
2848,cell,,23,106,-0.006096572563004021,-0.030649540012600947,1.65625,1
2849,cell,,23,107,-0.006096572563004021,-0.030649540012600947,1.671875,1
2850,cell,,23,108,-0.006096572563004021,-0.030649540012600947,1.6875,1
2851,cell,,23,109,-0.006096572563004021,-0.030649540012600947,1.703125,0
2852,cell,,23,110,-0.006096572563004021,-0.030649540012600947,1.71875,1
2853,cell,,23,111,-0.006096572563004021,-0.030649540012600947,1.734375,1
2854,cell,,23,112,-0.006096572563004021,-0.030649540012600947,1.75,1
2855,cell,,23,113,-0.006096572563004021,-0.030649540012600947,1.765625,0
2856,cell,,23,114,-0.006096572563004021,-0.030649540012600947,1.78125,0
2857,cell,,23,115,-0.006096572563004021,-0.030649540012600947,1.796875,1
2858,cell,,23,116,-0.006096572563004021,-0.030649540012600947,1.8125,0
2859,cell,,23,117,-0.006096572563004021,-0.030649540012600947,1.828125,0
2860,cell,,24,0,-5.740531871003218e-18,-0.03125,0.0,1
2861,cell,,24,1,-5.740531871003218e-18,-0.03125,0.015625,0
2862,cell,,24,2,-5.740531871003218e-18,-0.03125,0.03125,1
2863,cell,,24,3,-5.740531871003218e-18,-0.03125,0.046875,0
2864,cell,,24,4,-5.740531871003218e-18,-0.03125,0.0625,0
2865,cell,,24,5,-5.740531871003218e-18,-0.03125,0.078125,0
2866,cell,,24,6,-5.740531871003218e-18,-0.03125,0.09375,0
2867,cell,,24,7,-5.740531871003218e-18,-0.03125,0.109375,0
2868,cell,,24,8,-5.740531871003218e-18,-0.03125,0.125,0
2869,cell,,24,9,-5.740531871003218e-18,-0.03125,0.140625,0
2870,cell,,24,10,-5.740531871003218e-18,-0.03125,0.15625,0
2871,cell,,24,11,-5.740531871003218e-18,-0.03125,0.171875,0
2872,cell,,24,12,-5.740531871003218e-18,-0.03125,0.1875,0
2873,cell,,24,13,-5.740531871003218e-18,-0.03125,0.203125,0
2874,cell,,24,14,-5.740531871003218e-18,-0.03125,0.21875,0
2875,cell,,24,15,-5.740531871003218e-18,-0.03125,0.234375,0
2876,cell,,24,16,-5.740531871003218e-18,-0.03125,0.25,0
2877,cell,,24,17,-5.740531871003218e-18,-0.03125,0.265625,0
2878,cell,,24,18,-5.740531871003218e-18,-0.03125,0.28125,0
2879,cell,,24,19,-5.740531871003218e-18,-0.03125,0.296875,0
2880,cell,,24,20,-5.740531871003218e-18,-0.03125,0.3125,0
2881,cell,,24,21,-5.740531871003218e-18,-0.03125,0.328125,0
2882,cell,,24,22,-5.740531871003218e-18,-0.03125,0.34375,0
2883,cell,,24,23,-5.740531871003218e-18,-0.03125,0.359375,0
2884,cell,,24,24,-5.740531871003218e-18,-0.03125,0.375,0
2885,cell,,24,25,-5.740531871003218e-18,-0.03125,0.390625,0
2886,cell,,24,26,-5.740531871003218e-18,-0.03125,0.40625,0
2887,cell,,24,27,-5.740531871003218e-18,-0.03125,0.421875,0
2888,cell,,24,28,-5.740531871003218e-18,-0.03125,0.4375,0
2889,cell,,24,29,-5.740531871003218e-18,-0.03125,0.453125,0
2890,cell,,24,30,-5.740531871003218e-18,-0.03125,0.46875,0
2891,cell,,24,31,-5.740531871003218e-18,-0.03125,0.484375,0
2892,cell,,24,32,-5.740531871003218e-18,-0.03125,0.5,1
2893,cell,,24,33,-5.740531871003218e-18,-0.03125,0.515625,1
2894,cell,,24,34,-5.740531871003218e-18,-0.03125,0.53125,0
2895,cell,,24,35,-5.740531871003218e-18,-0.03125,0.546875,0
2896,cell,,24,36,-5.740531871003218e-18,-0.03125,0.5625,0
2897,cell,,24,37,-5.740531871003218e-18,-0.03125,0.578125,0
2898,cell,,24,38,-5.740531871003218e-18,-0.03125,0.59375,0
2899,cell,,24,39,-5.740531871003218e-18,-0.03125,0.609375,0
2900,cell,,24,40,-5.740531871003218e-18,-0.03125,0.625,0
2901,cell,,24,41,-5.740531871003218e-18,-0.03125,0.640625,0
2902,cell,,24,42,-5.740531871003218e-18,-0.03125,0.65625,0
2903,cell,,24,43,-5.740531871003218e-18,-0.03125,0.671875,0
2904,cell,,24,44,-5.740531871003218e-18,-0.03125,0.6875,0
2905,cell,,24,45,-5.740531871003218e-18,-0.03125,0.703125,0
2906,cell,,24,46,-5.740531871003218e-18,-0.03125,0.71875,0
2907,cell,,24,47,-5.740531871003218e-18,-0.03125,0.734375,0
2908,cell,,24,48,-5.740531871003218e-18,-0.03125,0.75,0
2909,cell,,24,49,-5.740531871003218e-18,-0.03125,0.765625,0
2910,cell,,24,50,-5.740531871003218e-18,-0.03125,0.78125,0
2911,cell,,24,51,-5.740531871003218e-18,-0.03125,0.796875,0
2912,cell,,24,52,-5.740531871003218e-18,-0.03125,0.8125,0
2913,cell,,24,53,-5.740531871003218e-18,-0.03125,0.828125,0
2914,cell,,24,54,-5.740531871003218e-18,-0.03125,0.84375,0
2915,cell,,24,55,-5.740531871003218e-18,-0.03125,0.859375,0
2916,cell,,24,56,-5.740531871003218e-18,-0.03125,0.875,0
2917,cell,,24,57,-5.740531871003218e-18,-0.03125,0.890625,0
2918,cell,,24,58,-5.740531871003218e-18,-0.03125,0.90625,0
2919,cell,,24,59,-5.740531871003218e-18,-0.03125,0.921875,0
2920,cell,,24,60,-5.740531871003218e-18,-0.03125,0.9375,0
2921,cell,,24,61,-5.740531871003218e-18,-0.03125,0.953125,0
2922,cell,,24,62,-5.740531871003218e-18,-0.03125,0.96875,0
2923,cell,,24,63,-5.740531871003218e-18,-0.03125,0.984375,0
2924,cell,,24,64,-5.740531871003218e-18,-0.03125,1.0,0
2925,cell,,24,65,-5.740531871003218e-18,-0.03125,1.015625,0
2926,cell,,24,66,-5.740531871003218e-18,-0.03125,1.03125,1
2927,cell,,24,67,-5.740531871003218e-18,-0.03125,1.046875,1
2928,cell,,24,68,-5.740531871003218e-18,-0.03125,1.0625,0
2929,cell,,24,69,-5.740531871003218e-18,-0.03125,1.078125,0
2930,cell,,24,70,-5.740531871003218e-18,-0.03125,1.09375,1
2931,cell,,24,71,-5.740531871003218e-18,-0.03125,1.109375,1
2932,cell,,24,72,-5.740531871003218e-18,-0.03125,1.125,1
2933,cell,,24,73,-5.740531871003218e-18,-0.03125,1.140625,0
2934,cell,,24,74,-5.740531871003218e-18,-0.03125,1.15625,1
2935,cell,,24,75,-5.740531871003218e-18,-0.03125,1.171875,1
2936,cell,,24,76,-5.740531871003218e-18,-0.03125,1.1875,1
2937,cell,,24,77,-5.740531871003218e-18,-0.03125,1.203125,1
2938,cell,,24,78,-5.740531871003218e-18,-0.03125,1.21875,1
2939,cell,,24,79,-5.740531871003218e-18,-0.03125,1.234375,0
2940,cell,,24,80,-5.740531871003218e-18,-0.03125,1.25,0
2941,cell,,24,81,-5.740531871003218e-18,-0.03125,1.265625,0
2942,cell,,24,82,-5.740531871003218e-18,-0.03125,1.28125,0
2943,cell,,24,83,-5.740531871003218e-18,-0.03125,1.296875,1
2944,cell,,24,84,-5.740531871003218e-18,-0.03125,1.3125,0
2945,cell,,24,85,-5.740531871003218e-18,-0.03125,1.328125,0
2946,cell,,24,86,-5.740531871003218e-18,-0.03125,1.34375,0
2947,cell,,24,87,-5.740531871003218e-18,-0.03125,1.359375,0
2948,cell,,24,88,-5.740531871003218e-18,-0.03125,1.375,0
2949,cell,,24,89,-5.740531871003218e-18,-0.03125,1.390625,0
2950,cell,,24,90,-5.740531871003218e-18,-0.03125,1.40625,0
2951,cell,,24,91,-5.740531871003218e-18,-0.03125,1.421875,0
2952,cell,,24,92,-5.740531871003218e-18,-0.03125,1.4375,0
2953,cell,,24,93,-5.740531871003218e-18,-0.03125,1.453125,0
2954,cell,,24,94,-5.740531871003218e-18,-0.03125,1.46875,1
2955,cell,,24,95,-5.740531871003218e-18,-0.03125,1.484375,0
2956,cell,,24,96,-5.740531871003218e-18,-0.03125,1.5,1
2957,cell,,24,97,-5.740531871003218e-18,-0.03125,1.515625,0
2958,cell,,24,98,-5.740531871003218e-18,-0.03125,1.53125,0
2959,cell,,24,99,-5.740531871003218e-18,-0.03125,1.546875,0
2960,cell,,24,100,-5.740531871003218e-18,-0.03125,1.5625,1
2961,cell,,24,101,-5.740531871003218e-18,-0.03125,1.578125,1
2962,cell,,24,102,-5.740531871003218e-18,-0.03125,1.59375,1
2963,cell,,24,103,-5.740531871003218e-18,-0.03125,1.609375,0
2964,cell,,24,104,-5.740531871003218e-18,-0.03125,1.625,0
2965,cell,,24,105,-5.740531871003218e-18,-0.03125,1.640625,1
2966,cell,,24,106,-5.740531871003218e-18,-0.03125,1.65625,0
2967,cell,,24,107,-5.740531871003218e-18,-0.03125,1.671875,0
2968,cell,,24,108,-5.740531871003218e-18,-0.03125,1.6875,1
2969,cell,,24,109,-5.740531871003218e-18,-0.03125,1.703125,1
2970,cell,,24,110,-5.740531871003218e-18,-0.03125,1.71875,0
2971,cell,,24,111,-5.740531871003218e-18,-0.03125,1.734375,0
2972,cell,,24,112,-5.740531871003218e-18,-0.03125,1.75,1
2973,cell,,24,113,-5.740531871003218e-18,-0.03125,1.765625,0
2974,cell,,24,114,-5.740531871003218e-18,-0.03125,1.78125,0
2975,cell,,24,115,-5.740531871003218e-18,-0.03125,1.796875,1
2976,cell,,24,116,-5.740531871003218e-18,-0.03125,1.8125,0
2977,cell,,24,117,-5.740531871003218e-18,-0.03125,1.828125,0
2978,cell,,25,0,0.0060965725630040095,-0.03064954001260095,0.0,1
2979,cell,,25,1,0.0060965725630040095,-0.03064954001260095,0.015625,1
2980,cell,,25,2,0.0060965725630040095,-0.03064954001260095,0.03125,1
2981,cell,,25,3,0.0060965725630040095,-0.03064954001260095,0.046875,0
2982,cell,,25,4,0.0060965725630040095,-0.03064954001260095,0.0625,0
2983,cell,,25,5,0.0060965725630040095,-0.03064954001260095,0.078125,0
2984,cell,,25,6,0.0060965725630040095,-0.03064954001260095,0.09375,0
2985,cell,,25,7,0.0060965725630040095,-0.03064954001260095,0.109375,0
2986,cell,,25,8,0.0060965725630040095,-0.03064954001260095,0.125,0
2987,cell,,25,9,0.0060965725630040095,-0.03064954001260095,0.140625,0
2988,cell,,25,10,0.0060965725630040095,-0.03064954001260095,0.15625,0
2989,cell,,25,11,0.0060965725630040095,-0.03064954001260095,0.171875,0
2990,cell,,25,12,0.0060965725630040095,-0.03064954001260095,0.1875,0
2991,cell,,25,13,0.0060965725630040095,-0.03064954001260095,0.203125,0
2992,cell,,25,14,0.0060965725630040095,-0.03064954001260095,0.21875,0
2993,cell,,25,15,0.0060965725630040095,-0.03064954001260095,0.234375,0
2994,cell,,25,16,0.0060965725630040095,-0.03064954001260095,0.25,0
2995,cell,,25,17,0.0060965725630040095,-0.03064954001260095,0.265625,0
2996,cell,,25,18,0.0060965725630040095,-0.03064954001260095,0.28125,0
2997,cell,,25,19,0.0060965725630040095,-0.03064954001260095,0.296875,0
2998,cell,,25,20,0.0060965725630040095,-0.03064954001260095,0.3125,0
2999,cell,,25,21,0.0060965725630040095,-0.03064954001260095,0.328125,0
3000,cell,,25,22,0.0060965725630040095,-0.03064954001260095,0.34375,0
3001,cell,,25,23,0.0060965725630040095,-0.03064954001260095,0.359375,0
3002,cell,,25,24,0.0060965725630040095,-0.03064954001260095,0.375,0
3003,cell,,25,25,0.0060965725630040095,-0.03064954001260095,0.390625,0
3004,cell,,25,26,0.0060965725630040095,-0.03064954001260095,0.40625,0
3005,cell,,25,27,0.0060965725630040095,-0.03064954001260095,0.421875,0
3006,cell,,25,28,0.0060965725630040095,-0.03064954001260095,0.4375,0
3007,cell,,25,29,0.0060965725630040095,-0.03064954001260095,0.453125,0
3008,cell,,25,30,0.0060965725630040095,-0.03064954001260095,0.46875,0
3009,cell,,25,31,0.0060965725630040095,-0.03064954001260095,0.484375,0
3010,cell,,25,32,0.0060965725630040095,-0.03064954001260095,0.5,1
3011,cell,,25,33,0.0060965725630040095,-0.03064954001260095,0.515625,1
3012,cell,,25,34,0.0060965725630040095,-0.03064954001260095,0.53125,1
3013,cell,,25,35,0.0060965725630040095,-0.03064954001260095,0.546875,0
3014,cell,,25,36,0.0060965725630040095,-0.03064954001260095,0.5625,0
3015,cell,,25,37,0.0060965725630040095,-0.03064954001260095,0.578125,0
3016,cell,,25,38,0.0060965725630040095,-0.03064954001260095,0.59375,0
3017,cell,,25,39,0.0060965725630040095,-0.03064954001260095,0.609375,0
3018,cell,,25,40,0.0060965725630040095,-0.03064954001260095,0.625,0
3019,cell,,25,41,0.0060965725630040095,-0.03064954001260095,0.640625,0
3020,cell,,25,42,0.0060965725630040095,-0.03064954001260095,0.65625,0
3021,cell,,25,43,0.0060965725630040095,-0.03064954001260095,0.671875,0
3022,cell,,25,44,0.0060965725630040095,-0.03064954001260095,0.6875,0
3023,cell,,25,45,0.0060965725630040095,-0.03064954001260095,0.703125,0
3024,cell,,25,46,0.0060965725630040095,-0.03064954001260095,0.71875,0
3025,cell,,25,47,0.0060965725630040095,-0.03064954001260095,0.734375,0
3026,cell,,25,48,0.0060965725630040095,-0.03064954001260095,0.75,0
3027,cell,,25,49,0.0060965725630040095,-0.03064954001260095,0.765625,0
3028,cell,,25,50,0.0060965725630040095,-0.03064954001260095,0.78125,0
3029,cell,,25,51,0.0060965725630040095,-0.03064954001260095,0.796875,0
3030,cell,,25,52,0.0060965725630040095,-0.03064954001260095,0.8125,0
3031,cell,,25,53,0.0060965725630040095,-0.03064954001260095,0.828125,0
3032,cell,,25,54,0.0060965725630040095,-0.03064954001260095,0.84375,0
3033,cell,,25,55,0.0060965725630040095,-0.03064954001260095,0.859375,0
3034,cell,,25,56,0.0060965725630040095,-0.03064954001260095,0.875,0
3035,cell,,25,57,0.0060965725630040095,-0.03064954001260095,0.890625,0
3036,cell,,25,58,0.0060965725630040095,-0.03064954001260095,0.90625,0
3037,cell,,25,59,0.0060965725630040095,-0.03064954001260095,0.921875,0
3038,cell,,25,60,0.0060965725630040095,-0.03064954001260095,0.9375,0
3039,cell,,25,61,0.0060965725630040095,-0.03064954001260095,0.953125,0
3040,cell,,25,62,0.0060965725630040095,-0.03064954001260095,0.96875,0
3041,cell,,25,63,0.0060965725630040095,-0.03064954001260095,0.984375,0
3042,cell,,25,64,0.0060965725630040095,-0.03064954001260095,1.0,1
3043,cell,,25,65,0.0060965725630040095,-0.03064954001260095,1.015625,1
3044,cell,,25,66,0.0060965725630040095,-0.03064954001260095,1.03125,0
3045,cell,,25,67,0.0060965725630040095,-0.03064954001260095,1.046875,0
3046,cell,,25,68,0.0060965725630040095,-0.03064954001260095,1.0625,0
3047,cell,,25,69,0.0060965725630040095,-0.03064954001260095,1.078125,1
3048,cell,,25,70,0.0060965725630040095,-0.03064954001260095,1.09375,0
3049,cell,,25,71,0.0060965725630040095,-0.03064954001260095,1.109375,0
3050,cell,,25,72,0.0060965725630040095,-0.03064954001260095,1.125,1
3051,cell,,25,73,0.0060965725630040095,-0.03064954001260095,1.140625,1
3052,cell,,25,74,0.0060965725630040095,-0.03064954001260095,1.15625,0
3053,cell,,25,75,0.0060965725630040095,-0.03064954001260095,1.171875,1
3054,cell,,25,76,0.0060965725630040095,-0.03064954001260095,1.1875,1
3055,cell,,25,77,0.0060965725630040095,-0.03064954001260095,1.203125,1
3056,cell,,25,78,0.0060965725630040095,-0.03064954001260095,1.21875,1
3057,cell,,25,79,0.0060965725630040095,-0.03064954001260095,1.234375,0
3058,cell,,25,80,0.0060965725630040095,-0.03064954001260095,1.25,0
3059,cell,,25,81,0.0060965725630040095,-0.03064954001260095,1.265625,0
3060,cell,,25,82,0.0060965725630040095,-0.03064954001260095,1.28125,0
3061,cell,,25,83,0.0060965725630040095,-0.03064954001260095,1.296875,0
3062,cell,,25,84,0.0060965725630040095,-0.03064954001260095,1.3125,1
3063,cell,,25,85,0.0060965725630040095,-0.03064954001260095,1.328125,1
3064,cell,,25,86,0.0060965725630040095,-0.03064954001260095,1.34375,1
3065,cell,,25,87,0.0060965725630040095,-0.03064954001260095,1.359375,0
3066,cell,,25,88,0.0060965725630040095,-0.03064954001260095,1.375,0
3067,cell,,25,89,0.0060965725630040095,-0.03064954001260095,1.390625,0
3068,cell,,25,90,0.0060965725630040095,-0.03064954001260095,1.40625,1
3069,cell,,25,91,0.0060965725630040095,-0.03064954001260095,1.421875,0
3070,cell,,25,92,0.0060965725630040095,-0.03064954001260095,1.4375,1
3071,cell,,25,93,0.0060965725630040095,-0.03064954001260095,1.453125,1
3072,cell,,25,94,0.0060965725630040095,-0.03064954001260095,1.46875,0
3073,cell,,25,95,0.0060965725630040095,-0.03064954001260095,1.484375,0
3074,cell,,25,96,0.0060965725630040095,-0.03064954001260095,1.5,1
3075,cell,,25,97,0.0060965725630040095,-0.03064954001260095,1.515625,0
3076,cell,,25,98,0.0060965725630040095,-0.03064954001260095,1.53125,1
3077,cell,,25,99,0.0060965725630040095,-0.03064954001260095,1.546875,0
3078,cell,,25,100,0.0060965725630040095,-0.03064954001260095,1.5625,0
3079,cell,,25,101,0.0060965725630040095,-0.03064954001260095,1.578125,1
3080,cell,,25,102,0.0060965725630040095,-0.03064954001260095,1.59375,0
3081,cell,,25,103,0.0060965725630040095,-0.03064954001260095,1.609375,0
3082,cell,,25,104,0.0060965725630040095,-0.03064954001260095,1.625,1
3083,cell,,25,105,0.0060965725630040095,-0.03064954001260095,1.640625,1
3084,cell,,25,106,0.0060965725630040095,-0.03064954001260095,1.65625,0
3085,cell,,25,107,0.0060965725630040095,-0.03064954001260095,1.671875,0
3086,cell,,25,108,0.0060965725630040095,-0.03064954001260095,1.6875,0
3087,cell,,25,109,0.0060965725630040095,-0.03064954001260095,1.703125,0
3088,cell,,25,110,0.0060965725630040095,-0.03064954001260095,1.71875,0
3089,cell,,25,111,0.0060965725630040095,-0.03064954001260095,1.734375,0
3090,cell,,25,112,0.0060965725630040095,-0.03064954001260095,1.75,0
3091,cell,,25,113,0.0060965725630040095,-0.03064954001260095,1.765625,1
3092,cell,,25,114,0.0060965725630040095,-0.03064954001260095,1.78125,0
3093,cell,,25,115,0.0060965725630040095,-0.03064954001260095,1.796875,0
3094,cell,,25,116,0.0060965725630040095,-0.03064954001260095,1.8125,0
3095,cell,,25,117,0.0060965725630040095,-0.03064954001260095,1.828125,0
3096,cell,,26,0,0.011958857261409063,-0.028871235390977707,0.0,0
3097,cell,,26,1,0.011958857261409063,-0.028871235390977707,0.015625,0
3098,cell,,26,2,0.011958857261409063,-0.028871235390977707,0.03125,0
3099,cell,,26,3,0.011958857261409063,-0.028871235390977707,0.046875,0
3100,cell,,26,4,0.011958857261409063,-0.028871235390977707,0.0625,1
3101,cell,,26,5,0.011958857261409063,-0.028871235390977707,0.078125,0
3102,cell,,26,6,0.011958857261409063,-0.028871235390977707,0.09375,0
3103,cell,,26,7,0.011958857261409063,-0.028871235390977707,0.109375,0
3104,cell,,26,8,0.011958857261409063,-0.028871235390977707,0.125,0
3105,cell,,26,9,0.011958857261409063,-0.028871235390977707,0.140625,0
3106,cell,,26,10,0.011958857261409063,-0.028871235390977707,0.15625,0
3107,cell,,26,11,0.011958857261409063,-0.028871235390977707,0.171875,0
3108,cell,,26,12,0.011958857261409063,-0.028871235390977707,0.1875,0
3109,cell,,26,13,0.011958857261409063,-0.028871235390977707,0.203125,0
3110,cell,,26,14,0.011958857261409063,-0.028871235390977707,0.21875,0
3111,cell,,26,15,0.011958857261409063,-0.028871235390977707,0.234375,0
3112,cell,,26,16,0.011958857261409063,-0.028871235390977707,0.25,0
3113,cell,,26,17,0.011958857261409063,-0.028871235390977707,0.265625,0
3114,cell,,26,18,0.011958857261409063,-0.028871235390977707,0.28125,0
3115,cell,,26,19,0.011958857261409063,-0.028871235390977707,0.296875,0
3116,cell,,26,20,0.011958857261409063,-0.028871235390977707,0.3125,0
3117,cell,,26,21,0.011958857261409063,-0.028871235390977707,0.328125,0
3118,cell,,26,22,0.011958857261409063,-0.028871235390977707,0.34375,0
3119,cell,,26,23,0.011958857261409063,-0.028871235390977707,0.359375,0
3120,cell,,26,24,0.011958857261409063,-0.028871235390977707,0.375,0
3121,cell,,26,25,0.011958857261409063,-0.028871235390977707,0.390625,0
3122,cell,,26,26,0.011958857261409063,-0.028871235390977707,0.40625,0
3123,cell,,26,27,0.011958857261409063,-0.028871235390977707,0.421875,0
3124,cell,,26,28,0.011958857261409063,-0.028871235390977707,0.4375,0
3125,cell,,26,29,0.011958857261409063,-0.028871235390977707,0.453125,0
3126,cell,,26,30,0.011958857261409063,-0.028871235390977707,0.46875,0
3127,cell,,26,31,0.011958857261409063,-0.028871235390977707,0.484375,0
3128,cell,,26,32,0.011958857261409063,-0.028871235390977707,0.5,1
3129,cell,,26,33,0.011958857261409063,-0.028871235390977707,0.515625,0
3130,cell,,26,34,0.011958857261409063,-0.028871235390977707,0.53125,1
3131,cell,,26,35,0.011958857261409063,-0.028871235390977707,0.546875,1
3132,cell,,26,36,0.011958857261409063,-0.028871235390977707,0.5625,0
3133,cell,,26,37,0.011958857261409063,-0.028871235390977707,0.578125,0
3134,cell,,26,38,0.011958857261409063,-0.028871235390977707,0.59375,0
3135,cell,,26,39,0.011958857261409063,-0.028871235390977707,0.609375,0
3136,cell,,26,40,0.011958857261409063,-0.028871235390977707,0.625,0
3137,cell,,26,41,0.011958857261409063,-0.028871235390977707,0.640625,0
3138,cell,,26,42,0.011958857261409063,-0.028871235390977707,0.65625,0
3139,cell,,26,43,0.011958857261409063,-0.028871235390977707,0.671875,0
3140,cell,,26,44,0.011958857261409063,-0.028871235390977707,0.6875,0
3141,cell,,26,45,0.011958857261409063,-0.028871235390977707,0.703125,0
3142,cell,,26,46,0.011958857261409063,-0.028871235390977707,0.71875,0
3143,cell,,26,47,0.011958857261409063,-0.028871235390977707,0.734375,0
3144,cell,,26,48,0.011958857261409063,-0.028871235390977707,0.75,0
3145,cell,,26,49,0.011958857261409063,-0.028871235390977707,0.765625,0
3146,cell,,26,50,0.011958857261409063,-0.028871235390977707,0.78125,0
3147,cell,,26,51,0.011958857261409063,-0.028871235390977707,0.796875,0
3148,cell,,26,52,0.011958857261409063,-0.028871235390977707,0.8125,0
3149,cell,,26,53,0.011958857261409063,-0.028871235390977707,0.828125,0
3150,cell,,26,54,0.011958857261409063,-0.028871235390977707,0.84375,0
3151,cell,,26,55,0.011958857261409063,-0.028871235390977707,0.859375,0
3152,cell,,26,56,0.011958857261409063,-0.028871235390977707,0.875,0
3153,cell,,26,57,0.011958857261409063,-0.028871235390977707,0.890625,0
3154,cell,,26,58,0.011958857261409063,-0.028871235390977707,0.90625,0
3155,cell,,26,59,0.011958857261409063,-0.028871235390977707,0.921875,0
3156,cell,,26,60,0.011958857261409063,-0.028871235390977707,0.9375,0
3157,cell,,26,61,0.011958857261409063,-0.028871235390977707,0.953125,0
3158,cell,,26,62,0.011958857261409063,-0.028871235390977707,0.96875,0
3159,cell,,26,63,0.011958857261409063,-0.028871235390977707,0.984375,0
3160,cell,,26,64,0.011958857261409063,-0.028871235390977707,1.0,1
3161,cell,,26,65,0.011958857261409063,-0.028871235390977707,1.015625,1
3162,cell,,26,66,0.011958857261409063,-0.028871235390977707,1.03125,0
3163,cell,,26,67,0.011958857261409063,-0.028871235390977707,1.046875,1
3164,cell,,26,68,0.011958857261409063,-0.028871235390977707,1.0625,1
3165,cell,,26,69,0.011958857261409063,-0.028871235390977707,1.078125,1
3166,cell,,26,70,0.011958857261409063,-0.028871235390977707,1.09375,1
3167,cell,,26,71,0.011958857261409063,-0.028871235390977707,1.109375,1
3168,cell,,26,72,0.011958857261409063,-0.028871235390977707,1.125,1
3169,cell,,26,73,0.011958857261409063,-0.028871235390977707,1.140625,1
3170,cell,,26,74,0.011958857261409063,-0.028871235390977707,1.15625,0
3171,cell,,26,75,0.011958857261409063,-0.028871235390977707,1.171875,0
3172,cell,,26,76,0.011958857261409063,-0.028871235390977707,1.1875,1
3173,cell,,26,77,0.011958857261409063,-0.028871235390977707,1.203125,1
3174,cell,,26,78,0.011958857261409063,-0.028871235390977707,1.21875,1
3175,cell,,26,79,0.011958857261409063,-0.028871235390977707,1.234375,0
3176,cell,,26,80,0.011958857261409063,-0.028871235390977707,1.25,0
3177,cell,,26,81,0.011958857261409063,-0.028871235390977707,1.265625,0
3178,cell,,26,82,0.011958857261409063,-0.028871235390977707,1.28125,0
3179,cell,,26,83,0.011958857261409063,-0.028871235390977707,1.296875,1
3180,cell,,26,84,0.011958857261409063,-0.028871235390977707,1.3125,0
3181,cell,,26,85,0.011958857261409063,-0.028871235390977707,1.328125,0
3182,cell,,26,86,0.011958857261409063,-0.028871235390977707,1.34375,0
3183,cell,,26,87,0.011958857261409063,-0.028871235390977707,1.359375,0
3184,cell,,26,88,0.011958857261409063,-0.028871235390977707,1.375,0
3185,cell,,26,89,0.011958857261409063,-0.028871235390977707,1.390625,0
3186,cell,,26,90,0.011958857261409063,-0.028871235390977707,1.40625,1
3187,cell,,26,91,0.011958857261409063,-0.028871235390977707,1.421875,0
3188,cell,,26,92,0.011958857261409063,-0.028871235390977707,1.4375,1
3189,cell,,26,93,0.011958857261409063,-0.028871235390977707,1.453125,1
3190,cell,,26,94,0.011958857261409063,-0.028871235390977707,1.46875,0
3191,cell,,26,95,0.011958857261409063,-0.028871235390977707,1.484375,0
3192,cell,,26,96,0.011958857261409063,-0.028871235390977707,1.5,1
3193,cell,,26,97,0.011958857261409063,-0.028871235390977707,1.515625,0
3194,cell,,26,98,0.011958857261409063,-0.028871235390977707,1.53125,1
3195,cell,,26,99,0.011958857261409063,-0.028871235390977707,1.546875,1
3196,cell,,26,100,0.011958857261409063,-0.028871235390977707,1.5625,1
3197,cell,,26,101,0.011958857261409063,-0.028871235390977707,1.578125,1
3198,cell,,26,102,0.011958857261409063,-0.028871235390977707,1.59375,1
3199,cell,,26,103,0.011958857261409063,-0.028871235390977707,1.609375,1
3200,cell,,26,104,0.011958857261409063,-0.028871235390977707,1.625,0
3201,cell,,26,105,0.011958857261409063,-0.028871235390977707,1.640625,1
3202,cell,,26,106,0.011958857261409063,-0.028871235390977707,1.65625,0
3203,cell,,26,107,0.011958857261409063,-0.028871235390977707,1.671875,0
3204,cell,,26,108,0.011958857261409063,-0.028871235390977707,1.6875,0
3205,cell,,26,109,0.011958857261409063,-0.028871235390977707,1.703125,0
3206,cell,,26,110,0.011958857261409063,-0.028871235390977707,1.71875,1
3207,cell,,26,111,0.011958857261409063,-0.028871235390977707,1.734375,0
3208,cell,,26,112,0.011958857261409063,-0.028871235390977707,1.75,0
3209,cell,,26,113,0.011958857261409063,-0.028871235390977707,1.765625,0
3210,cell,,26,114,0.011958857261409063,-0.028871235390977707,1.78125,0
3211,cell,,26,115,0.011958857261409063,-0.028871235390977707,1.796875,1
3212,cell,,26,116,0.011958857261409063,-0.028871235390977707,1.8125,0
3213,cell,,26,117,0.011958857261409063,-0.028871235390977707,1.828125,0
3214,cell,,27,0,0.017361569781862558,-0.025983425384454546,0.0,1
3215,cell,,27,1,0.017361569781862558,-0.025983425384454546,0.015625,1
3216,cell,,27,2,0.017361569781862558,-0.025983425384454546,0.03125,1
3217,cell,,27,3,0.017361569781862558,-0.025983425384454546,0.046875,0
3218,cell,,27,4,0.017361569781862558,-0.025983425384454546,0.0625,1
3219,cell,,27,5,0.017361569781862558,-0.025983425384454546,0.078125,0
3220,cell,,27,6,0.017361569781862558,-0.025983425384454546,0.09375,0
3221,cell,,27,7,0.017361569781862558,-0.025983425384454546,0.109375,0
3222,cell,,27,8,0.017361569781862558,-0.025983425384454546,0.125,0
3223,cell,,27,9,0.017361569781862558,-0.025983425384454546,0.140625,0
3224,cell,,27,10,0.017361569781862558,-0.025983425384454546,0.15625,0
3225,cell,,27,11,0.017361569781862558,-0.025983425384454546,0.171875,0
3226,cell,,27,12,0.017361569781862558,-0.025983425384454546,0.1875,0
3227,cell,,27,13,0.017361569781862558,-0.025983425384454546,0.203125,0
3228,cell,,27,14,0.017361569781862558,-0.025983425384454546,0.21875,0
3229,cell,,27,15,0.017361569781862558,-0.025983425384454546,0.234375,0
3230,cell,,27,16,0.017361569781862558,-0.025983425384454546,0.25,0
3231,cell,,27,17,0.017361569781862558,-0.025983425384454546,0.265625,0
3232,cell,,27,18,0.017361569781862558,-0.025983425384454546,0.28125,0
3233,cell,,27,19,0.017361569781862558,-0.025983425384454546,0.296875,0
3234,cell,,27,20,0.017361569781862558,-0.025983425384454546,0.3125,0
3235,cell,,27,21,0.017361569781862558,-0.025983425384454546,0.328125,0
3236,cell,,27,22,0.017361569781862558,-0.025983425384454546,0.34375,0
3237,cell,,27,23,0.017361569781862558,-0.025983425384454546,0.359375,0
3238,cell,,27,24,0.017361569781862558,-0.025983425384454546,0.375,0
3239,cell,,27,25,0.017361569781862558,-0.025983425384454546,0.390625,0
3240,cell,,27,26,0.017361569781862558,-0.025983425384454546,0.40625,0
3241,cell,,27,27,0.017361569781862558,-0.025983425384454546,0.421875,0
3242,cell,,27,28,0.017361569781862558,-0.025983425384454546,0.4375,0
3243,cell,,27,29,0.017361569781862558,-0.025983425384454546,0.453125,0
3244,cell,,27,30,0.017361569781862558,-0.025983425384454546,0.46875,0
3245,cell,,27,31,0.017361569781862558,-0.025983425384454546,0.484375,0
3246,cell,,27,32,0.017361569781862558,-0.025983425384454546,0.5,0
3247,cell,,27,33,0.017361569781862558,-0.025983425384454546,0.515625,0
3248,cell,,27,34,0.017361569781862558,-0.025983425384454546,0.53125,0
3249,cell,,27,35,0.017361569781862558,-0.025983425384454546,0.546875,1
3250,cell,,27,36,0.017361569781862558,-0.025983425384454546,0.5625,1
3251,cell,,27,37,0.017361569781862558,-0.025983425384454546,0.578125,0
3252,cell,,27,38,0.017361569781862558,-0.025983425384454546,0.59375,0
3253,cell,,27,39,0.017361569781862558,-0.025983425384454546,0.609375,0
3254,cell,,27,40,0.017361569781862558,-0.025983425384454546,0.625,0
3255,cell,,27,41,0.017361569781862558,-0.025983425384454546,0.640625,0
3256,cell,,27,42,0.017361569781862558,-0.025983425384454546,0.65625,0
3257,cell,,27,43,0.017361569781862558,-0.025983425384454546,0.671875,0
3258,cell,,27,44,0.017361569781862558,-0.025983425384454546,0.6875,0
3259,cell,,27,45,0.017361569781862558,-0.025983425384454546,0.703125,0
3260,cell,,27,46,0.017361569781862558,-0.025983425384454546,0.71875,0
3261,cell,,27,47,0.017361569781862558,-0.025983425384454546,0.734375,0
3262,cell,,27,48,0.017361569781862558,-0.025983425384454546,0.75,0
3263,cell,,27,49,0.017361569781862558,-0.025983425384454546,0.765625,0
3264,cell,,27,50,0.017361569781862558,-0.025983425384454546,0.78125,0
3265,cell,,27,51,0.017361569781862558,-0.025983425384454546,0.796875,0
3266,cell,,27,52,0.017361569781862558,-0.025983425384454546,0.8125,0
3267,cell,,27,53,0.017361569781862558,-0.025983425384454546,0.828125,0
3268,cell,,27,54,0.017361569781862558,-0.025983425384454546,0.84375,0
3269,cell,,27,55,0.017361569781862558,-0.025983425384454546,0.859375,0
3270,cell,,27,56,0.017361569781862558,-0.025983425384454546,0.875,0
3271,cell,,27,57,0.017361569781862558,-0.025983425384454546,0.890625,0
3272,cell,,27,58,0.017361569781862558,-0.025983425384454546,0.90625,0
3273,cell,,27,59,0.017361569781862558,-0.025983425384454546,0.921875,0
3274,cell,,27,60,0.017361569781862558,-0.025983425384454546,0.9375,0
3275,cell,,27,61,0.017361569781862558,-0.025983425384454546,0.953125,0
3276,cell,,27,62,0.017361569781862558,-0.025983425384454546,0.96875,0
3277,cell,,27,63,0.017361569781862558,-0.025983425384454546,0.984375,0
3278,cell,,27,64,0.017361569781862558,-0.025983425384454546,1.0,0
3279,cell,,27,65,0.017361569781862558,-0.025983425384454546,1.015625,1
3280,cell,,27,66,0.017361569781862558,-0.025983425384454546,1.03125,0
3281,cell,,27,67,0.017361569781862558,-0.025983425384454546,1.046875,1
3282,cell,,27,68,0.017361569781862558,-0.025983425384454546,1.0625,0
3283,cell,,27,69,0.017361569781862558,-0.025983425384454546,1.078125,1
3284,cell,,27,70,0.017361569781862558,-0.025983425384454546,1.09375,0
3285,cell,,27,71,0.017361569781862558,-0.025983425384454546,1.109375,1
3286,cell,,27,72,0.017361569781862558,-0.025983425384454546,1.125,1
3287,cell,,27,73,0.017361569781862558,-0.025983425384454546,1.140625,1
3288,cell,,27,74,0.017361569781862558,-0.025983425384454546,1.15625,1
3289,cell,,27,75,0.017361569781862558,-0.025983425384454546,1.171875,1
3290,cell,,27,76,0.017361569781862558,-0.025983425384454546,1.1875,0
3291,cell,,27,77,0.017361569781862558,-0.025983425384454546,1.203125,1
3292,cell,,27,78,0.017361569781862558,-0.025983425384454546,1.21875,1
3293,cell,,27,79,0.017361569781862558,-0.025983425384454546,1.234375,0
3294,cell,,27,80,0.017361569781862558,-0.025983425384454546,1.25,0
3295,cell,,27,81,0.017361569781862558,-0.025983425384454546,1.265625,1
3296,cell,,27,82,0.017361569781862558,-0.025983425384454546,1.28125,1
3297,cell,,27,83,0.017361569781862558,-0.025983425384454546,1.296875,0
3298,cell,,27,84,0.017361569781862558,-0.025983425384454546,1.3125,0
3299,cell,,27,85,0.017361569781862558,-0.025983425384454546,1.328125,0
3300,cell,,27,86,0.017361569781862558,-0.025983425384454546,1.34375,1
3301,cell,,27,87,0.017361569781862558,-0.025983425384454546,1.359375,1
3302,cell,,27,88,0.017361569781862558,-0.025983425384454546,1.375,1
3303,cell,,27,89,0.017361569781862558,-0.025983425384454546,1.390625,0
3304,cell,,27,90,0.017361569781862558,-0.025983425384454546,1.40625,1
3305,cell,,27,91,0.017361569781862558,-0.025983425384454546,1.421875,0
3306,cell,,27,92,0.017361569781862558,-0.025983425384454546,1.4375,0
3307,cell,,27,93,0.017361569781862558,-0.025983425384454546,1.453125,1
3308,cell,,27,94,0.017361569781862558,-0.025983425384454546,1.46875,0
3309,cell,,27,95,0.017361569781862558,-0.025983425384454546,1.484375,0
3310,cell,,27,96,0.017361569781862558,-0.025983425384454546,1.5,1
3311,cell,,27,97,0.017361569781862558,-0.025983425384454546,1.515625,0
3312,cell,,27,98,0.017361569781862558,-0.025983425384454546,1.53125,1
3313,cell,,27,99,0.017361569781862558,-0.025983425384454546,1.546875,1
3314,cell,,27,100,0.017361569781862558,-0.025983425384454546,1.5625,0
3315,cell,,27,101,0.017361569781862558,-0.025983425384454546,1.578125,1
3316,cell,,27,102,0.017361569781862558,-0.025983425384454546,1.59375,0
3317,cell,,27,103,0.017361569781862558,-0.025983425384454546,1.609375,0
3318,cell,,27,104,0.017361569781862558,-0.025983425384454546,1.625,1
3319,cell,,27,105,0.017361569781862558,-0.025983425384454546,1.640625,0
3320,cell,,27,106,0.017361569781862558,-0.025983425384454546,1.65625,0
3321,cell,,27,107,0.017361569781862558,-0.025983425384454546,1.671875,0
3322,cell,,27,108,0.017361569781862558,-0.025983425384454546,1.6875,0
3323,cell,,27,109,0.017361569781862558,-0.025983425384454546,1.703125,1
3324,cell,,27,110,0.017361569781862558,-0.025983425384454546,1.71875,1
3325,cell,,27,111,0.017361569781862558,-0.025983425384454546,1.734375,1
3326,cell,,27,112,0.017361569781862558,-0.025983425384454546,1.75,1
3327,cell,,27,113,0.017361569781862558,-0.025983425384454546,1.765625,1
3328,cell,,27,114,0.017361569781862558,-0.025983425384454546,1.78125,0
3329,cell,,27,115,0.017361569781862558,-0.025983425384454546,1.796875,0
3330,cell,,27,116,0.017361569781862558,-0.025983425384454546,1.8125,0
3331,cell,,27,117,0.017361569781862558,-0.025983425384454546,1.828125,0
3332,cell,,28,0,0.022097086912079605,-0.022097086912079615,0.0,0
3333,cell,,28,1,0.022097086912079605,-0.022097086912079615,0.015625,0
3334,cell,,28,2,0.022097086912079605,-0.022097086912079615,0.03125,1
3335,cell,,28,3,0.022097086912079605,-0.022097086912079615,0.046875,0
3336,cell,,28,4,0.022097086912079605,-0.022097086912079615,0.0625,0
3337,cell,,28,5,0.022097086912079605,-0.022097086912079615,0.078125,1
3338,cell,,28,6,0.022097086912079605,-0.022097086912079615,0.09375,0
3339,cell,,28,7,0.022097086912079605,-0.022097086912079615,0.109375,0
3340,cell,,28,8,0.022097086912079605,-0.022097086912079615,0.125,0
3341,cell,,28,9,0.022097086912079605,-0.022097086912079615,0.140625,0
3342,cell,,28,10,0.022097086912079605,-0.022097086912079615,0.15625,0
3343,cell,,28,11,0.022097086912079605,-0.022097086912079615,0.171875,0
3344,cell,,28,12,0.022097086912079605,-0.022097086912079615,0.1875,0
3345,cell,,28,13,0.022097086912079605,-0.022097086912079615,0.203125,0
3346,cell,,28,14,0.022097086912079605,-0.022097086912079615,0.21875,0
3347,cell,,28,15,0.022097086912079605,-0.022097086912079615,0.234375,0
3348,cell,,28,16,0.022097086912079605,-0.022097086912079615,0.25,0
3349,cell,,28,17,0.022097086912079605,-0.022097086912079615,0.265625,0
3350,cell,,28,18,0.022097086912079605,-0.022097086912079615,0.28125,0
3351,cell,,28,19,0.022097086912079605,-0.022097086912079615,0.296875,0
3352,cell,,28,20,0.022097086912079605,-0.022097086912079615,0.3125,0
3353,cell,,28,21,0.022097086912079605,-0.022097086912079615,0.328125,0
3354,cell,,28,22,0.022097086912079605,-0.022097086912079615,0.34375,0
3355,cell,,28,23,0.022097086912079605,-0.022097086912079615,0.359375,0
3356,cell,,28,24,0.022097086912079605,-0.022097086912079615,0.375,0
3357,cell,,28,25,0.022097086912079605,-0.022097086912079615,0.390625,0
3358,cell,,28,26,0.022097086912079605,-0.022097086912079615,0.40625,0
3359,cell,,28,27,0.022097086912079605,-0.022097086912079615,0.421875,0
3360,cell,,28,28,0.022097086912079605,-0.022097086912079615,0.4375,0
3361,cell,,28,29,0.022097086912079605,-0.022097086912079615,0.453125,0
3362,cell,,28,30,0.022097086912079605,-0.022097086912079615,0.46875,0
3363,cell,,28,31,0.022097086912079605,-0.022097086912079615,0.484375,0
3364,cell,,28,32,0.022097086912079605,-0.022097086912079615,0.5,1
3365,cell,,28,33,0.022097086912079605,-0.022097086912079615,0.515625,0
3366,cell,,28,34,0.022097086912079605,-0.022097086912079615,0.53125,1
3367,cell,,28,35,0.022097086912079605,-0.022097086912079615,0.546875,0
3368,cell,,28,36,0.022097086912079605,-0.022097086912079615,0.5625,0
3369,cell,,28,37,0.022097086912079605,-0.022097086912079615,0.578125,1
3370,cell,,28,38,0.022097086912079605,-0.022097086912079615,0.59375,0
3371,cell,,28,39,0.022097086912079605,-0.022097086912079615,0.609375,0
3372,cell,,28,40,0.022097086912079605,-0.022097086912079615,0.625,0
3373,cell,,28,41,0.022097086912079605,-0.022097086912079615,0.640625,0
3374,cell,,28,42,0.022097086912079605,-0.022097086912079615,0.65625,0
3375,cell,,28,43,0.022097086912079605,-0.022097086912079615,0.671875,0
3376,cell,,28,44,0.022097086912079605,-0.022097086912079615,0.6875,0
3377,cell,,28,45,0.022097086912079605,-0.022097086912079615,0.703125,0
3378,cell,,28,46,0.022097086912079605,-0.022097086912079615,0.71875,0
3379,cell,,28,47,0.022097086912079605,-0.022097086912079615,0.734375,0
3380,cell,,28,48,0.022097086912079605,-0.022097086912079615,0.75,0
3381,cell,,28,49,0.022097086912079605,-0.022097086912079615,0.765625,0
3382,cell,,28,50,0.022097086912079605,-0.022097086912079615,0.78125,0
3383,cell,,28,51,0.022097086912079605,-0.022097086912079615,0.796875,0
3384,cell,,28,52,0.022097086912079605,-0.022097086912079615,0.8125,0
3385,cell,,28,53,0.022097086912079605,-0.022097086912079615,0.828125,0
3386,cell,,28,54,0.022097086912079605,-0.022097086912079615,0.84375,0
3387,cell,,28,55,0.022097086912079605,-0.022097086912079615,0.859375,0
3388,cell,,28,56,0.022097086912079605,-0.022097086912079615,0.875,0
3389,cell,,28,57,0.022097086912079605,-0.022097086912079615,0.890625,0
3390,cell,,28,58,0.022097086912079605,-0.022097086912079615,0.90625,0
3391,cell,,28,59,0.022097086912079605,-0.022097086912079615,0.921875,0
3392,cell,,28,60,0.022097086912079605,-0.022097086912079615,0.9375,0
3393,cell,,28,61,0.022097086912079605,-0.022097086912079615,0.953125,0
3394,cell,,28,62,0.022097086912079605,-0.022097086912079615,0.96875,0
3395,cell,,28,63,0.022097086912079605,-0.022097086912079615,0.984375,0
3396,cell,,28,64,0.022097086912079605,-0.022097086912079615,1.0,1
3397,cell,,28,65,0.022097086912079605,-0.022097086912079615,1.015625,0
3398,cell,,28,66,0.022097086912079605,-0.022097086912079615,1.03125,0
3399,cell,,28,67,0.022097086912079605,-0.022097086912079615,1.046875,0
3400,cell,,28,68,0.022097086912079605,-0.022097086912079615,1.0625,0
3401,cell,,28,69,0.022097086912079605,-0.022097086912079615,1.078125,1
3402,cell,,28,70,0.022097086912079605,-0.022097086912079615,1.09375,0
3403,cell,,28,71,0.022097086912079605,-0.022097086912079615,1.109375,0
3404,cell,,28,72,0.022097086912079605,-0.022097086912079615,1.125,1
3405,cell,,28,73,0.022097086912079605,-0.022097086912079615,1.140625,1
3406,cell,,28,74,0.022097086912079605,-0.022097086912079615,1.15625,0
3407,cell,,28,75,0.022097086912079605,-0.022097086912079615,1.171875,1
3408,cell,,28,76,0.022097086912079605,-0.022097086912079615,1.1875,1
3409,cell,,28,77,0.022097086912079605,-0.022097086912079615,1.203125,1
3410,cell,,28,78,0.022097086912079605,-0.022097086912079615,1.21875,1
3411,cell,,28,79,0.022097086912079605,-0.022097086912079615,1.234375,0
3412,cell,,28,80,0.022097086912079605,-0.022097086912079615,1.25,0
3413,cell,,28,81,0.022097086912079605,-0.022097086912079615,1.265625,1
3414,cell,,28,82,0.022097086912079605,-0.022097086912079615,1.28125,0
3415,cell,,28,83,0.022097086912079605,-0.022097086912079615,1.296875,1
3416,cell,,28,84,0.022097086912079605,-0.022097086912079615,1.3125,1
3417,cell,,28,85,0.022097086912079605,-0.022097086912079615,1.328125,0
3418,cell,,28,86,0.022097086912079605,-0.022097086912079615,1.34375,1
3419,cell,,28,87,0.022097086912079605,-0.022097086912079615,1.359375,1
3420,cell,,28,88,0.022097086912079605,-0.022097086912079615,1.375,1
3421,cell,,28,89,0.022097086912079605,-0.022097086912079615,1.390625,1
3422,cell,,28,90,0.022097086912079605,-0.022097086912079615,1.40625,1
3423,cell,,28,91,0.022097086912079605,-0.022097086912079615,1.421875,1
3424,cell,,28,92,0.022097086912079605,-0.022097086912079615,1.4375,1
3425,cell,,28,93,0.022097086912079605,-0.022097086912079615,1.453125,0
3426,cell,,28,94,0.022097086912079605,-0.022097086912079615,1.46875,0
3427,cell,,28,95,0.022097086912079605,-0.022097086912079615,1.484375,0
3428,cell,,28,96,0.022097086912079605,-0.022097086912079615,1.5,1
3429,cell,,28,97,0.022097086912079605,-0.022097086912079615,1.515625,0
3430,cell,,28,98,0.022097086912079605,-0.022097086912079615,1.53125,0
3431,cell,,28,99,0.022097086912079605,-0.022097086912079615,1.546875,1
3432,cell,,28,100,0.022097086912079605,-0.022097086912079615,1.5625,0
3433,cell,,28,101,0.022097086912079605,-0.022097086912079615,1.578125,1
3434,cell,,28,102,0.022097086912079605,-0.022097086912079615,1.59375,0
3435,cell,,28,103,0.022097086912079605,-0.022097086912079615,1.609375,0
3436,cell,,28,104,0.022097086912079605,-0.022097086912079615,1.625,0
3437,cell,,28,105,0.022097086912079605,-0.022097086912079615,1.640625,1
3438,cell,,28,106,0.022097086912079605,-0.022097086912079615,1.65625,1
3439,cell,,28,107,0.022097086912079605,-0.022097086912079615,1.671875,0
3440,cell,,28,108,0.022097086912079605,-0.022097086912079615,1.6875,0
3441,cell,,28,109,0.022097086912079605,-0.022097086912079615,1.703125,0
3442,cell,,28,110,0.022097086912079605,-0.022097086912079615,1.71875,0
3443,cell,,28,111,0.022097086912079605,-0.022097086912079615,1.734375,1
3444,cell,,28,112,0.022097086912079605,-0.022097086912079615,1.75,0
3445,cell,,28,113,0.022097086912079605,-0.022097086912079615,1.765625,1
3446,cell,,28,114,0.022097086912079605,-0.022097086912079615,1.78125,1
3447,cell,,28,115,0.022097086912079605,-0.022097086912079615,1.796875,0
3448,cell,,28,116,0.022097086912079605,-0.022097086912079615,1.8125,1
3449,cell,,28,117,0.022097086912079605,-0.022097086912079615,1.828125,1
3450,cell,,29,0,0.02598342538445454,-0.017361569781862568,0.0,0
3451,cell,,29,1,0.02598342538445454,-0.017361569781862568,0.015625,1
3452,cell,,29,2,0.02598342538445454,-0.017361569781862568,0.03125,1
3453,cell,,29,3,0.02598342538445454,-0.017361569781862568,0.046875,0
3454,cell,,29,4,0.02598342538445454,-0.017361569781862568,0.0625,1
3455,cell,,29,5,0.02598342538445454,-0.017361569781862568,0.078125,1
3456,cell,,29,6,0.02598342538445454,-0.017361569781862568,0.09375,0
3457,cell,,29,7,0.02598342538445454,-0.017361569781862568,0.109375,0
3458,cell,,29,8,0.02598342538445454,-0.017361569781862568,0.125,0
3459,cell,,29,9,0.02598342538445454,-0.017361569781862568,0.140625,0
3460,cell,,29,10,0.02598342538445454,-0.017361569781862568,0.15625,0
3461,cell,,29,11,0.02598342538445454,-0.017361569781862568,0.171875,0
3462,cell,,29,12,0.02598342538445454,-0.017361569781862568,0.1875,0
3463,cell,,29,13,0.02598342538445454,-0.017361569781862568,0.203125,0
3464,cell,,29,14,0.02598342538445454,-0.017361569781862568,0.21875,0
3465,cell,,29,15,0.02598342538445454,-0.017361569781862568,0.234375,0
3466,cell,,29,16,0.02598342538445454,-0.017361569781862568,0.25,0
3467,cell,,29,17,0.02598342538445454,-0.017361569781862568,0.265625,0
3468,cell,,29,18,0.02598342538445454,-0.017361569781862568,0.28125,0
3469,cell,,29,19,0.02598342538445454,-0.017361569781862568,0.296875,0
3470,cell,,29,20,0.02598342538445454,-0.017361569781862568,0.3125,0
3471,cell,,29,21,0.02598342538445454,-0.017361569781862568,0.328125,0
3472,cell,,29,22,0.02598342538445454,-0.017361569781862568,0.34375,0
3473,cell,,29,23,0.02598342538445454,-0.017361569781862568,0.359375,0
3474,cell,,29,24,0.02598342538445454,-0.017361569781862568,0.375,0
3475,cell,,29,25,0.02598342538445454,-0.017361569781862568,0.390625,0
3476,cell,,29,26,0.02598342538445454,-0.017361569781862568,0.40625,0
3477,cell,,29,27,0.02598342538445454,-0.017361569781862568,0.421875,0
3478,cell,,29,28,0.02598342538445454,-0.017361569781862568,0.4375,0
3479,cell,,29,29,0.02598342538445454,-0.017361569781862568,0.453125,0
3480,cell,,29,30,0.02598342538445454,-0.017361569781862568,0.46875,0
3481,cell,,29,31,0.02598342538445454,-0.017361569781862568,0.484375,0
3482,cell,,29,32,0.02598342538445454,-0.017361569781862568,0.5,0
3483,cell,,29,33,0.02598342538445454,-0.017361569781862568,0.515625,0
3484,cell,,29,34,0.02598342538445454,-0.017361569781862568,0.53125,1
3485,cell,,29,35,0.02598342538445454,-0.017361569781862568,0.546875,1
3486,cell,,29,36,0.02598342538445454,-0.017361569781862568,0.5625,1
3487,cell,,29,37,0.02598342538445454,-0.017361569781862568,0.578125,1
3488,cell,,29,38,0.02598342538445454,-0.017361569781862568,0.59375,0
3489,cell,,29,39,0.02598342538445454,-0.017361569781862568,0.609375,0
3490,cell,,29,40,0.02598342538445454,-0.017361569781862568,0.625,0
3491,cell,,29,41,0.02598342538445454,-0.017361569781862568,0.640625,0
3492,cell,,29,42,0.02598342538445454,-0.017361569781862568,0.65625,0
3493,cell,,29,43,0.02598342538445454,-0.017361569781862568,0.671875,0
3494,cell,,29,44,0.02598342538445454,-0.017361569781862568,0.6875,0
3495,cell,,29,45,0.02598342538445454,-0.017361569781862568,0.703125,0
3496,cell,,29,46,0.02598342538445454,-0.017361569781862568,0.71875,0
3497,cell,,29,47,0.02598342538445454,-0.017361569781862568,0.734375,0
3498,cell,,29,48,0.02598342538445454,-0.017361569781862568,0.75,0
3499,cell,,29,49,0.02598342538445454,-0.017361569781862568,0.765625,0
3500,cell,,29,50,0.02598342538445454,-0.017361569781862568,0.78125,0
3501,cell,,29,51,0.02598342538445454,-0.017361569781862568,0.796875,0
3502,cell,,29,52,0.02598342538445454,-0.017361569781862568,0.8125,0
3503,cell,,29,53,0.02598342538445454,-0.017361569781862568,0.828125,0
3504,cell,,29,54,0.02598342538445454,-0.017361569781862568,0.84375,0
3505,cell,,29,55,0.02598342538445454,-0.017361569781862568,0.859375,0
3506,cell,,29,56,0.02598342538445454,-0.017361569781862568,0.875,0
3507,cell,,29,57,0.02598342538445454,-0.017361569781862568,0.890625,0
3508,cell,,29,58,0.02598342538445454,-0.017361569781862568,0.90625,0
3509,cell,,29,59,0.02598342538445454,-0.017361569781862568,0.921875,0
3510,cell,,29,60,0.02598342538445454,-0.017361569781862568,0.9375,0
3511,cell,,29,61,0.02598342538445454,-0.017361569781862568,0.953125,0
3512,cell,,29,62,0.02598342538445454,-0.017361569781862568,0.96875,0
3513,cell,,29,63,0.02598342538445454,-0.017361569781862568,0.984375,0
3514,cell,,29,64,0.02598342538445454,-0.017361569781862568,1.0,0
3515,cell,,29,65,0.02598342538445454,-0.017361569781862568,1.015625,0
3516,cell,,29,66,0.02598342538445454,-0.017361569781862568,1.03125,0
3517,cell,,29,67,0.02598342538445454,-0.017361569781862568,1.046875,0
3518,cell,,29,68,0.02598342538445454,-0.017361569781862568,1.0625,1
3519,cell,,29,69,0.02598342538445454,-0.017361569781862568,1.078125,1
3520,cell,,29,70,0.02598342538445454,-0.017361569781862568,1.09375,0
3521,cell,,29,71,0.02598342538445454,-0.017361569781862568,1.109375,0
3522,cell,,29,72,0.02598342538445454,-0.017361569781862568,1.125,0
3523,cell,,29,73,0.02598342538445454,-0.017361569781862568,1.140625,0
3524,cell,,29,74,0.02598342538445454,-0.017361569781862568,1.15625,0
3525,cell,,29,75,0.02598342538445454,-0.017361569781862568,1.171875,0
3526,cell,,29,76,0.02598342538445454,-0.017361569781862568,1.1875,1
3527,cell,,29,77,0.02598342538445454,-0.017361569781862568,1.203125,1
3528,cell,,29,78,0.02598342538445454,-0.017361569781862568,1.21875,1
3529,cell,,29,79,0.02598342538445454,-0.017361569781862568,1.234375,0
3530,cell,,29,80,0.02598342538445454,-0.017361569781862568,1.25,0
3531,cell,,29,81,0.02598342538445454,-0.017361569781862568,1.265625,1
3532,cell,,29,82,0.02598342538445454,-0.017361569781862568,1.28125,1
3533,cell,,29,83,0.02598342538445454,-0.017361569781862568,1.296875,1
3534,cell,,29,84,0.02598342538445454,-0.017361569781862568,1.3125,1
3535,cell,,29,85,0.02598342538445454,-0.017361569781862568,1.328125,0
3536,cell,,29,86,0.02598342538445454,-0.017361569781862568,1.34375,1
3537,cell,,29,87,0.02598342538445454,-0.017361569781862568,1.359375,0
3538,cell,,29,88,0.02598342538445454,-0.017361569781862568,1.375,0
3539,cell,,29,89,0.02598342538445454,-0.017361569781862568,1.390625,0
3540,cell,,29,90,0.02598342538445454,-0.017361569781862568,1.40625,0
3541,cell,,29,91,0.02598342538445454,-0.017361569781862568,1.421875,1
3542,cell,,29,92,0.02598342538445454,-0.017361569781862568,1.4375,1
3543,cell,,29,93,0.02598342538445454,-0.017361569781862568,1.453125,0
3544,cell,,29,94,0.02598342538445454,-0.017361569781862568,1.46875,0
3545,cell,,29,95,0.02598342538445454,-0.017361569781862568,1.484375,0
3546,cell,,29,96,0.02598342538445454,-0.017361569781862568,1.5,1
3547,cell,,29,97,0.02598342538445454,-0.017361569781862568,1.515625,0
3548,cell,,29,98,0.02598342538445454,-0.017361569781862568,1.53125,1
3549,cell,,29,99,0.02598342538445454,-0.017361569781862568,1.546875,0
3550,cell,,29,100,0.02598342538445454,-0.017361569781862568,1.5625,1
3551,cell,,29,101,0.02598342538445454,-0.017361569781862568,1.578125,0
3552,cell,,29,102,0.02598342538445454,-0.017361569781862568,1.59375,0
3553,cell,,29,103,0.02598342538445454,-0.017361569781862568,1.609375,1
3554,cell,,29,104,0.02598342538445454,-0.017361569781862568,1.625,1
3555,cell,,29,105,0.02598342538445454,-0.017361569781862568,1.640625,1
3556,cell,,29,106,0.02598342538445454,-0.017361569781862568,1.65625,1
3557,cell,,29,107,0.02598342538445454,-0.017361569781862568,1.671875,0
3558,cell,,29,108,0.02598342538445454,-0.017361569781862568,1.6875,1
3559,cell,,29,109,0.02598342538445454,-0.017361569781862568,1.703125,1
3560,cell,,29,110,0.02598342538445454,-0.017361569781862568,1.71875,1
3561,cell,,29,111,0.02598342538445454,-0.017361569781862568,1.734375,1
3562,cell,,29,112,0.02598342538445454,-0.017361569781862568,1.75,0
3563,cell,,29,113,0.02598342538445454,-0.017361569781862568,1.765625,0
3564,cell,,29,114,0.02598342538445454,-0.017361569781862568,1.78125,0
3565,cell,,29,115,0.02598342538445454,-0.017361569781862568,1.796875,1
3566,cell,,29,116,0.02598342538445454,-0.017361569781862568,1.8125,0
3567,cell,,29,117,0.02598342538445454,-0.017361569781862568,1.828125,1
3568,cell,,30,0,0.028871235390977704,-0.011958857261409075,0.0,1
3569,cell,,30,1,0.028871235390977704,-0.011958857261409075,0.015625,1
3570,cell,,30,2,0.028871235390977704,-0.011958857261409075,0.03125,0
3571,cell,,30,3,0.028871235390977704,-0.011958857261409075,0.046875,1
3572,cell,,30,4,0.028871235390977704,-0.011958857261409075,0.0625,0
3573,cell,,30,5,0.028871235390977704,-0.011958857261409075,0.078125,0
3574,cell,,30,6,0.028871235390977704,-0.011958857261409075,0.09375,1
3575,cell,,30,7,0.028871235390977704,-0.011958857261409075,0.109375,0
3576,cell,,30,8,0.028871235390977704,-0.011958857261409075,0.125,0
3577,cell,,30,9,0.028871235390977704,-0.011958857261409075,0.140625,0
3578,cell,,30,10,0.028871235390977704,-0.011958857261409075,0.15625,0
3579,cell,,30,11,0.028871235390977704,-0.011958857261409075,0.171875,0
3580,cell,,30,12,0.028871235390977704,-0.011958857261409075,0.1875,0
3581,cell,,30,13,0.028871235390977704,-0.011958857261409075,0.203125,0
3582,cell,,30,14,0.028871235390977704,-0.011958857261409075,0.21875,0
3583,cell,,30,15,0.028871235390977704,-0.011958857261409075,0.234375,0
3584,cell,,30,16,0.028871235390977704,-0.011958857261409075,0.25,0
3585,cell,,30,17,0.028871235390977704,-0.011958857261409075,0.265625,0
3586,cell,,30,18,0.028871235390977704,-0.011958857261409075,0.28125,0
3587,cell,,30,19,0.028871235390977704,-0.011958857261409075,0.296875,0
3588,cell,,30,20,0.028871235390977704,-0.011958857261409075,0.3125,0
3589,cell,,30,21,0.028871235390977704,-0.011958857261409075,0.328125,0
3590,cell,,30,22,0.028871235390977704,-0.011958857261409075,0.34375,0
3591,cell,,30,23,0.028871235390977704,-0.011958857261409075,0.359375,0
3592,cell,,30,24,0.028871235390977704,-0.011958857261409075,0.375,0
3593,cell,,30,25,0.028871235390977704,-0.011958857261409075,0.390625,0
3594,cell,,30,26,0.028871235390977704,-0.011958857261409075,0.40625,0
3595,cell,,30,27,0.028871235390977704,-0.011958857261409075,0.421875,0
3596,cell,,30,28,0.028871235390977704,-0.011958857261409075,0.4375,0
3597,cell,,30,29,0.028871235390977704,-0.011958857261409075,0.453125,0
3598,cell,,30,30,0.028871235390977704,-0.011958857261409075,0.46875,0
3599,cell,,30,31,0.028871235390977704,-0.011958857261409075,0.484375,0
3600,cell,,30,32,0.028871235390977704,-0.011958857261409075,0.5,1
3601,cell,,30,33,0.028871235390977704,-0.011958857261409075,0.515625,0
3602,cell,,30,34,0.028871235390977704,-0.011958857261409075,0.53125,1
3603,cell,,30,35,0.028871235390977704,-0.011958857261409075,0.546875,0
3604,cell,,30,36,0.028871235390977704,-0.011958857261409075,0.5625,1
3605,cell,,30,37,0.028871235390977704,-0.011958857261409075,0.578125,1
3606,cell,,30,38,0.028871235390977704,-0.011958857261409075,0.59375,1
3607,cell,,30,39,0.028871235390977704,-0.011958857261409075,0.609375,0
3608,cell,,30,40,0.028871235390977704,-0.011958857261409075,0.625,0
3609,cell,,30,41,0.028871235390977704,-0.011958857261409075,0.640625,0
3610,cell,,30,42,0.028871235390977704,-0.011958857261409075,0.65625,0
3611,cell,,30,43,0.028871235390977704,-0.011958857261409075,0.671875,0
3612,cell,,30,44,0.028871235390977704,-0.011958857261409075,0.6875,0
3613,cell,,30,45,0.028871235390977704,-0.011958857261409075,0.703125,0
3614,cell,,30,46,0.028871235390977704,-0.011958857261409075,0.71875,0
3615,cell,,30,47,0.028871235390977704,-0.011958857261409075,0.734375,0
3616,cell,,30,48,0.028871235390977704,-0.011958857261409075,0.75,0
3617,cell,,30,49,0.028871235390977704,-0.011958857261409075,0.765625,0
3618,cell,,30,50,0.028871235390977704,-0.011958857261409075,0.78125,0
3619,cell,,30,51,0.028871235390977704,-0.011958857261409075,0.796875,0
3620,cell,,30,52,0.028871235390977704,-0.011958857261409075,0.8125,0
3621,cell,,30,53,0.028871235390977704,-0.011958857261409075,0.828125,0
3622,cell,,30,54,0.028871235390977704,-0.011958857261409075,0.84375,0
3623,cell,,30,55,0.028871235390977704,-0.011958857261409075,0.859375,0
3624,cell,,30,56,0.028871235390977704,-0.011958857261409075,0.875,0
3625,cell,,30,57,0.028871235390977704,-0.011958857261409075,0.890625,0
3626,cell,,30,58,0.028871235390977704,-0.011958857261409075,0.90625,0
3627,cell,,30,59,0.028871235390977704,-0.011958857261409075,0.921875,0
3628,cell,,30,60,0.028871235390977704,-0.011958857261409075,0.9375,0
3629,cell,,30,61,0.028871235390977704,-0.011958857261409075,0.953125,0
3630,cell,,30,62,0.028871235390977704,-0.011958857261409075,0.96875,0
3631,cell,,30,63,0.028871235390977704,-0.011958857261409075,0.984375,0
3632,cell,,30,64,0.028871235390977704,-0.011958857261409075,1.0,1
3633,cell,,30,65,0.028871235390977704,-0.011958857261409075,1.015625,1
3634,cell,,30,66,0.028871235390977704,-0.011958857261409075,1.03125,1
3635,cell,,30,67,0.028871235390977704,-0.011958857261409075,1.046875,0
3636,cell,,30,68,0.028871235390977704,-0.011958857261409075,1.0625,1
3637,cell,,30,69,0.028871235390977704,-0.011958857261409075,1.078125,0
3638,cell,,30,70,0.028871235390977704,-0.011958857261409075,1.09375,0
3639,cell,,30,71,0.028871235390977704,-0.011958857261409075,1.109375,1
3640,cell,,30,72,0.028871235390977704,-0.011958857261409075,1.125,1
3641,cell,,30,73,0.028871235390977704,-0.011958857261409075,1.140625,1
3642,cell,,30,74,0.028871235390977704,-0.011958857261409075,1.15625,0
3643,cell,,30,75,0.028871235390977704,-0.011958857261409075,1.171875,1
3644,cell,,30,76,0.028871235390977704,-0.011958857261409075,1.1875,1
3645,cell,,30,77,0.028871235390977704,-0.011958857261409075,1.203125,1
3646,cell,,30,78,0.028871235390977704,-0.011958857261409075,1.21875,1
3647,cell,,30,79,0.028871235390977704,-0.011958857261409075,1.234375,0
3648,cell,,30,80,0.028871235390977704,-0.011958857261409075,1.25,0
3649,cell,,30,81,0.028871235390977704,-0.011958857261409075,1.265625,0
3650,cell,,30,82,0.028871235390977704,-0.011958857261409075,1.28125,1
3651,cell,,30,83,0.028871235390977704,-0.011958857261409075,1.296875,0
3652,cell,,30,84,0.028871235390977704,-0.011958857261409075,1.3125,0
3653,cell,,30,85,0.028871235390977704,-0.011958857261409075,1.328125,1
3654,cell,,30,86,0.028871235390977704,-0.011958857261409075,1.34375,0
3655,cell,,30,87,0.028871235390977704,-0.011958857261409075,1.359375,0
3656,cell,,30,88,0.028871235390977704,-0.011958857261409075,1.375,0
3657,cell,,30,89,0.028871235390977704,-0.011958857261409075,1.390625,0
3658,cell,,30,90,0.028871235390977704,-0.011958857261409075,1.40625,0
3659,cell,,30,91,0.028871235390977704,-0.011958857261409075,1.421875,0
3660,cell,,30,92,0.028871235390977704,-0.011958857261409075,1.4375,1
3661,cell,,30,93,0.028871235390977704,-0.011958857261409075,1.453125,0
3662,cell,,30,94,0.028871235390977704,-0.011958857261409075,1.46875,0
3663,cell,,30,95,0.028871235390977704,-0.011958857261409075,1.484375,0
3664,cell,,30,96,0.028871235390977704,-0.011958857261409075,1.5,1
3665,cell,,30,97,0.028871235390977704,-0.011958857261409075,1.515625,0
3666,cell,,30,98,0.028871235390977704,-0.011958857261409075,1.53125,0
3667,cell,,30,99,0.028871235390977704,-0.011958857261409075,1.546875,0
3668,cell,,30,100,0.028871235390977704,-0.011958857261409075,1.5625,1
3669,cell,,30,101,0.028871235390977704,-0.011958857261409075,1.578125,0
3670,cell,,30,102,0.028871235390977704,-0.011958857261409075,1.59375,1
3671,cell,,30,103,0.028871235390977704,-0.011958857261409075,1.609375,1
3672,cell,,30,104,0.028871235390977704,-0.011958857261409075,1.625,0
3673,cell,,30,105,0.028871235390977704,-0.011958857261409075,1.640625,1
3674,cell,,30,106,0.028871235390977704,-0.011958857261409075,1.65625,0
3675,cell,,30,107,0.028871235390977704,-0.011958857261409075,1.671875,1
3676,cell,,30,108,0.028871235390977704,-0.011958857261409075,1.6875,0
3677,cell,,30,109,0.028871235390977704,-0.011958857261409075,1.703125,0
3678,cell,,30,110,0.028871235390977704,-0.011958857261409075,1.71875,0
3679,cell,,30,111,0.028871235390977704,-0.011958857261409075,1.734375,0
3680,cell,,30,112,0.028871235390977704,-0.011958857261409075,1.75,0
3681,cell,,30,113,0.028871235390977704,-0.011958857261409075,1.765625,1
3682,cell,,30,114,0.028871235390977704,-0.011958857261409075,1.78125,1
3683,cell,,30,115,0.028871235390977704,-0.011958857261409075,1.796875,0
3684,cell,,30,116,0.028871235390977704,-0.011958857261409075,1.8125,1
3685,cell,,30,117,0.028871235390977704,-0.011958857261409075,1.828125,1
3686,cell,,31,0,0.030649540012600947,-0.0060965725630040225,0.0,0
3687,cell,,31,1,0.030649540012600947,-0.0060965725630040225,0.015625,1
3688,cell,,31,2,0.030649540012600947,-0.0060965725630040225,0.03125,1
3689,cell,,31,3,0.030649540012600947,-0.0060965725630040225,0.046875,1
3690,cell,,31,4,0.030649540012600947,-0.0060965725630040225,0.0625,0
3691,cell,,31,5,0.030649540012600947,-0.0060965725630040225,0.078125,1
3692,cell,,31,6,0.030649540012600947,-0.0060965725630040225,0.09375,1
3693,cell,,31,7,0.030649540012600947,-0.0060965725630040225,0.109375,0
3694,cell,,31,8,0.030649540012600947,-0.0060965725630040225,0.125,0
3695,cell,,31,9,0.030649540012600947,-0.0060965725630040225,0.140625,0
3696,cell,,31,10,0.030649540012600947,-0.0060965725630040225,0.15625,0
3697,cell,,31,11,0.030649540012600947,-0.0060965725630040225,0.171875,0
3698,cell,,31,12,0.030649540012600947,-0.0060965725630040225,0.1875,0
3699,cell,,31,13,0.030649540012600947,-0.0060965725630040225,0.203125,0
3700,cell,,31,14,0.030649540012600947,-0.0060965725630040225,0.21875,0
3701,cell,,31,15,0.030649540012600947,-0.0060965725630040225,0.234375,0
3702,cell,,31,16,0.030649540012600947,-0.0060965725630040225,0.25,0
3703,cell,,31,17,0.030649540012600947,-0.0060965725630040225,0.265625,0
3704,cell,,31,18,0.030649540012600947,-0.0060965725630040225,0.28125,0
3705,cell,,31,19,0.030649540012600947,-0.0060965725630040225,0.296875,0
3706,cell,,31,20,0.030649540012600947,-0.0060965725630040225,0.3125,0
3707,cell,,31,21,0.030649540012600947,-0.0060965725630040225,0.328125,0
3708,cell,,31,22,0.030649540012600947,-0.0060965725630040225,0.34375,0
3709,cell,,31,23,0.030649540012600947,-0.0060965725630040225,0.359375,0
3710,cell,,31,24,0.030649540012600947,-0.0060965725630040225,0.375,0
3711,cell,,31,25,0.030649540012600947,-0.0060965725630040225,0.390625,0
3712,cell,,31,26,0.030649540012600947,-0.0060965725630040225,0.40625,0
3713,cell,,31,27,0.030649540012600947,-0.0060965725630040225,0.421875,0
3714,cell,,31,28,0.030649540012600947,-0.0060965725630040225,0.4375,0
3715,cell,,31,29,0.030649540012600947,-0.0060965725630040225,0.453125,0
3716,cell,,31,30,0.030649540012600947,-0.0060965725630040225,0.46875,0
3717,cell,,31,31,0.030649540012600947,-0.0060965725630040225,0.484375,0
3718,cell,,31,32,0.030649540012600947,-0.0060965725630040225,0.5,1
3719,cell,,31,33,0.030649540012600947,-0.0060965725630040225,0.515625,0
3720,cell,,31,34,0.030649540012600947,-0.0060965725630040225,0.53125,1
3721,cell,,31,35,0.030649540012600947,-0.0060965725630040225,0.546875,1
3722,cell,,31,36,0.030649540012600947,-0.0060965725630040225,0.5625,0
3723,cell,,31,37,0.030649540012600947,-0.0060965725630040225,0.578125,0
3724,cell,,31,38,0.030649540012600947,-0.0060965725630040225,0.59375,0
3725,cell,,31,39,0.030649540012600947,-0.0060965725630040225,0.609375,1
3726,cell,,31,40,0.030649540012600947,-0.0060965725630040225,0.625,0
3727,cell,,31,41,0.030649540012600947,-0.0060965725630040225,0.640625,0
3728,cell,,31,42,0.030649540012600947,-0.0060965725630040225,0.65625,0
3729,cell,,31,43,0.030649540012600947,-0.0060965725630040225,0.671875,0
3730,cell,,31,44,0.030649540012600947,-0.0060965725630040225,0.6875,0
3731,cell,,31,45,0.030649540012600947,-0.0060965725630040225,0.703125,0
3732,cell,,31,46,0.030649540012600947,-0.0060965725630040225,0.71875,0
3733,cell,,31,47,0.030649540012600947,-0.0060965725630040225,0.734375,0
3734,cell,,31,48,0.030649540012600947,-0.0060965725630040225,0.75,0
3735,cell,,31,49,0.030649540012600947,-0.0060965725630040225,0.765625,0
3736,cell,,31,50,0.030649540012600947,-0.0060965725630040225,0.78125,0
3737,cell,,31,51,0.030649540012600947,-0.0060965725630040225,0.796875,0
3738,cell,,31,52,0.030649540012600947,-0.0060965725630040225,0.8125,0
3739,cell,,31,53,0.030649540012600947,-0.0060965725630040225,0.828125,0
3740,cell,,31,54,0.030649540012600947,-0.0060965725630040225,0.84375,0
3741,cell,,31,55,0.030649540012600947,-0.0060965725630040225,0.859375,0
3742,cell,,31,56,0.030649540012600947,-0.0060965725630040225,0.875,0
3743,cell,,31,57,0.030649540012600947,-0.0060965725630040225,0.890625,0
3744,cell,,31,58,0.030649540012600947,-0.0060965725630040225,0.90625,0
3745,cell,,31,59,0.030649540012600947,-0.0060965725630040225,0.921875,0
3746,cell,,31,60,0.030649540012600947,-0.0060965725630040225,0.9375,0
3747,cell,,31,61,0.030649540012600947,-0.0060965725630040225,0.953125,0
3748,cell,,31,62,0.030649540012600947,-0.0060965725630040225,0.96875,0
3749,cell,,31,63,0.030649540012600947,-0.0060965725630040225,0.984375,0
3750,cell,,31,64,0.030649540012600947,-0.0060965725630040225,1.0,1
3751,cell,,31,65,0.030649540012600947,-0.0060965725630040225,1.015625,0
3752,cell,,31,66,0.030649540012600947,-0.0060965725630040225,1.03125,1
3753,cell,,31,67,0.030649540012600947,-0.0060965725630040225,1.046875,1
3754,cell,,31,68,0.030649540012600947,-0.0060965725630040225,1.0625,0
3755,cell,,31,69,0.030649540012600947,-0.0060965725630040225,1.078125,0
3756,cell,,31,70,0.030649540012600947,-0.0060965725630040225,1.09375,0
3757,cell,,31,71,0.030649540012600947,-0.0060965725630040225,1.109375,0
3758,cell,,31,72,0.030649540012600947,-0.0060965725630040225,1.125,1
3759,cell,,31,73,0.030649540012600947,-0.0060965725630040225,1.140625,0
3760,cell,,31,74,0.030649540012600947,-0.0060965725630040225,1.15625,0
3761,cell,,31,75,0.030649540012600947,-0.0060965725630040225,1.171875,0
3762,cell,,31,76,0.030649540012600947,-0.0060965725630040225,1.1875,0
3763,cell,,31,77,0.030649540012600947,-0.0060965725630040225,1.203125,0
3764,cell,,31,78,0.030649540012600947,-0.0060965725630040225,1.21875,0
3765,cell,,31,79,0.030649540012600947,-0.0060965725630040225,1.234375,1
3766,cell,,31,80,0.030649540012600947,-0.0060965725630040225,1.25,0
3767,cell,,31,81,0.030649540012600947,-0.0060965725630040225,1.265625,1
3768,cell,,31,82,0.030649540012600947,-0.0060965725630040225,1.28125,1
3769,cell,,31,83,0.030649540012600947,-0.0060965725630040225,1.296875,0
3770,cell,,31,84,0.030649540012600947,-0.0060965725630040225,1.3125,1
3771,cell,,31,85,0.030649540012600947,-0.0060965725630040225,1.328125,0
3772,cell,,31,86,0.030649540012600947,-0.0060965725630040225,1.34375,1
3773,cell,,31,87,0.030649540012600947,-0.0060965725630040225,1.359375,1
3774,cell,,31,88,0.030649540012600947,-0.0060965725630040225,1.375,1
3775,cell,,31,89,0.030649540012600947,-0.0060965725630040225,1.390625,0
3776,cell,,31,90,0.030649540012600947,-0.0060965725630040225,1.40625,0
3777,cell,,31,91,0.030649540012600947,-0.0060965725630040225,1.421875,0
3778,cell,,31,92,0.030649540012600947,-0.0060965725630040225,1.4375,1
3779,cell,,31,93,0.030649540012600947,-0.0060965725630040225,1.453125,0
3780,cell,,31,94,0.030649540012600947,-0.0060965725630040225,1.46875,0
3781,cell,,31,95,0.030649540012600947,-0.0060965725630040225,1.484375,0
3782,cell,,31,96,0.030649540012600947,-0.0060965725630040225,1.5,1
3783,cell,,31,97,0.030649540012600947,-0.0060965725630040225,1.515625,0
3784,cell,,31,98,0.030649540012600947,-0.0060965725630040225,1.53125,1
3785,cell,,31,99,0.030649540012600947,-0.0060965725630040225,1.546875,0
3786,cell,,31,100,0.030649540012600947,-0.0060965725630040225,1.5625,1
3787,cell,,31,101,0.030649540012600947,-0.0060965725630040225,1.578125,0
3788,cell,,31,102,0.030649540012600947,-0.0060965725630040225,1.59375,0
3789,cell,,31,103,0.030649540012600947,-0.0060965725630040225,1.609375,1
3790,cell,,31,104,0.030649540012600947,-0.0060965725630040225,1.625,0
3791,cell,,31,105,0.030649540012600947,-0.0060965725630040225,1.640625,0
3792,cell,,31,106,0.030649540012600947,-0.0060965725630040225,1.65625,1
3793,cell,,31,107,0.030649540012600947,-0.0060965725630040225,1.671875,0
3794,cell,,31,108,0.030649540012600947,-0.0060965725630040225,1.6875,0
3795,cell,,31,109,0.030649540012600947,-0.0060965725630040225,1.703125,0
3796,cell,,31,110,0.030649540012600947,-0.0060965725630040225,1.71875,0
3797,cell,,31,111,0.030649540012600947,-0.0060965725630040225,1.734375,0
3798,cell,,31,112,0.030649540012600947,-0.0060965725630040225,1.75,1
3799,cell,,31,113,0.030649540012600947,-0.0060965725630040225,1.765625,1
3800,cell,,31,114,0.030649540012600947,-0.0060965725630040225,1.78125,1
3801,cell,,31,115,0.030649540012600947,-0.0060965725630040225,1.796875,0
3802,cell,,31,116,0.030649540012600947,-0.0060965725630040225,1.8125,1
3803,cell,,31,117,0.030649540012600947,-0.0060965725630040225,1.828125,0
3804,cell,,32,0,3.999999999999999,0.0,0.0,1
3805,cell,,32,1,3.999999999999999,0.0,0.015625,1
3806,cell,,32,2,3.999999999999999,0.0,0.03125,0
3807,cell,,32,3,3.999999999999999,0.0,0.046875,0
3808,cell,,32,4,3.999999999999999,0.0,0.0625,0
3809,cell,,32,5,3.999999999999999,0.0,0.078125,0
3810,cell,,32,6,3.999999999999999,0.0,0.09375,0
3811,cell,,32,7,3.999999999999999,0.0,0.109375,1
3812,cell,,32,8,3.999999999999999,0.0,0.125,0
3813,cell,,32,9,3.999999999999999,0.0,0.140625,0
3814,cell,,32,10,3.999999999999999,0.0,0.15625,0
3815,cell,,32,11,3.999999999999999,0.0,0.171875,0
3816,cell,,32,12,3.999999999999999,0.0,0.1875,0
3817,cell,,32,13,3.999999999999999,0.0,0.203125,0
3818,cell,,32,14,3.999999999999999,0.0,0.21875,0
3819,cell,,32,15,3.999999999999999,0.0,0.234375,0
3820,cell,,32,16,3.999999999999999,0.0,0.25,0
3821,cell,,32,17,3.999999999999999,0.0,0.265625,0
3822,cell,,32,18,3.999999999999999,0.0,0.28125,0
3823,cell,,32,19,3.999999999999999,0.0,0.296875,0
3824,cell,,32,20,3.999999999999999,0.0,0.3125,0
3825,cell,,32,21,3.999999999999999,0.0,0.328125,0
3826,cell,,32,22,3.999999999999999,0.0,0.34375,0
3827,cell,,32,23,3.999999999999999,0.0,0.359375,0
3828,cell,,32,24,3.999999999999999,0.0,0.375,0
3829,cell,,32,25,3.999999999999999,0.0,0.390625,0
3830,cell,,32,26,3.999999999999999,0.0,0.40625,0
3831,cell,,32,27,3.999999999999999,0.0,0.421875,0
3832,cell,,32,28,3.999999999999999,0.0,0.4375,0
3833,cell,,32,29,3.999999999999999,0.0,0.453125,0
3834,cell,,32,30,3.999999999999999,0.0,0.46875,0
3835,cell,,32,31,3.999999999999999,0.0,0.484375,0
3836,cell,,32,32,3.999999999999999,0.0,0.5,0
3837,cell,,32,33,3.999999999999999,0.0,0.515625,0
3838,cell,,32,34,3.999999999999999,0.0,0.53125,1
3839,cell,,32,35,3.999999999999999,0.0,0.546875,1
3840,cell,,32,36,3.999999999999999,0.0,0.5625,1
3841,cell,,32,37,3.999999999999999,0.0,0.578125,1
3842,cell,,32,38,3.999999999999999,0.0,0.59375,0
3843,cell,,32,39,3.999999999999999,0.0,0.609375,1
3844,cell,,32,40,3.999999999999999,0.0,0.625,0
3845,cell,,32,41,3.999999999999999,0.0,0.640625,0
3846,cell,,32,42,3.999999999999999,0.0,0.65625,0
3847,cell,,32,43,3.999999999999999,0.0,0.671875,0
3848,cell,,32,44,3.999999999999999,0.0,0.6875,0
3849,cell,,32,45,3.999999999999999,0.0,0.703125,0
3850,cell,,32,46,3.999999999999999,0.0,0.71875,0
3851,cell,,32,47,3.999999999999999,0.0,0.734375,0
3852,cell,,32,48,3.999999999999999,0.0,0.75,0
3853,cell,,32,49,3.999999999999999,0.0,0.765625,0
3854,cell,,32,50,3.999999999999999,0.0,0.78125,0
3855,cell,,32,51,3.999999999999999,0.0,0.796875,0
3856,cell,,32,52,3.999999999999999,0.0,0.8125,0
3857,cell,,32,53,3.999999999999999,0.0,0.828125,0
3858,cell,,32,54,3.999999999999999,0.0,0.84375,0
3859,cell,,32,55,3.999999999999999,0.0,0.859375,0
3860,cell,,32,56,3.999999999999999,0.0,0.875,0
3861,cell,,32,57,3.999999999999999,0.0,0.890625,0
3862,cell,,32,58,3.999999999999999,0.0,0.90625,0
3863,cell,,32,59,3.999999999999999,0.0,0.921875,0
3864,cell,,32,60,3.999999999999999,0.0,0.9375,0
3865,cell,,32,61,3.999999999999999,0.0,0.953125,0
3866,cell,,32,62,3.999999999999999,0.0,0.96875,0
3867,cell,,32,63,3.999999999999999,0.0,0.984375,0
3868,cell,,32,64,3.999999999999999,0.0,1.0,1
3869,cell,,32,65,3.999999999999999,0.0,1.015625,1
3870,cell,,32,66,3.999999999999999,0.0,1.03125,1
3871,cell,,32,67,3.999999999999999,0.0,1.046875,0
3872,cell,,32,68,3.999999999999999,0.0,1.0625,1
3873,cell,,32,69,3.999999999999999,0.0,1.078125,1
3874,cell,,32,70,3.999999999999999,0.0,1.09375,1
3875,cell,,32,71,3.999999999999999,0.0,1.109375,1
3876,cell,,32,72,3.999999999999999,0.0,1.125,1
3877,cell,,32,73,3.999999999999999,0.0,1.140625,1
3878,cell,,32,74,3.999999999999999,0.0,1.15625,0
3879,cell,,32,75,3.999999999999999,0.0,1.171875,0
3880,cell,,32,76,3.999999999999999,0.0,1.1875,1
3881,cell,,32,77,3.999999999999999,0.0,1.203125,1
3882,cell,,32,78,3.999999999999999,0.0,1.21875,1
3883,cell,,32,79,3.999999999999999,0.0,1.234375,0
3884,cell,,32,80,3.999999999999999,0.0,1.25,0
3885,cell,,32,81,3.999999999999999,0.0,1.265625,1
3886,cell,,32,82,3.999999999999999,0.0,1.28125,1
3887,cell,,32,83,3.999999999999999,0.0,1.296875,1
3888,cell,,32,84,3.999999999999999,0.0,1.3125,0
3889,cell,,32,85,3.999999999999999,0.0,1.328125,0
3890,cell,,32,86,3.999999999999999,0.0,1.34375,0
3891,cell,,32,87,3.999999999999999,0.0,1.359375,0
3892,cell,,32,88,3.999999999999999,0.0,1.375,1
3893,cell,,32,89,3.999999999999999,0.0,1.390625,1
3894,cell,,32,90,3.999999999999999,0.0,1.40625,0
3895,cell,,32,91,3.999999999999999,0.0,1.421875,0
3896,cell,,32,92,3.999999999999999,0.0,1.4375,0
3897,cell,,32,93,3.999999999999999,0.0,1.453125,0
3898,cell,,32,94,3.999999999999999,0.0,1.46875,0
3899,cell,,32,95,3.999999999999999,0.0,1.484375,0
3900,cell,,32,96,3.999999999999999,0.0,1.5,1
3901,cell,,32,97,3.999999999999999,0.0,1.515625,0
3902,cell,,32,98,3.999999999999999,0.0,1.53125,0
3903,cell,,32,99,3.999999999999999,0.0,1.546875,0
3904,cell,,32,100,3.999999999999999,0.0,1.5625,0
3905,cell,,32,101,3.999999999999999,0.0,1.578125,1
3906,cell,,32,102,3.999999999999999,0.0,1.59375,0
3907,cell,,32,103,3.999999999999999,0.0,1.609375,0
3908,cell,,32,104,3.999999999999999,0.0,1.625,0
3909,cell,,32,105,3.999999999999999,0.0,1.640625,0
3910,cell,,32,106,3.999999999999999,0.0,1.65625,0
3911,cell,,32,107,3.999999999999999,0.0,1.671875,1
3912,cell,,32,108,3.999999999999999,0.0,1.6875,1
3913,cell,,32,109,3.999999999999999,0.0,1.703125,1
3914,cell,,32,110,3.999999999999999,0.0,1.71875,1
3915,cell,,32,111,3.999999999999999,0.0,1.734375,1
3916,cell,,32,112,3.999999999999999,0.0,1.75,0
3917,cell,,32,113,3.999999999999999,0.0,1.765625,0
3918,cell,,32,114,3.999999999999999,0.0,1.78125,1
3919,cell,,32,115,3.999999999999999,0.0,1.796875,1
3920,cell,,32,116,3.999999999999999,0.0,1.8125,1
3921,cell,,32,117,3.999999999999999,0.0,1.828125,0
3922,cell,,33,0,3.923141121612921,0.7803612880645128,0.0,0
3923,cell,,33,1,3.923141121612921,0.7803612880645128,0.015625,0
3924,cell,,33,2,3.923141121612921,0.7803612880645128,0.03125,1
3925,cell,,33,3,3.923141121612921,0.7803612880645128,0.046875,1
3926,cell,,33,4,3.923141121612921,0.7803612880645128,0.0625,1
3927,cell,,33,5,3.923141121612921,0.7803612880645128,0.078125,0
3928,cell,,33,6,3.923141121612921,0.7803612880645128,0.09375,0
3929,cell,,33,7,3.923141121612921,0.7803612880645128,0.109375,1
3930,cell,,33,8,3.923141121612921,0.7803612880645128,0.125,0
3931,cell,,33,9,3.923141121612921,0.7803612880645128,0.140625,0
3932,cell,,33,10,3.923141121612921,0.7803612880645128,0.15625,0
3933,cell,,33,11,3.923141121612921,0.7803612880645128,0.171875,0
3934,cell,,33,12,3.923141121612921,0.7803612880645128,0.1875,0
3935,cell,,33,13,3.923141121612921,0.7803612880645128,0.203125,0
3936,cell,,33,14,3.923141121612921,0.7803612880645128,0.21875,0
3937,cell,,33,15,3.923141121612921,0.7803612880645128,0.234375,0
3938,cell,,33,16,3.923141121612921,0.7803612880645128,0.25,0
3939,cell,,33,17,3.923141121612921,0.7803612880645128,0.265625,0
3940,cell,,33,18,3.923141121612921,0.7803612880645128,0.28125,0
3941,cell,,33,19,3.923141121612921,0.7803612880645128,0.296875,0
3942,cell,,33,20,3.923141121612921,0.7803612880645128,0.3125,0
3943,cell,,33,21,3.923141121612921,0.7803612880645128,0.328125,0
3944,cell,,33,22,3.923141121612921,0.7803612880645128,0.34375,0
3945,cell,,33,23,3.923141121612921,0.7803612880645128,0.359375,0
3946,cell,,33,24,3.923141121612921,0.7803612880645128,0.375,0
3947,cell,,33,25,3.923141121612921,0.7803612880645128,0.390625,0
3948,cell,,33,26,3.923141121612921,0.7803612880645128,0.40625,0
3949,cell,,33,27,3.923141121612921,0.7803612880645128,0.421875,0
3950,cell,,33,28,3.923141121612921,0.7803612880645128,0.4375,0
3951,cell,,33,29,3.923141121612921,0.7803612880645128,0.453125,0
3952,cell,,33,30,3.923141121612921,0.7803612880645128,0.46875,0
3953,cell,,33,31,3.923141121612921,0.7803612880645128,0.484375,0
3954,cell,,33,32,3.923141121612921,0.7803612880645128,0.5,1
3955,cell,,33,33,3.923141121612921,0.7803612880645128,0.515625,1
3956,cell,,33,34,3.923141121612921,0.7803612880645128,0.53125,1
3957,cell,,33,35,3.923141121612921,0.7803612880645128,0.546875,1
3958,cell,,33,36,3.923141121612921,0.7803612880645128,0.5625,1
3959,cell,,33,37,3.923141121612921,0.7803612880645128,0.578125,0
3960,cell,,33,38,3.923141121612921,0.7803612880645128,0.59375,1
3961,cell,,33,39,3.923141121612921,0.7803612880645128,0.609375,1
3962,cell,,33,40,3.923141121612921,0.7803612880645128,0.625,0
3963,cell,,33,41,3.923141121612921,0.7803612880645128,0.640625,0
3964,cell,,33,42,3.923141121612921,0.7803612880645128,0.65625,0
3965,cell,,33,43,3.923141121612921,0.7803612880645128,0.671875,0
3966,cell,,33,44,3.923141121612921,0.7803612880645128,0.6875,0
3967,cell,,33,45,3.923141121612921,0.7803612880645128,0.703125,0
3968,cell,,33,46,3.923141121612921,0.7803612880645128,0.71875,0
3969,cell,,33,47,3.923141121612921,0.7803612880645128,0.734375,0
3970,cell,,33,48,3.923141121612921,0.7803612880645128,0.75,0
3971,cell,,33,49,3.923141121612921,0.7803612880645128,0.765625,0
3972,cell,,33,50,3.923141121612921,0.7803612880645128,0.78125,0
3973,cell,,33,51,3.923141121612921,0.7803612880645128,0.796875,0
3974,cell,,33,52,3.923141121612921,0.7803612880645128,0.8125,0
3975,cell,,33,53,3.923141121612921,0.7803612880645128,0.828125,0
3976,cell,,33,54,3.923141121612921,0.7803612880645128,0.84375,0
3977,cell,,33,55,3.923141121612921,0.7803612880645128,0.859375,0
3978,cell,,33,56,3.923141121612921,0.7803612880645128,0.875,0
3979,cell,,33,57,3.923141121612921,0.7803612880645128,0.890625,0
3980,cell,,33,58,3.923141121612921,0.7803612880645128,0.90625,0
3981,cell,,33,59,3.923141121612921,0.7803612880645128,0.921875,0
3982,cell,,33,60,3.923141121612921,0.7803612880645128,0.9375,0
3983,cell,,33,61,3.923141121612921,0.7803612880645128,0.953125,0
3984,cell,,33,62,3.923141121612921,0.7803612880645128,0.96875,0
3985,cell,,33,63,3.923141121612921,0.7803612880645128,0.984375,0
3986,cell,,33,64,3.923141121612921,0.7803612880645128,1.0,1
3987,cell,,33,65,3.923141121612921,0.7803612880645128,1.015625,0
3988,cell,,33,66,3.923141121612921,0.7803612880645128,1.03125,1
3989,cell,,33,67,3.923141121612921,0.7803612880645128,1.046875,0
3990,cell,,33,68,3.923141121612921,0.7803612880645128,1.0625,0
3991,cell,,33,69,3.923141121612921,0.7803612880645128,1.078125,0
3992,cell,,33,70,3.923141121612921,0.7803612880645128,1.09375,0
3993,cell,,33,71,3.923141121612921,0.7803612880645128,1.109375,0
3994,cell,,33,72,3.923141121612921,0.7803612880645128,1.125,1
3995,cell,,33,73,3.923141121612921,0.7803612880645128,1.140625,1
3996,cell,,33,74,3.923141121612921,0.7803612880645128,1.15625,0
3997,cell,,33,75,3.923141121612921,0.7803612880645128,1.171875,1
3998,cell,,33,76,3.923141121612921,0.7803612880645128,1.1875,1
3999,cell,,33,77,3.923141121612921,0.7803612880645128,1.203125,1
4000,cell,,33,78,3.923141121612921,0.7803612880645128,1.21875,1
4001,cell,,33,79,3.923141121612921,0.7803612880645128,1.234375,0
4002,cell,,33,80,3.923141121612921,0.7803612880645128,1.25,0
4003,cell,,33,81,3.923141121612921,0.7803612880645128,1.265625,1
4004,cell,,33,82,3.923141121612921,0.7803612880645128,1.28125,1
4005,cell,,33,83,3.923141121612921,0.7803612880645128,1.296875,0
4006,cell,,33,84,3.923141121612921,0.7803612880645128,1.3125,1
4007,cell,,33,85,3.923141121612921,0.7803612880645128,1.328125,0
4008,cell,,33,86,3.923141121612921,0.7803612880645128,1.34375,0
4009,cell,,33,87,3.923141121612921,0.7803612880645128,1.359375,0
4010,cell,,33,88,3.923141121612921,0.7803612880645128,1.375,1
4011,cell,,33,89,3.923141121612921,0.7803612880645128,1.390625,1
4012,cell,,33,90,3.923141121612921,0.7803612880645128,1.40625,0
4013,cell,,33,91,3.923141121612921,0.7803612880645128,1.421875,0
4014,cell,,33,92,3.923141121612921,0.7803612880645128,1.4375,0
4015,cell,,33,93,3.923141121612921,0.7803612880645128,1.453125,0
4016,cell,,33,94,3.923141121612921,0.7803612880645128,1.46875,0
4017,cell,,33,95,3.923141121612921,0.7803612880645128,1.484375,0
4018,cell,,33,96,3.923141121612921,0.7803612880645128,1.5,1
4019,cell,,33,97,3.923141121612921,0.7803612880645128,1.515625,0
4020,cell,,33,98,3.923141121612921,0.7803612880645128,1.53125,1
4021,cell,,33,99,3.923141121612921,0.7803612880645128,1.546875,0
4022,cell,,33,100,3.923141121612921,0.7803612880645128,1.5625,0
4023,cell,,33,101,3.923141121612921,0.7803612880645128,1.578125,1
4024,cell,,33,102,3.923141121612921,0.7803612880645128,1.59375,1
4025,cell,,33,103,3.923141121612921,0.7803612880645128,1.609375,1
4026,cell,,33,104,3.923141121612921,0.7803612880645128,1.625,0
4027,cell,,33,105,3.923141121612921,0.7803612880645128,1.640625,1
4028,cell,,33,106,3.923141121612921,0.7803612880645128,1.65625,0
4029,cell,,33,107,3.923141121612921,0.7803612880645128,1.671875,1
4030,cell,,33,108,3.923141121612921,0.7803612880645128,1.6875,0
4031,cell,,33,109,3.923141121612921,0.7803612880645128,1.703125,1
4032,cell,,33,110,3.923141121612921,0.7803612880645128,1.71875,0
4033,cell,,33,111,3.923141121612921,0.7803612880645128,1.734375,1
4034,cell,,33,112,3.923141121612921,0.7803612880645128,1.75,0
4035,cell,,33,113,3.923141121612921,0.7803612880645128,1.765625,0
4036,cell,,33,114,3.923141121612921,0.7803612880645128,1.78125,1
4037,cell,,33,115,3.923141121612921,0.7803612880645128,1.796875,1
4038,cell,,33,116,3.923141121612921,0.7803612880645128,1.8125,1
4039,cell,,33,117,3.923141121612921,0.7803612880645128,1.828125,0
4040,cell,,34,0,3.695518130045146,1.5307337294603587,0.0,1
4041,cell,,34,1,3.695518130045146,1.5307337294603587,0.015625,0
4042,cell,,34,2,3.695518130045146,1.5307337294603587,0.03125,0
4043,cell,,34,3,3.695518130045146,1.5307337294603587,0.046875,0
4044,cell,,34,4,3.695518130045146,1.5307337294603587,0.0625,1
4045,cell,,34,5,3.695518130045146,1.5307337294603587,0.078125,1
4046,cell,,34,6,3.695518130045146,1.5307337294603587,0.09375,0
4047,cell,,34,7,3.695518130045146,1.5307337294603587,0.109375,1
4048,cell,,34,8,3.695518130045146,1.5307337294603587,0.125,0
4049,cell,,34,9,3.695518130045146,1.5307337294603587,0.140625,0
4050,cell,,34,10,3.695518130045146,1.5307337294603587,0.15625,0
4051,cell,,34,11,3.695518130045146,1.5307337294603587,0.171875,0
4052,cell,,34,12,3.695518130045146,1.5307337294603587,0.1875,0
4053,cell,,34,13,3.695518130045146,1.5307337294603587,0.203125,0
4054,cell,,34,14,3.695518130045146,1.5307337294603587,0.21875,0
4055,cell,,34,15,3.695518130045146,1.5307337294603587,0.234375,0
4056,cell,,34,16,3.695518130045146,1.5307337294603587,0.25,0
4057,cell,,34,17,3.695518130045146,1.5307337294603587,0.265625,0
4058,cell,,34,18,3.695518130045146,1.5307337294603587,0.28125,0
4059,cell,,34,19,3.695518130045146,1.5307337294603587,0.296875,0
4060,cell,,34,20,3.695518130045146,1.5307337294603587,0.3125,0
4061,cell,,34,21,3.695518130045146,1.5307337294603587,0.328125,0
4062,cell,,34,22,3.695518130045146,1.5307337294603587,0.34375,0
4063,cell,,34,23,3.695518130045146,1.5307337294603587,0.359375,0
4064,cell,,34,24,3.695518130045146,1.5307337294603587,0.375,0
4065,cell,,34,25,3.695518130045146,1.5307337294603587,0.390625,0
4066,cell,,34,26,3.695518130045146,1.5307337294603587,0.40625,0
4067,cell,,34,27,3.695518130045146,1.5307337294603587,0.421875,0
4068,cell,,34,28,3.695518130045146,1.5307337294603587,0.4375,0
4069,cell,,34,29,3.695518130045146,1.5307337294603587,0.453125,0
4070,cell,,34,30,3.695518130045146,1.5307337294603587,0.46875,0
4071,cell,,34,31,3.695518130045146,1.5307337294603587,0.484375,0
4072,cell,,34,32,3.695518130045146,1.5307337294603587,0.5,1
4073,cell,,34,33,3.695518130045146,1.5307337294603587,0.515625,1
4074,cell,,34,34,3.695518130045146,1.5307337294603587,0.53125,1
4075,cell,,34,35,3.695518130045146,1.5307337294603587,0.546875,1
4076,cell,,34,36,3.695518130045146,1.5307337294603587,0.5625,1
4077,cell,,34,37,3.695518130045146,1.5307337294603587,0.578125,1
4078,cell,,34,38,3.695518130045146,1.5307337294603587,0.59375,1
4079,cell,,34,39,3.695518130045146,1.5307337294603587,0.609375,1
4080,cell,,34,40,3.695518130045146,1.5307337294603587,0.625,0
4081,cell,,34,41,3.695518130045146,1.5307337294603587,0.640625,0
4082,cell,,34,42,3.695518130045146,1.5307337294603587,0.65625,0
4083,cell,,34,43,3.695518130045146,1.5307337294603587,0.671875,0
4084,cell,,34,44,3.695518130045146,1.5307337294603587,0.6875,0
4085,cell,,34,45,3.695518130045146,1.5307337294603587,0.703125,0
4086,cell,,34,46,3.695518130045146,1.5307337294603587,0.71875,0
4087,cell,,34,47,3.695518130045146,1.5307337294603587,0.734375,0
4088,cell,,34,48,3.695518130045146,1.5307337294603587,0.75,0
4089,cell,,34,49,3.695518130045146,1.5307337294603587,0.765625,0
4090,cell,,34,50,3.695518130045146,1.5307337294603587,0.78125,0
4091,cell,,34,51,3.695518130045146,1.5307337294603587,0.796875,0
4092,cell,,34,52,3.695518130045146,1.5307337294603587,0.8125,0
4093,cell,,34,53,3.695518130045146,1.5307337294603587,0.828125,0
4094,cell,,34,54,3.695518130045146,1.5307337294603587,0.84375,0
4095,cell,,34,55,3.695518130045146,1.5307337294603587,0.859375,0
4096,cell,,34,56,3.695518130045146,1.5307337294603587,0.875,0
4097,cell,,34,57,3.695518130045146,1.5307337294603587,0.890625,0
4098,cell,,34,58,3.695518130045146,1.5307337294603587,0.90625,0
4099,cell,,34,59,3.695518130045146,1.5307337294603587,0.921875,0
4100,cell,,34,60,3.695518130045146,1.5307337294603587,0.9375,0
4101,cell,,34,61,3.695518130045146,1.5307337294603587,0.953125,0
4102,cell,,34,62,3.695518130045146,1.5307337294603587,0.96875,0
4103,cell,,34,63,3.695518130045146,1.5307337294603587,0.984375,0
4104,cell,,34,64,3.695518130045146,1.5307337294603587,1.0,1
4105,cell,,34,65,3.695518130045146,1.5307337294603587,1.015625,1
4106,cell,,34,66,3.695518130045146,1.5307337294603587,1.03125,1
4107,cell,,34,67,3.695518130045146,1.5307337294603587,1.046875,0
4108,cell,,34,68,3.695518130045146,1.5307337294603587,1.0625,0
4109,cell,,34,69,3.695518130045146,1.5307337294603587,1.078125,1
4110,cell,,34,70,3.695518130045146,1.5307337294603587,1.09375,0
4111,cell,,34,71,3.695518130045146,1.5307337294603587,1.109375,0
4112,cell,,34,72,3.695518130045146,1.5307337294603587,1.125,0
4113,cell,,34,73,3.695518130045146,1.5307337294603587,1.140625,0
4114,cell,,34,74,3.695518130045146,1.5307337294603587,1.15625,0
4115,cell,,34,75,3.695518130045146,1.5307337294603587,1.171875,1
4116,cell,,34,76,3.695518130045146,1.5307337294603587,1.1875,0
4117,cell,,34,77,3.695518130045146,1.5307337294603587,1.203125,0
4118,cell,,34,78,3.695518130045146,1.5307337294603587,1.21875,0
4119,cell,,34,79,3.695518130045146,1.5307337294603587,1.234375,1
4120,cell,,34,80,3.695518130045146,1.5307337294603587,1.25,0
4121,cell,,34,81,3.695518130045146,1.5307337294603587,1.265625,1
4122,cell,,34,82,3.695518130045146,1.5307337294603587,1.28125,0
4123,cell,,34,83,3.695518130045146,1.5307337294603587,1.296875,1
4124,cell,,34,84,3.695518130045146,1.5307337294603587,1.3125,1
4125,cell,,34,85,3.695518130045146,1.5307337294603587,1.328125,1
4126,cell,,34,86,3.695518130045146,1.5307337294603587,1.34375,0
4127,cell,,34,87,3.695518130045146,1.5307337294603587,1.359375,0
4128,cell,,34,88,3.695518130045146,1.5307337294603587,1.375,1
4129,cell,,34,89,3.695518130045146,1.5307337294603587,1.390625,0
4130,cell,,34,90,3.695518130045146,1.5307337294603587,1.40625,0
4131,cell,,34,91,3.695518130045146,1.5307337294603587,1.421875,0
4132,cell,,34,92,3.695518130045146,1.5307337294603587,1.4375,0
4133,cell,,34,93,3.695518130045146,1.5307337294603587,1.453125,0
4134,cell,,34,94,3.695518130045146,1.5307337294603587,1.46875,0
4135,cell,,34,95,3.695518130045146,1.5307337294603587,1.484375,0
4136,cell,,34,96,3.695518130045146,1.5307337294603587,1.5,1
4137,cell,,34,97,3.695518130045146,1.5307337294603587,1.515625,0
4138,cell,,34,98,3.695518130045146,1.5307337294603587,1.53125,1
4139,cell,,34,99,3.695518130045146,1.5307337294603587,1.546875,0
4140,cell,,34,100,3.695518130045146,1.5307337294603587,1.5625,1
4141,cell,,34,101,3.695518130045146,1.5307337294603587,1.578125,1
4142,cell,,34,102,3.695518130045146,1.5307337294603587,1.59375,1
4143,cell,,34,103,3.695518130045146,1.5307337294603587,1.609375,0
4144,cell,,34,104,3.695518130045146,1.5307337294603587,1.625,1
4145,cell,,34,105,3.695518130045146,1.5307337294603587,1.640625,0
4146,cell,,34,106,3.695518130045146,1.5307337294603587,1.65625,1
4147,cell,,34,107,3.695518130045146,1.5307337294603587,1.671875,1
4148,cell,,34,108,3.695518130045146,1.5307337294603587,1.6875,1
4149,cell,,34,109,3.695518130045146,1.5307337294603587,1.703125,1
4150,cell,,34,110,3.695518130045146,1.5307337294603587,1.71875,1
4151,cell,,34,111,3.695518130045146,1.5307337294603587,1.734375,0
4152,cell,,34,112,3.695518130045146,1.5307337294603587,1.75,1
4153,cell,,34,113,3.695518130045146,1.5307337294603587,1.765625,1
4154,cell,,34,114,3.695518130045146,1.5307337294603587,1.78125,1
4155,cell,,34,115,3.695518130045146,1.5307337294603587,1.796875,0
4156,cell,,34,116,3.695518130045146,1.5307337294603587,1.8125,1
4157,cell,,34,117,3.695518130045146,1.5307337294603587,1.828125,0
4158,cell,,35,0,3.32587844921018,2.2222809320784083,0.0,0
4159,cell,,35,1,3.32587844921018,2.2222809320784083,0.015625,0
4160,cell,,35,2,3.32587844921018,2.2222809320784083,0.03125,1
4161,cell,,35,3,3.32587844921018,2.2222809320784083,0.046875,0
4162,cell,,35,4,3.32587844921018,2.2222809320784083,0.0625,0
4163,cell,,35,5,3.32587844921018,2.2222809320784083,0.078125,0
4164,cell,,35,6,3.32587844921018,2.2222809320784083,0.09375,1
4165,cell,,35,7,3.32587844921018,2.2222809320784083,0.109375,1
4166,cell,,35,8,3.32587844921018,2.2222809320784083,0.125,0
4167,cell,,35,9,3.32587844921018,2.2222809320784083,0.140625,0
4168,cell,,35,10,3.32587844921018,2.2222809320784083,0.15625,0
4169,cell,,35,11,3.32587844921018,2.2222809320784083,0.171875,0
4170,cell,,35,12,3.32587844921018,2.2222809320784083,0.1875,0
4171,cell,,35,13,3.32587844921018,2.2222809320784083,0.203125,0
4172,cell,,35,14,3.32587844921018,2.2222809320784083,0.21875,0
4173,cell,,35,15,3.32587844921018,2.2222809320784083,0.234375,0
4174,cell,,35,16,3.32587844921018,2.2222809320784083,0.25,0
4175,cell,,35,17,3.32587844921018,2.2222809320784083,0.265625,0
4176,cell,,35,18,3.32587844921018,2.2222809320784083,0.28125,0
4177,cell,,35,19,3.32587844921018,2.2222809320784083,0.296875,0
4178,cell,,35,20,3.32587844921018,2.2222809320784083,0.3125,0
4179,cell,,35,21,3.32587844921018,2.2222809320784083,0.328125,0
4180,cell,,35,22,3.32587844921018,2.2222809320784083,0.34375,0
4181,cell,,35,23,3.32587844921018,2.2222809320784083,0.359375,0
4182,cell,,35,24,3.32587844921018,2.2222809320784083,0.375,0
4183,cell,,35,25,3.32587844921018,2.2222809320784083,0.390625,0
4184,cell,,35,26,3.32587844921018,2.2222809320784083,0.40625,0
4185,cell,,35,27,3.32587844921018,2.2222809320784083,0.421875,0
4186,cell,,35,28,3.32587844921018,2.2222809320784083,0.4375,0
4187,cell,,35,29,3.32587844921018,2.2222809320784083,0.453125,0
4188,cell,,35,30,3.32587844921018,2.2222809320784083,0.46875,0
4189,cell,,35,31,3.32587844921018,2.2222809320784083,0.484375,0
4190,cell,,35,32,3.32587844921018,2.2222809320784083,0.5,1
4191,cell,,35,33,3.32587844921018,2.2222809320784083,0.515625,1
4192,cell,,35,34,3.32587844921018,2.2222809320784083,0.53125,1
4193,cell,,35,35,3.32587844921018,2.2222809320784083,0.546875,1
4194,cell,,35,36,3.32587844921018,2.2222809320784083,0.5625,0
4195,cell,,35,37,3.32587844921018,2.2222809320784083,0.578125,0
4196,cell,,35,38,3.32587844921018,2.2222809320784083,0.59375,0
4197,cell,,35,39,3.32587844921018,2.2222809320784083,0.609375,0
4198,cell,,35,40,3.32587844921018,2.2222809320784083,0.625,1
4199,cell,,35,41,3.32587844921018,2.2222809320784083,0.640625,0
4200,cell,,35,42,3.32587844921018,2.2222809320784083,0.65625,0
4201,cell,,35,43,3.32587844921018,2.2222809320784083,0.671875,0
4202,cell,,35,44,3.32587844921018,2.2222809320784083,0.6875,0
4203,cell,,35,45,3.32587844921018,2.2222809320784083,0.703125,0
4204,cell,,35,46,3.32587844921018,2.2222809320784083,0.71875,0
4205,cell,,35,47,3.32587844921018,2.2222809320784083,0.734375,0
4206,cell,,35,48,3.32587844921018,2.2222809320784083,0.75,0
4207,cell,,35,49,3.32587844921018,2.2222809320784083,0.765625,0
4208,cell,,35,50,3.32587844921018,2.2222809320784083,0.78125,0
4209,cell,,35,51,3.32587844921018,2.2222809320784083,0.796875,0
4210,cell,,35,52,3.32587844921018,2.2222809320784083,0.8125,0
4211,cell,,35,53,3.32587844921018,2.2222809320784083,0.828125,0
4212,cell,,35,54,3.32587844921018,2.2222809320784083,0.84375,0
4213,cell,,35,55,3.32587844921018,2.2222809320784083,0.859375,0
4214,cell,,35,56,3.32587844921018,2.2222809320784083,0.875,0
4215,cell,,35,57,3.32587844921018,2.2222809320784083,0.890625,0
4216,cell,,35,58,3.32587844921018,2.2222809320784083,0.90625,0
4217,cell,,35,59,3.32587844921018,2.2222809320784083,0.921875,0
4218,cell,,35,60,3.32587844921018,2.2222809320784083,0.9375,0
4219,cell,,35,61,3.32587844921018,2.2222809320784083,0.953125,0
4220,cell,,35,62,3.32587844921018,2.2222809320784083,0.96875,0
4221,cell,,35,63,3.32587844921018,2.2222809320784083,0.984375,0
4222,cell,,35,64,3.32587844921018,2.2222809320784083,1.0,1
4223,cell,,35,65,3.32587844921018,2.2222809320784083,1.015625,0
4224,cell,,35,66,3.32587844921018,2.2222809320784083,1.03125,0
4225,cell,,35,67,3.32587844921018,2.2222809320784083,1.046875,0
4226,cell,,35,68,3.32587844921018,2.2222809320784083,1.0625,0
4227,cell,,35,69,3.32587844921018,2.2222809320784083,1.078125,1
4228,cell,,35,70,3.32587844921018,2.2222809320784083,1.09375,0
4229,cell,,35,71,3.32587844921018,2.2222809320784083,1.109375,0
4230,cell,,35,72,3.32587844921018,2.2222809320784083,1.125,0
4231,cell,,35,73,3.32587844921018,2.2222809320784083,1.140625,0
4232,cell,,35,74,3.32587844921018,2.2222809320784083,1.15625,1
4233,cell,,35,75,3.32587844921018,2.2222809320784083,1.171875,1
4234,cell,,35,76,3.32587844921018,2.2222809320784083,1.1875,0
4235,cell,,35,77,3.32587844921018,2.2222809320784083,1.203125,0
4236,cell,,35,78,3.32587844921018,2.2222809320784083,1.21875,0
4237,cell,,35,79,3.32587844921018,2.2222809320784083,1.234375,1
4238,cell,,35,80,3.32587844921018,2.2222809320784083,1.25,0
4239,cell,,35,81,3.32587844921018,2.2222809320784083,1.265625,1
4240,cell,,35,82,3.32587844921018,2.2222809320784083,1.28125,0
4241,cell,,35,83,3.32587844921018,2.2222809320784083,1.296875,1
4242,cell,,35,84,3.32587844921018,2.2222809320784083,1.3125,0
4243,cell,,35,85,3.32587844921018,2.2222809320784083,1.328125,1
4244,cell,,35,86,3.32587844921018,2.2222809320784083,1.34375,1
4245,cell,,35,87,3.32587844921018,2.2222809320784083,1.359375,1
4246,cell,,35,88,3.32587844921018,2.2222809320784083,1.375,0
4247,cell,,35,89,3.32587844921018,2.2222809320784083,1.390625,0
4248,cell,,35,90,3.32587844921018,2.2222809320784083,1.40625,1
4249,cell,,35,91,3.32587844921018,2.2222809320784083,1.421875,0
4250,cell,,35,92,3.32587844921018,2.2222809320784083,1.4375,0
4251,cell,,35,93,3.32587844921018,2.2222809320784083,1.453125,0
4252,cell,,35,94,3.32587844921018,2.2222809320784083,1.46875,0
4253,cell,,35,95,3.32587844921018,2.2222809320784083,1.484375,0
4254,cell,,35,96,3.32587844921018,2.2222809320784083,1.5,1
4255,cell,,35,97,3.32587844921018,2.2222809320784083,1.515625,0
4256,cell,,35,98,3.32587844921018,2.2222809320784083,1.53125,0
4257,cell,,35,99,3.32587844921018,2.2222809320784083,1.546875,0
4258,cell,,35,100,3.32587844921018,2.2222809320784083,1.5625,0
4259,cell,,35,101,3.32587844921018,2.2222809320784083,1.578125,1
4260,cell,,35,102,3.32587844921018,2.2222809320784083,1.59375,1
4261,cell,,35,103,3.32587844921018,2.2222809320784083,1.609375,0
4262,cell,,35,104,3.32587844921018,2.2222809320784083,1.625,0
4263,cell,,35,105,3.32587844921018,2.2222809320784083,1.640625,0
4264,cell,,35,106,3.32587844921018,2.2222809320784083,1.65625,1
4265,cell,,35,107,3.32587844921018,2.2222809320784083,1.671875,1
4266,cell,,35,108,3.32587844921018,2.2222809320784083,1.6875,1
4267,cell,,35,109,3.32587844921018,2.2222809320784083,1.703125,0
4268,cell,,35,110,3.32587844921018,2.2222809320784083,1.71875,0
4269,cell,,35,111,3.32587844921018,2.2222809320784083,1.734375,0
4270,cell,,35,112,3.32587844921018,2.2222809320784083,1.75,0
4271,cell,,35,113,3.32587844921018,2.2222809320784083,1.765625,0
4272,cell,,35,114,3.32587844921018,2.2222809320784083,1.78125,1
4273,cell,,35,115,3.32587844921018,2.2222809320784083,1.796875,1
4274,cell,,35,116,3.32587844921018,2.2222809320784083,1.8125,1
4275,cell,,35,117,3.32587844921018,2.2222809320784083,1.828125,0
4276,cell,,36,0,2.82842712474619,2.8284271247461894,0.0,0
4277,cell,,36,1,2.82842712474619,2.8284271247461894,0.015625,1
4278,cell,,36,2,2.82842712474619,2.8284271247461894,0.03125,0
4279,cell,,36,3,2.82842712474619,2.8284271247461894,0.046875,0
4280,cell,,36,4,2.82842712474619,2.8284271247461894,0.0625,1
4281,cell,,36,5,2.82842712474619,2.8284271247461894,0.078125,0
4282,cell,,36,6,2.82842712474619,2.8284271247461894,0.09375,1
4283,cell,,36,7,2.82842712474619,2.8284271247461894,0.109375,1
4284,cell,,36,8,2.82842712474619,2.8284271247461894,0.125,0
4285,cell,,36,9,2.82842712474619,2.8284271247461894,0.140625,0
4286,cell,,36,10,2.82842712474619,2.8284271247461894,0.15625,0
4287,cell,,36,11,2.82842712474619,2.8284271247461894,0.171875,0
4288,cell,,36,12,2.82842712474619,2.8284271247461894,0.1875,0
4289,cell,,36,13,2.82842712474619,2.8284271247461894,0.203125,0
4290,cell,,36,14,2.82842712474619,2.8284271247461894,0.21875,0
4291,cell,,36,15,2.82842712474619,2.8284271247461894,0.234375,0
4292,cell,,36,16,2.82842712474619,2.8284271247461894,0.25,0
4293,cell,,36,17,2.82842712474619,2.8284271247461894,0.265625,0
4294,cell,,36,18,2.82842712474619,2.8284271247461894,0.28125,0
4295,cell,,36,19,2.82842712474619,2.8284271247461894,0.296875,0
4296,cell,,36,20,2.82842712474619,2.8284271247461894,0.3125,0
4297,cell,,36,21,2.82842712474619,2.8284271247461894,0.328125,0
4298,cell,,36,22,2.82842712474619,2.8284271247461894,0.34375,0
4299,cell,,36,23,2.82842712474619,2.8284271247461894,0.359375,0
4300,cell,,36,24,2.82842712474619,2.8284271247461894,0.375,0
4301,cell,,36,25,2.82842712474619,2.8284271247461894,0.390625,0
4302,cell,,36,26,2.82842712474619,2.8284271247461894,0.40625,0
4303,cell,,36,27,2.82842712474619,2.8284271247461894,0.421875,0
4304,cell,,36,28,2.82842712474619,2.8284271247461894,0.4375,0
4305,cell,,36,29,2.82842712474619,2.8284271247461894,0.453125,0
4306,cell,,36,30,2.82842712474619,2.8284271247461894,0.46875,0
4307,cell,,36,31,2.82842712474619,2.8284271247461894,0.484375,0
4308,cell,,36,32,2.82842712474619,2.8284271247461894,0.5,0
4309,cell,,36,33,2.82842712474619,2.8284271247461894,0.515625,1
4310,cell,,36,34,2.82842712474619,2.8284271247461894,0.53125,1
4311,cell,,36,35,2.82842712474619,2.8284271247461894,0.546875,1
4312,cell,,36,36,2.82842712474619,2.8284271247461894,0.5625,1
4313,cell,,36,37,2.82842712474619,2.8284271247461894,0.578125,0
4314,cell,,36,38,2.82842712474619,2.8284271247461894,0.59375,0
4315,cell,,36,39,2.82842712474619,2.8284271247461894,0.609375,0
4316,cell,,36,40,2.82842712474619,2.8284271247461894,0.625,1
4317,cell,,36,41,2.82842712474619,2.8284271247461894,0.640625,0
4318,cell,,36,42,2.82842712474619,2.8284271247461894,0.65625,0
4319,cell,,36,43,2.82842712474619,2.8284271247461894,0.671875,0
4320,cell,,36,44,2.82842712474619,2.8284271247461894,0.6875,0
4321,cell,,36,45,2.82842712474619,2.8284271247461894,0.703125,0
4322,cell,,36,46,2.82842712474619,2.8284271247461894,0.71875,0
4323,cell,,36,47,2.82842712474619,2.8284271247461894,0.734375,0
4324,cell,,36,48,2.82842712474619,2.8284271247461894,0.75,0
4325,cell,,36,49,2.82842712474619,2.8284271247461894,0.765625,0
4326,cell,,36,50,2.82842712474619,2.8284271247461894,0.78125,0
4327,cell,,36,51,2.82842712474619,2.8284271247461894,0.796875,0
4328,cell,,36,52,2.82842712474619,2.8284271247461894,0.8125,0
4329,cell,,36,53,2.82842712474619,2.8284271247461894,0.828125,0
4330,cell,,36,54,2.82842712474619,2.8284271247461894,0.84375,0
4331,cell,,36,55,2.82842712474619,2.8284271247461894,0.859375,0
4332,cell,,36,56,2.82842712474619,2.8284271247461894,0.875,0
4333,cell,,36,57,2.82842712474619,2.8284271247461894,0.890625,0
4334,cell,,36,58,2.82842712474619,2.8284271247461894,0.90625,0
4335,cell,,36,59,2.82842712474619,2.8284271247461894,0.921875,0
4336,cell,,36,60,2.82842712474619,2.8284271247461894,0.9375,0
4337,cell,,36,61,2.82842712474619,2.8284271247461894,0.953125,0
4338,cell,,36,62,2.82842712474619,2.8284271247461894,0.96875,0
4339,cell,,36,63,2.82842712474619,2.8284271247461894,0.984375,0
4340,cell,,36,64,2.82842712474619,2.8284271247461894,1.0,0
4341,cell,,36,65,2.82842712474619,2.8284271247461894,1.015625,1
4342,cell,,36,66,2.82842712474619,2.8284271247461894,1.03125,1
4343,cell,,36,67,2.82842712474619,2.8284271247461894,1.046875,1
4344,cell,,36,68,2.82842712474619,2.8284271247461894,1.0625,1
4345,cell,,36,69,2.82842712474619,2.8284271247461894,1.078125,1
4346,cell,,36,70,2.82842712474619,2.8284271247461894,1.09375,1
4347,cell,,36,71,2.82842712474619,2.8284271247461894,1.109375,1
4348,cell,,36,72,2.82842712474619,2.8284271247461894,1.125,0
4349,cell,,36,73,2.82842712474619,2.8284271247461894,1.140625,1
4350,cell,,36,74,2.82842712474619,2.8284271247461894,1.15625,1
4351,cell,,36,75,2.82842712474619,2.8284271247461894,1.171875,0
4352,cell,,36,76,2.82842712474619,2.8284271247461894,1.1875,1
4353,cell,,36,77,2.82842712474619,2.8284271247461894,1.203125,0
4354,cell,,36,78,2.82842712474619,2.8284271247461894,1.21875,0
4355,cell,,36,79,2.82842712474619,2.8284271247461894,1.234375,1
4356,cell,,36,80,2.82842712474619,2.8284271247461894,1.25,0
4357,cell,,36,81,2.82842712474619,2.8284271247461894,1.265625,0
4358,cell,,36,82,2.82842712474619,2.8284271247461894,1.28125,1
4359,cell,,36,83,2.82842712474619,2.8284271247461894,1.296875,1
4360,cell,,36,84,2.82842712474619,2.8284271247461894,1.3125,1
4361,cell,,36,85,2.82842712474619,2.8284271247461894,1.328125,1
4362,cell,,36,86,2.82842712474619,2.8284271247461894,1.34375,1
4363,cell,,36,87,2.82842712474619,2.8284271247461894,1.359375,0
4364,cell,,36,88,2.82842712474619,2.8284271247461894,1.375,0
4365,cell,,36,89,2.82842712474619,2.8284271247461894,1.390625,0
4366,cell,,36,90,2.82842712474619,2.8284271247461894,1.40625,0
4367,cell,,36,91,2.82842712474619,2.8284271247461894,1.421875,1
4368,cell,,36,92,2.82842712474619,2.8284271247461894,1.4375,0
4369,cell,,36,93,2.82842712474619,2.8284271247461894,1.453125,0
4370,cell,,36,94,2.82842712474619,2.8284271247461894,1.46875,0
4371,cell,,36,95,2.82842712474619,2.8284271247461894,1.484375,0
4372,cell,,36,96,2.82842712474619,2.8284271247461894,1.5,1
4373,cell,,36,97,2.82842712474619,2.8284271247461894,1.515625,0
4374,cell,,36,98,2.82842712474619,2.8284271247461894,1.53125,1
4375,cell,,36,99,2.82842712474619,2.8284271247461894,1.546875,1
4376,cell,,36,100,2.82842712474619,2.8284271247461894,1.5625,0
4377,cell,,36,101,2.82842712474619,2.8284271247461894,1.578125,0
4378,cell,,36,102,2.82842712474619,2.8284271247461894,1.59375,0
4379,cell,,36,103,2.82842712474619,2.8284271247461894,1.609375,1
4380,cell,,36,104,2.82842712474619,2.8284271247461894,1.625,1
4381,cell,,36,105,2.82842712474619,2.8284271247461894,1.640625,0
4382,cell,,36,106,2.82842712474619,2.8284271247461894,1.65625,1
4383,cell,,36,107,2.82842712474619,2.8284271247461894,1.671875,0
4384,cell,,36,108,2.82842712474619,2.8284271247461894,1.6875,1
4385,cell,,36,109,2.82842712474619,2.8284271247461894,1.703125,1
4386,cell,,36,110,2.82842712474619,2.8284271247461894,1.71875,0
4387,cell,,36,111,2.82842712474619,2.8284271247461894,1.734375,1
4388,cell,,36,112,2.82842712474619,2.8284271247461894,1.75,1
4389,cell,,36,113,2.82842712474619,2.8284271247461894,1.765625,1
4390,cell,,36,114,2.82842712474619,2.8284271247461894,1.78125,1
4391,cell,,36,115,2.82842712474619,2.8284271247461894,1.796875,0
4392,cell,,36,116,2.82842712474619,2.8284271247461894,1.8125,1
4393,cell,,36,117,2.82842712474619,2.8284271247461894,1.828125,0
4394,cell,,37,0,2.2222809320784087,3.32587844921018,0.0,1
4395,cell,,37,1,2.2222809320784087,3.32587844921018,0.015625,0
4396,cell,,37,2,2.2222809320784087,3.32587844921018,0.03125,0
4397,cell,,37,3,2.2222809320784087,3.32587844921018,0.046875,1
4398,cell,,37,4,2.2222809320784087,3.32587844921018,0.0625,1
4399,cell,,37,5,2.2222809320784087,3.32587844921018,0.078125,0
4400,cell,,37,6,2.2222809320784087,3.32587844921018,0.09375,1
4401,cell,,37,7,2.2222809320784087,3.32587844921018,0.109375,1
4402,cell,,37,8,2.2222809320784087,3.32587844921018,0.125,0
4403,cell,,37,9,2.2222809320784087,3.32587844921018,0.140625,0
4404,cell,,37,10,2.2222809320784087,3.32587844921018,0.15625,0
4405,cell,,37,11,2.2222809320784087,3.32587844921018,0.171875,0
4406,cell,,37,12,2.2222809320784087,3.32587844921018,0.1875,0
4407,cell,,37,13,2.2222809320784087,3.32587844921018,0.203125,0
4408,cell,,37,14,2.2222809320784087,3.32587844921018,0.21875,0
4409,cell,,37,15,2.2222809320784087,3.32587844921018,0.234375,0
4410,cell,,37,16,2.2222809320784087,3.32587844921018,0.25,0
4411,cell,,37,17,2.2222809320784087,3.32587844921018,0.265625,0
4412,cell,,37,18,2.2222809320784087,3.32587844921018,0.28125,0
4413,cell,,37,19,2.2222809320784087,3.32587844921018,0.296875,0
4414,cell,,37,20,2.2222809320784087,3.32587844921018,0.3125,0
4415,cell,,37,21,2.2222809320784087,3.32587844921018,0.328125,0
4416,cell,,37,22,2.2222809320784087,3.32587844921018,0.34375,0
4417,cell,,37,23,2.2222809320784087,3.32587844921018,0.359375,0
4418,cell,,37,24,2.2222809320784087,3.32587844921018,0.375,0
4419,cell,,37,25,2.2222809320784087,3.32587844921018,0.390625,0
4420,cell,,37,26,2.2222809320784087,3.32587844921018,0.40625,0
4421,cell,,37,27,2.2222809320784087,3.32587844921018,0.421875,0
4422,cell,,37,28,2.2222809320784087,3.32587844921018,0.4375,0
4423,cell,,37,29,2.2222809320784087,3.32587844921018,0.453125,0
4424,cell,,37,30,2.2222809320784087,3.32587844921018,0.46875,0
4425,cell,,37,31,2.2222809320784087,3.32587844921018,0.484375,0
4426,cell,,37,32,2.2222809320784087,3.32587844921018,0.5,1
4427,cell,,37,33,2.2222809320784087,3.32587844921018,0.515625,1
4428,cell,,37,34,2.2222809320784087,3.32587844921018,0.53125,0
4429,cell,,37,35,2.2222809320784087,3.32587844921018,0.546875,0
4430,cell,,37,36,2.2222809320784087,3.32587844921018,0.5625,0
4431,cell,,37,37,2.2222809320784087,3.32587844921018,0.578125,1
4432,cell,,37,38,2.2222809320784087,3.32587844921018,0.59375,0
4433,cell,,37,39,2.2222809320784087,3.32587844921018,0.609375,0
4434,cell,,37,40,2.2222809320784087,3.32587844921018,0.625,1
4435,cell,,37,41,2.2222809320784087,3.32587844921018,0.640625,0
4436,cell,,37,42,2.2222809320784087,3.32587844921018,0.65625,0
4437,cell,,37,43,2.2222809320784087,3.32587844921018,0.671875,0
4438,cell,,37,44,2.2222809320784087,3.32587844921018,0.6875,0
4439,cell,,37,45,2.2222809320784087,3.32587844921018,0.703125,0
4440,cell,,37,46,2.2222809320784087,3.32587844921018,0.71875,0
4441,cell,,37,47,2.2222809320784087,3.32587844921018,0.734375,0
4442,cell,,37,48,2.2222809320784087,3.32587844921018,0.75,0
4443,cell,,37,49,2.2222809320784087,3.32587844921018,0.765625,0
4444,cell,,37,50,2.2222809320784087,3.32587844921018,0.78125,0
4445,cell,,37,51,2.2222809320784087,3.32587844921018,0.796875,0
4446,cell,,37,52,2.2222809320784087,3.32587844921018,0.8125,0
4447,cell,,37,53,2.2222809320784087,3.32587844921018,0.828125,0
4448,cell,,37,54,2.2222809320784087,3.32587844921018,0.84375,0
4449,cell,,37,55,2.2222809320784087,3.32587844921018,0.859375,0
4450,cell,,37,56,2.2222809320784087,3.32587844921018,0.875,0
4451,cell,,37,57,2.2222809320784087,3.32587844921018,0.890625,0
4452,cell,,37,58,2.2222809320784087,3.32587844921018,0.90625,0
4453,cell,,37,59,2.2222809320784087,3.32587844921018,0.921875,0
4454,cell,,37,60,2.2222809320784087,3.32587844921018,0.9375,0
4455,cell,,37,61,2.2222809320784087,3.32587844921018,0.953125,0
4456,cell,,37,62,2.2222809320784087,3.32587844921018,0.96875,0
4457,cell,,37,63,2.2222809320784087,3.32587844921018,0.984375,0
4458,cell,,37,64,2.2222809320784087,3.32587844921018,1.0,1
4459,cell,,37,65,2.2222809320784087,3.32587844921018,1.015625,0
4460,cell,,37,66,2.2222809320784087,3.32587844921018,1.03125,0
4461,cell,,37,67,2.2222809320784087,3.32587844921018,1.046875,1
4462,cell,,37,68,2.2222809320784087,3.32587844921018,1.0625,0
4463,cell,,37,69,2.2222809320784087,3.32587844921018,1.078125,1
4464,cell,,37,70,2.2222809320784087,3.32587844921018,1.09375,0
4465,cell,,37,71,2.2222809320784087,3.32587844921018,1.109375,0
4466,cell,,37,72,2.2222809320784087,3.32587844921018,1.125,1
4467,cell,,37,73,2.2222809320784087,3.32587844921018,1.140625,1
4468,cell,,37,74,2.2222809320784087,3.32587844921018,1.15625,0
4469,cell,,37,75,2.2222809320784087,3.32587844921018,1.171875,0
4470,cell,,37,76,2.2222809320784087,3.32587844921018,1.1875,1
4471,cell,,37,77,2.2222809320784087,3.32587844921018,1.203125,0
4472,cell,,37,78,2.2222809320784087,3.32587844921018,1.21875,0
4473,cell,,37,79,2.2222809320784087,3.32587844921018,1.234375,1
4474,cell,,37,80,2.2222809320784087,3.32587844921018,1.25,0
4475,cell,,37,81,2.2222809320784087,3.32587844921018,1.265625,1
4476,cell,,37,82,2.2222809320784087,3.32587844921018,1.28125,1
4477,cell,,37,83,2.2222809320784087,3.32587844921018,1.296875,0
4478,cell,,37,84,2.2222809320784087,3.32587844921018,1.3125,0
4479,cell,,37,85,2.2222809320784087,3.32587844921018,1.328125,0
4480,cell,,37,86,2.2222809320784087,3.32587844921018,1.34375,0
4481,cell,,37,87,2.2222809320784087,3.32587844921018,1.359375,0
4482,cell,,37,88,2.2222809320784087,3.32587844921018,1.375,1
4483,cell,,37,89,2.2222809320784087,3.32587844921018,1.390625,0
4484,cell,,37,90,2.2222809320784087,3.32587844921018,1.40625,0
4485,cell,,37,91,2.2222809320784087,3.32587844921018,1.421875,1
4486,cell,,37,92,2.2222809320784087,3.32587844921018,1.4375,0
4487,cell,,37,93,2.2222809320784087,3.32587844921018,1.453125,0
4488,cell,,37,94,2.2222809320784087,3.32587844921018,1.46875,0
4489,cell,,37,95,2.2222809320784087,3.32587844921018,1.484375,0
4490,cell,,37,96,2.2222809320784087,3.32587844921018,1.5,1
4491,cell,,37,97,2.2222809320784087,3.32587844921018,1.515625,0
4492,cell,,37,98,2.2222809320784087,3.32587844921018,1.53125,1
4493,cell,,37,99,2.2222809320784087,3.32587844921018,1.546875,1
4494,cell,,37,100,2.2222809320784087,3.32587844921018,1.5625,0
4495,cell,,37,101,2.2222809320784087,3.32587844921018,1.578125,1
4496,cell,,37,102,2.2222809320784087,3.32587844921018,1.59375,0
4497,cell,,37,103,2.2222809320784087,3.32587844921018,1.609375,0
4498,cell,,37,104,2.2222809320784087,3.32587844921018,1.625,1
4499,cell,,37,105,2.2222809320784087,3.32587844921018,1.640625,0
4500,cell,,37,106,2.2222809320784087,3.32587844921018,1.65625,1
4501,cell,,37,107,2.2222809320784087,3.32587844921018,1.671875,1
4502,cell,,37,108,2.2222809320784087,3.32587844921018,1.6875,1
4503,cell,,37,109,2.2222809320784087,3.32587844921018,1.703125,1
4504,cell,,37,110,2.2222809320784087,3.32587844921018,1.71875,0
4505,cell,,37,111,2.2222809320784087,3.32587844921018,1.734375,0
4506,cell,,37,112,2.2222809320784087,3.32587844921018,1.75,0
4507,cell,,37,113,2.2222809320784087,3.32587844921018,1.765625,1
4508,cell,,37,114,2.2222809320784087,3.32587844921018,1.78125,1
4509,cell,,37,115,2.2222809320784087,3.32587844921018,1.796875,1
4510,cell,,37,116,2.2222809320784087,3.32587844921018,1.8125,1
4511,cell,,37,117,2.2222809320784087,3.32587844921018,1.828125,0
4512,cell,,38,0,1.530733729460359,3.695518130045146,0.0,1
4513,cell,,38,1,1.530733729460359,3.695518130045146,0.015625,0
4514,cell,,38,2,1.530733729460359,3.695518130045146,0.03125,1
4515,cell,,38,3,1.530733729460359,3.695518130045146,0.046875,1
4516,cell,,38,4,1.530733729460359,3.695518130045146,0.0625,1
4517,cell,,38,5,1.530733729460359,3.695518130045146,0.078125,0
4518,cell,,38,6,1.530733729460359,3.695518130045146,0.09375,1
4519,cell,,38,7,1.530733729460359,3.695518130045146,0.109375,1
4520,cell,,38,8,1.530733729460359,3.695518130045146,0.125,0
4521,cell,,38,9,1.530733729460359,3.695518130045146,0.140625,0
4522,cell,,38,10,1.530733729460359,3.695518130045146,0.15625,0
4523,cell,,38,11,1.530733729460359,3.695518130045146,0.171875,0
4524,cell,,38,12,1.530733729460359,3.695518130045146,0.1875,0
4525,cell,,38,13,1.530733729460359,3.695518130045146,0.203125,0
4526,cell,,38,14,1.530733729460359,3.695518130045146,0.21875,0
4527,cell,,38,15,1.530733729460359,3.695518130045146,0.234375,0
4528,cell,,38,16,1.530733729460359,3.695518130045146,0.25,0
4529,cell,,38,17,1.530733729460359,3.695518130045146,0.265625,0
4530,cell,,38,18,1.530733729460359,3.695518130045146,0.28125,0
4531,cell,,38,19,1.530733729460359,3.695518130045146,0.296875,0
4532,cell,,38,20,1.530733729460359,3.695518130045146,0.3125,0
4533,cell,,38,21,1.530733729460359,3.695518130045146,0.328125,0
4534,cell,,38,22,1.530733729460359,3.695518130045146,0.34375,0
4535,cell,,38,23,1.530733729460359,3.695518130045146,0.359375,0
4536,cell,,38,24,1.530733729460359,3.695518130045146,0.375,0
4537,cell,,38,25,1.530733729460359,3.695518130045146,0.390625,0
4538,cell,,38,26,1.530733729460359,3.695518130045146,0.40625,0
4539,cell,,38,27,1.530733729460359,3.695518130045146,0.421875,0
4540,cell,,38,28,1.530733729460359,3.695518130045146,0.4375,0
4541,cell,,38,29,1.530733729460359,3.695518130045146,0.453125,0
4542,cell,,38,30,1.530733729460359,3.695518130045146,0.46875,0
4543,cell,,38,31,1.530733729460359,3.695518130045146,0.484375,0
4544,cell,,38,32,1.530733729460359,3.695518130045146,0.5,0
4545,cell,,38,33,1.530733729460359,3.695518130045146,0.515625,1
4546,cell,,38,34,1.530733729460359,3.695518130045146,0.53125,1
4547,cell,,38,35,1.530733729460359,3.695518130045146,0.546875,0
4548,cell,,38,36,1.530733729460359,3.695518130045146,0.5625,0
4549,cell,,38,37,1.530733729460359,3.695518130045146,0.578125,1
4550,cell,,38,38,1.530733729460359,3.695518130045146,0.59375,0
4551,cell,,38,39,1.530733729460359,3.695518130045146,0.609375,0
4552,cell,,38,40,1.530733729460359,3.695518130045146,0.625,1
4553,cell,,38,41,1.530733729460359,3.695518130045146,0.640625,0
4554,cell,,38,42,1.530733729460359,3.695518130045146,0.65625,0
4555,cell,,38,43,1.530733729460359,3.695518130045146,0.671875,0
4556,cell,,38,44,1.530733729460359,3.695518130045146,0.6875,0
4557,cell,,38,45,1.530733729460359,3.695518130045146,0.703125,0
4558,cell,,38,46,1.530733729460359,3.695518130045146,0.71875,0
4559,cell,,38,47,1.530733729460359,3.695518130045146,0.734375,0
4560,cell,,38,48,1.530733729460359,3.695518130045146,0.75,0
4561,cell,,38,49,1.530733729460359,3.695518130045146,0.765625,0
4562,cell,,38,50,1.530733729460359,3.695518130045146,0.78125,0
4563,cell,,38,51,1.530733729460359,3.695518130045146,0.796875,0
4564,cell,,38,52,1.530733729460359,3.695518130045146,0.8125,0
4565,cell,,38,53,1.530733729460359,3.695518130045146,0.828125,0
4566,cell,,38,54,1.530733729460359,3.695518130045146,0.84375,0
4567,cell,,38,55,1.530733729460359,3.695518130045146,0.859375,0
4568,cell,,38,56,1.530733729460359,3.695518130045146,0.875,0
4569,cell,,38,57,1.530733729460359,3.695518130045146,0.890625,0
4570,cell,,38,58,1.530733729460359,3.695518130045146,0.90625,0
4571,cell,,38,59,1.530733729460359,3.695518130045146,0.921875,0
4572,cell,,38,60,1.530733729460359,3.695518130045146,0.9375,0
4573,cell,,38,61,1.530733729460359,3.695518130045146,0.953125,0
4574,cell,,38,62,1.530733729460359,3.695518130045146,0.96875,0
4575,cell,,38,63,1.530733729460359,3.695518130045146,0.984375,0
4576,cell,,38,64,1.530733729460359,3.695518130045146,1.0,0
4577,cell,,38,65,1.530733729460359,3.695518130045146,1.015625,0
4578,cell,,38,66,1.530733729460359,3.695518130045146,1.03125,0
4579,cell,,38,67,1.530733729460359,3.695518130045146,1.046875,1
4580,cell,,38,68,1.530733729460359,3.695518130045146,1.0625,0
4581,cell,,38,69,1.530733729460359,3.695518130045146,1.078125,1
4582,cell,,38,70,1.530733729460359,3.695518130045146,1.09375,1
4583,cell,,38,71,1.530733729460359,3.695518130045146,1.109375,1
4584,cell,,38,72,1.530733729460359,3.695518130045146,1.125,1
4585,cell,,38,73,1.530733729460359,3.695518130045146,1.140625,0
4586,cell,,38,74,1.530733729460359,3.695518130045146,1.15625,0
4587,cell,,38,75,1.530733729460359,3.695518130045146,1.171875,1
4588,cell,,38,76,1.530733729460359,3.695518130045146,1.1875,1
4589,cell,,38,77,1.530733729460359,3.695518130045146,1.203125,0
4590,cell,,38,78,1.530733729460359,3.695518130045146,1.21875,0
4591,cell,,38,79,1.530733729460359,3.695518130045146,1.234375,1
4592,cell,,38,80,1.530733729460359,3.695518130045146,1.25,0
4593,cell,,38,81,1.530733729460359,3.695518130045146,1.265625,1
4594,cell,,38,82,1.530733729460359,3.695518130045146,1.28125,0
4595,cell,,38,83,1.530733729460359,3.695518130045146,1.296875,1
4596,cell,,38,84,1.530733729460359,3.695518130045146,1.3125,1
4597,cell,,38,85,1.530733729460359,3.695518130045146,1.328125,1
4598,cell,,38,86,1.530733729460359,3.695518130045146,1.34375,1
4599,cell,,38,87,1.530733729460359,3.695518130045146,1.359375,0
4600,cell,,38,88,1.530733729460359,3.695518130045146,1.375,1
4601,cell,,38,89,1.530733729460359,3.695518130045146,1.390625,0
4602,cell,,38,90,1.530733729460359,3.695518130045146,1.40625,1
4603,cell,,38,91,1.530733729460359,3.695518130045146,1.421875,1
4604,cell,,38,92,1.530733729460359,3.695518130045146,1.4375,0
4605,cell,,38,93,1.530733729460359,3.695518130045146,1.453125,0
4606,cell,,38,94,1.530733729460359,3.695518130045146,1.46875,0
4607,cell,,38,95,1.530733729460359,3.695518130045146,1.484375,0
4608,cell,,38,96,1.530733729460359,3.695518130045146,1.5,1
4609,cell,,38,97,1.530733729460359,3.695518130045146,1.515625,0
4610,cell,,38,98,1.530733729460359,3.695518130045146,1.53125,0
4611,cell,,38,99,1.530733729460359,3.695518130045146,1.546875,1
4612,cell,,38,100,1.530733729460359,3.695518130045146,1.5625,1
4613,cell,,38,101,1.530733729460359,3.695518130045146,1.578125,0
4614,cell,,38,102,1.530733729460359,3.695518130045146,1.59375,0
4615,cell,,38,103,1.530733729460359,3.695518130045146,1.609375,1
4616,cell,,38,104,1.530733729460359,3.695518130045146,1.625,1
4617,cell,,38,105,1.530733729460359,3.695518130045146,1.640625,1
4618,cell,,38,106,1.530733729460359,3.695518130045146,1.65625,0
4619,cell,,38,107,1.530733729460359,3.695518130045146,1.671875,0
4620,cell,,38,108,1.530733729460359,3.695518130045146,1.6875,1
4621,cell,,38,109,1.530733729460359,3.695518130045146,1.703125,1
4622,cell,,38,110,1.530733729460359,3.695518130045146,1.71875,1
4623,cell,,38,111,1.530733729460359,3.695518130045146,1.734375,1
4624,cell,,38,112,1.530733729460359,3.695518130045146,1.75,1
4625,cell,,38,113,1.530733729460359,3.695518130045146,1.765625,0
4626,cell,,38,114,1.530733729460359,3.695518130045146,1.78125,1
4627,cell,,38,115,1.530733729460359,3.695518130045146,1.796875,1
4628,cell,,38,116,1.530733729460359,3.695518130045146,1.8125,1
4629,cell,,38,117,1.530733729460359,3.695518130045146,1.828125,0
4630,cell,,39,0,0.7803612880645131,3.923141121612921,0.0,0
4631,cell,,39,1,0.7803612880645131,3.923141121612921,0.015625,0
4632,cell,,39,2,0.7803612880645131,3.923141121612921,0.03125,0
4633,cell,,39,3,0.7803612880645131,3.923141121612921,0.046875,0
4634,cell,,39,4,0.7803612880645131,3.923141121612921,0.0625,0
4635,cell,,39,5,0.7803612880645131,3.923141121612921,0.078125,1
4636,cell,,39,6,0.7803612880645131,3.923141121612921,0.09375,1
4637,cell,,39,7,0.7803612880645131,3.923141121612921,0.109375,1
4638,cell,,39,8,0.7803612880645131,3.923141121612921,0.125,0
4639,cell,,39,9,0.7803612880645131,3.923141121612921,0.140625,0
4640,cell,,39,10,0.7803612880645131,3.923141121612921,0.15625,0
4641,cell,,39,11,0.7803612880645131,3.923141121612921,0.171875,0
4642,cell,,39,12,0.7803612880645131,3.923141121612921,0.1875,0
4643,cell,,39,13,0.7803612880645131,3.923141121612921,0.203125,0
4644,cell,,39,14,0.7803612880645131,3.923141121612921,0.21875,0
4645,cell,,39,15,0.7803612880645131,3.923141121612921,0.234375,0
4646,cell,,39,16,0.7803612880645131,3.923141121612921,0.25,0
4647,cell,,39,17,0.7803612880645131,3.923141121612921,0.265625,0
4648,cell,,39,18,0.7803612880645131,3.923141121612921,0.28125,0
4649,cell,,39,19,0.7803612880645131,3.923141121612921,0.296875,0
4650,cell,,39,20,0.7803612880645131,3.923141121612921,0.3125,0
4651,cell,,39,21,0.7803612880645131,3.923141121612921,0.328125,0
4652,cell,,39,22,0.7803612880645131,3.923141121612921,0.34375,0
4653,cell,,39,23,0.7803612880645131,3.923141121612921,0.359375,0
4654,cell,,39,24,0.7803612880645131,3.923141121612921,0.375,0
4655,cell,,39,25,0.7803612880645131,3.923141121612921,0.390625,0
4656,cell,,39,26,0.7803612880645131,3.923141121612921,0.40625,0
4657,cell,,39,27,0.7803612880645131,3.923141121612921,0.421875,0
4658,cell,,39,28,0.7803612880645131,3.923141121612921,0.4375,0
4659,cell,,39,29,0.7803612880645131,3.923141121612921,0.453125,0
4660,cell,,39,30,0.7803612880645131,3.923141121612921,0.46875,0
4661,cell,,39,31,0.7803612880645131,3.923141121612921,0.484375,0
4662,cell,,39,32,0.7803612880645131,3.923141121612921,0.5,1
4663,cell,,39,33,0.7803612880645131,3.923141121612921,0.515625,1
4664,cell,,39,34,0.7803612880645131,3.923141121612921,0.53125,0
4665,cell,,39,35,0.7803612880645131,3.923141121612921,0.546875,1
4666,cell,,39,36,0.7803612880645131,3.923141121612921,0.5625,0
4667,cell,,39,37,0.7803612880645131,3.923141121612921,0.578125,1
4668,cell,,39,38,0.7803612880645131,3.923141121612921,0.59375,0
4669,cell,,39,39,0.7803612880645131,3.923141121612921,0.609375,0
4670,cell,,39,40,0.7803612880645131,3.923141121612921,0.625,1
4671,cell,,39,41,0.7803612880645131,3.923141121612921,0.640625,0
4672,cell,,39,42,0.7803612880645131,3.923141121612921,0.65625,0
4673,cell,,39,43,0.7803612880645131,3.923141121612921,0.671875,0
4674,cell,,39,44,0.7803612880645131,3.923141121612921,0.6875,0
4675,cell,,39,45,0.7803612880645131,3.923141121612921,0.703125,0
4676,cell,,39,46,0.7803612880645131,3.923141121612921,0.71875,0
4677,cell,,39,47,0.7803612880645131,3.923141121612921,0.734375,0
4678,cell,,39,48,0.7803612880645131,3.923141121612921,0.75,0
4679,cell,,39,49,0.7803612880645131,3.923141121612921,0.765625,0
4680,cell,,39,50,0.7803612880645131,3.923141121612921,0.78125,0
4681,cell,,39,51,0.7803612880645131,3.923141121612921,0.796875,0
4682,cell,,39,52,0.7803612880645131,3.923141121612921,0.8125,0
4683,cell,,39,53,0.7803612880645131,3.923141121612921,0.828125,0
4684,cell,,39,54,0.7803612880645131,3.923141121612921,0.84375,0
4685,cell,,39,55,0.7803612880645131,3.923141121612921,0.859375,0
4686,cell,,39,56,0.7803612880645131,3.923141121612921,0.875,0
4687,cell,,39,57,0.7803612880645131,3.923141121612921,0.890625,0
4688,cell,,39,58,0.7803612880645131,3.923141121612921,0.90625,0
4689,cell,,39,59,0.7803612880645131,3.923141121612921,0.921875,0
4690,cell,,39,60,0.7803612880645131,3.923141121612921,0.9375,0
4691,cell,,39,61,0.7803612880645131,3.923141121612921,0.953125,0
4692,cell,,39,62,0.7803612880645131,3.923141121612921,0.96875,0
4693,cell,,39,63,0.7803612880645131,3.923141121612921,0.984375,0
4694,cell,,39,64,0.7803612880645131,3.923141121612921,1.0,1
4695,cell,,39,65,0.7803612880645131,3.923141121612921,1.015625,1
4696,cell,,39,66,0.7803612880645131,3.923141121612921,1.03125,1
4697,cell,,39,67,0.7803612880645131,3.923141121612921,1.046875,1
4698,cell,,39,68,0.7803612880645131,3.923141121612921,1.0625,1
4699,cell,,39,69,0.7803612880645131,3.923141121612921,1.078125,0
4700,cell,,39,70,0.7803612880645131,3.923141121612921,1.09375,1
4701,cell,,39,71,0.7803612880645131,3.923141121612921,1.109375,1
4702,cell,,39,72,0.7803612880645131,3.923141121612921,1.125,0
4703,cell,,39,73,0.7803612880645131,3.923141121612921,1.140625,0
4704,cell,,39,74,0.7803612880645131,3.923141121612921,1.15625,1
4705,cell,,39,75,0.7803612880645131,3.923141121612921,1.171875,0
4706,cell,,39,76,0.7803612880645131,3.923141121612921,1.1875,0
4707,cell,,39,77,0.7803612880645131,3.923141121612921,1.203125,1
4708,cell,,39,78,0.7803612880645131,3.923141121612921,1.21875,0
4709,cell,,39,79,0.7803612880645131,3.923141121612921,1.234375,1
4710,cell,,39,80,0.7803612880645131,3.923141121612921,1.25,0
4711,cell,,39,81,0.7803612880645131,3.923141121612921,1.265625,1
4712,cell,,39,82,0.7803612880645131,3.923141121612921,1.28125,1
4713,cell,,39,83,0.7803612880645131,3.923141121612921,1.296875,1
4714,cell,,39,84,0.7803612880645131,3.923141121612921,1.3125,0
4715,cell,,39,85,0.7803612880645131,3.923141121612921,1.328125,0
4716,cell,,39,86,0.7803612880645131,3.923141121612921,1.34375,0
4717,cell,,39,87,0.7803612880645131,3.923141121612921,1.359375,1
4718,cell,,39,88,0.7803612880645131,3.923141121612921,1.375,1
4719,cell,,39,89,0.7803612880645131,3.923141121612921,1.390625,0
4720,cell,,39,90,0.7803612880645131,3.923141121612921,1.40625,0
4721,cell,,39,91,0.7803612880645131,3.923141121612921,1.421875,0
4722,cell,,39,92,0.7803612880645131,3.923141121612921,1.4375,1
4723,cell,,39,93,0.7803612880645131,3.923141121612921,1.453125,0
4724,cell,,39,94,0.7803612880645131,3.923141121612921,1.46875,0
4725,cell,,39,95,0.7803612880645131,3.923141121612921,1.484375,0
4726,cell,,39,96,0.7803612880645131,3.923141121612921,1.5,1
4727,cell,,39,97,0.7803612880645131,3.923141121612921,1.515625,0
4728,cell,,39,98,0.7803612880645131,3.923141121612921,1.53125,0
4729,cell,,39,99,0.7803612880645131,3.923141121612921,1.546875,0
4730,cell,,39,100,0.7803612880645131,3.923141121612921,1.5625,1
4731,cell,,39,101,0.7803612880645131,3.923141121612921,1.578125,0
4732,cell,,39,102,0.7803612880645131,3.923141121612921,1.59375,1
4733,cell,,39,103,0.7803612880645131,3.923141121612921,1.609375,1
4734,cell,,39,104,0.7803612880645131,3.923141121612921,1.625,0
4735,cell,,39,105,0.7803612880645131,3.923141121612921,1.640625,1
4736,cell,,39,106,0.7803612880645131,3.923141121612921,1.65625,1
4737,cell,,39,107,0.7803612880645131,3.923141121612921,1.671875,0
4738,cell,,39,108,0.7803612880645131,3.923141121612921,1.6875,1
4739,cell,,39,109,0.7803612880645131,3.923141121612921,1.703125,0
4740,cell,,39,110,0.7803612880645131,3.923141121612921,1.71875,0
4741,cell,,39,111,0.7803612880645131,3.923141121612921,1.734375,1
4742,cell,,39,112,0.7803612880645131,3.923141121612921,1.75,1
4743,cell,,39,113,0.7803612880645131,3.923141121612921,1.765625,0
4744,cell,,39,114,0.7803612880645131,3.923141121612921,1.78125,1
4745,cell,,39,115,0.7803612880645131,3.923141121612921,1.796875,1
4746,cell,,39,116,0.7803612880645131,3.923141121612921,1.8125,1
4747,cell,,39,117,0.7803612880645131,3.923141121612921,1.828125,0
4748,cell,,40,0,2.449293598294706e-16,3.999999999999999,0.0,0
4749,cell,,40,1,2.449293598294706e-16,3.999999999999999,0.015625,1
4750,cell,,40,2,2.449293598294706e-16,3.999999999999999,0.03125,1
4751,cell,,40,3,2.449293598294706e-16,3.999999999999999,0.046875,1
4752,cell,,40,4,2.449293598294706e-16,3.999999999999999,0.0625,1
4753,cell,,40,5,2.449293598294706e-16,3.999999999999999,0.078125,0
4754,cell,,40,6,2.449293598294706e-16,3.999999999999999,0.09375,1
4755,cell,,40,7,2.449293598294706e-16,3.999999999999999,0.109375,1
4756,cell,,40,8,2.449293598294706e-16,3.999999999999999,0.125,0
4757,cell,,40,9,2.449293598294706e-16,3.999999999999999,0.140625,0
4758,cell,,40,10,2.449293598294706e-16,3.999999999999999,0.15625,0
4759,cell,,40,11,2.449293598294706e-16,3.999999999999999,0.171875,0
4760,cell,,40,12,2.449293598294706e-16,3.999999999999999,0.1875,0
4761,cell,,40,13,2.449293598294706e-16,3.999999999999999,0.203125,0
4762,cell,,40,14,2.449293598294706e-16,3.999999999999999,0.21875,0
4763,cell,,40,15,2.449293598294706e-16,3.999999999999999,0.234375,0
4764,cell,,40,16,2.449293598294706e-16,3.999999999999999,0.25,0
4765,cell,,40,17,2.449293598294706e-16,3.999999999999999,0.265625,0
4766,cell,,40,18,2.449293598294706e-16,3.999999999999999,0.28125,0
4767,cell,,40,19,2.449293598294706e-16,3.999999999999999,0.296875,0
4768,cell,,40,20,2.449293598294706e-16,3.999999999999999,0.3125,0
4769,cell,,40,21,2.449293598294706e-16,3.999999999999999,0.328125,0
4770,cell,,40,22,2.449293598294706e-16,3.999999999999999,0.34375,0
4771,cell,,40,23,2.449293598294706e-16,3.999999999999999,0.359375,0
4772,cell,,40,24,2.449293598294706e-16,3.999999999999999,0.375,0
4773,cell,,40,25,2.449293598294706e-16,3.999999999999999,0.390625,0
4774,cell,,40,26,2.449293598294706e-16,3.999999999999999,0.40625,0
4775,cell,,40,27,2.449293598294706e-16,3.999999999999999,0.421875,0
4776,cell,,40,28,2.449293598294706e-16,3.999999999999999,0.4375,0
4777,cell,,40,29,2.449293598294706e-16,3.999999999999999,0.453125,0
4778,cell,,40,30,2.449293598294706e-16,3.999999999999999,0.46875,0
4779,cell,,40,31,2.449293598294706e-16,3.999999999999999,0.484375,0
4780,cell,,40,32,2.449293598294706e-16,3.999999999999999,0.5,0
4781,cell,,40,33,2.449293598294706e-16,3.999999999999999,0.515625,0
4782,cell,,40,34,2.449293598294706e-16,3.999999999999999,0.53125,0
4783,cell,,40,35,2.449293598294706e-16,3.999999999999999,0.546875,1
4784,cell,,40,36,2.449293598294706e-16,3.999999999999999,0.5625,0
4785,cell,,40,37,2.449293598294706e-16,3.999999999999999,0.578125,1
4786,cell,,40,38,2.449293598294706e-16,3.999999999999999,0.59375,0
4787,cell,,40,39,2.449293598294706e-16,3.999999999999999,0.609375,0
4788,cell,,40,40,2.449293598294706e-16,3.999999999999999,0.625,1
4789,cell,,40,41,2.449293598294706e-16,3.999999999999999,0.640625,0
4790,cell,,40,42,2.449293598294706e-16,3.999999999999999,0.65625,0
4791,cell,,40,43,2.449293598294706e-16,3.999999999999999,0.671875,0
4792,cell,,40,44,2.449293598294706e-16,3.999999999999999,0.6875,0
4793,cell,,40,45,2.449293598294706e-16,3.999999999999999,0.703125,0
4794,cell,,40,46,2.449293598294706e-16,3.999999999999999,0.71875,0
4795,cell,,40,47,2.449293598294706e-16,3.999999999999999,0.734375,0
4796,cell,,40,48,2.449293598294706e-16,3.999999999999999,0.75,0
4797,cell,,40,49,2.449293598294706e-16,3.999999999999999,0.765625,0
4798,cell,,40,50,2.449293598294706e-16,3.999999999999999,0.78125,0
4799,cell,,40,51,2.449293598294706e-16,3.999999999999999,0.796875,0
4800,cell,,40,52,2.449293598294706e-16,3.999999999999999,0.8125,0
4801,cell,,40,53,2.449293598294706e-16,3.999999999999999,0.828125,0
4802,cell,,40,54,2.449293598294706e-16,3.999999999999999,0.84375,0
4803,cell,,40,55,2.449293598294706e-16,3.999999999999999,0.859375,0
4804,cell,,40,56,2.449293598294706e-16,3.999999999999999,0.875,0
4805,cell,,40,57,2.449293598294706e-16,3.999999999999999,0.890625,0
4806,cell,,40,58,2.449293598294706e-16,3.999999999999999,0.90625,0
4807,cell,,40,59,2.449293598294706e-16,3.999999999999999,0.921875,0
4808,cell,,40,60,2.449293598294706e-16,3.999999999999999,0.9375,0
4809,cell,,40,61,2.449293598294706e-16,3.999999999999999,0.953125,0
4810,cell,,40,62,2.449293598294706e-16,3.999999999999999,0.96875,0
4811,cell,,40,63,2.449293598294706e-16,3.999999999999999,0.984375,0
4812,cell,,40,64,2.449293598294706e-16,3.999999999999999,1.0,1
4813,cell,,40,65,2.449293598294706e-16,3.999999999999999,1.015625,1
4814,cell,,40,66,2.449293598294706e-16,3.999999999999999,1.03125,1
4815,cell,,40,67,2.449293598294706e-16,3.999999999999999,1.046875,1
4816,cell,,40,68,2.449293598294706e-16,3.999999999999999,1.0625,1
4817,cell,,40,69,2.449293598294706e-16,3.999999999999999,1.078125,1
4818,cell,,40,70,2.449293598294706e-16,3.999999999999999,1.09375,1
4819,cell,,40,71,2.449293598294706e-16,3.999999999999999,1.109375,1
4820,cell,,40,72,2.449293598294706e-16,3.999999999999999,1.125,0
4821,cell,,40,73,2.449293598294706e-16,3.999999999999999,1.140625,0
4822,cell,,40,74,2.449293598294706e-16,3.999999999999999,1.15625,0
4823,cell,,40,75,2.449293598294706e-16,3.999999999999999,1.171875,1
4824,cell,,40,76,2.449293598294706e-16,3.999999999999999,1.1875,0
4825,cell,,40,77,2.449293598294706e-16,3.999999999999999,1.203125,1
4826,cell,,40,78,2.449293598294706e-16,3.999999999999999,1.21875,0
4827,cell,,40,79,2.449293598294706e-16,3.999999999999999,1.234375,1
4828,cell,,40,80,2.449293598294706e-16,3.999999999999999,1.25,0
4829,cell,,40,81,2.449293598294706e-16,3.999999999999999,1.265625,0
4830,cell,,40,82,2.449293598294706e-16,3.999999999999999,1.28125,1
4831,cell,,40,83,2.449293598294706e-16,3.999999999999999,1.296875,0
4832,cell,,40,84,2.449293598294706e-16,3.999999999999999,1.3125,1
4833,cell,,40,85,2.449293598294706e-16,3.999999999999999,1.328125,1
4834,cell,,40,86,2.449293598294706e-16,3.999999999999999,1.34375,1
4835,cell,,40,87,2.449293598294706e-16,3.999999999999999,1.359375,1
4836,cell,,40,88,2.449293598294706e-16,3.999999999999999,1.375,0
4837,cell,,40,89,2.449293598294706e-16,3.999999999999999,1.390625,1
4838,cell,,40,90,2.449293598294706e-16,3.999999999999999,1.40625,1
4839,cell,,40,91,2.449293598294706e-16,3.999999999999999,1.421875,0
4840,cell,,40,92,2.449293598294706e-16,3.999999999999999,1.4375,1
4841,cell,,40,93,2.449293598294706e-16,3.999999999999999,1.453125,0
4842,cell,,40,94,2.449293598294706e-16,3.999999999999999,1.46875,0
4843,cell,,40,95,2.449293598294706e-16,3.999999999999999,1.484375,0
4844,cell,,40,96,2.449293598294706e-16,3.999999999999999,1.5,1
4845,cell,,40,97,2.449293598294706e-16,3.999999999999999,1.515625,0
4846,cell,,40,98,2.449293598294706e-16,3.999999999999999,1.53125,1
4847,cell,,40,99,2.449293598294706e-16,3.999999999999999,1.546875,1
4848,cell,,40,100,2.449293598294706e-16,3.999999999999999,1.5625,1
4849,cell,,40,101,2.449293598294706e-16,3.999999999999999,1.578125,0
4850,cell,,40,102,2.449293598294706e-16,3.999999999999999,1.59375,0
4851,cell,,40,103,2.449293598294706e-16,3.999999999999999,1.609375,1
4852,cell,,40,104,2.449293598294706e-16,3.999999999999999,1.625,0
4853,cell,,40,105,2.449293598294706e-16,3.999999999999999,1.640625,1
4854,cell,,40,106,2.449293598294706e-16,3.999999999999999,1.65625,1
4855,cell,,40,107,2.449293598294706e-16,3.999999999999999,1.671875,0
4856,cell,,40,108,2.449293598294706e-16,3.999999999999999,1.6875,0
4857,cell,,40,109,2.449293598294706e-16,3.999999999999999,1.703125,1
4858,cell,,40,110,2.449293598294706e-16,3.999999999999999,1.71875,1
4859,cell,,40,111,2.449293598294706e-16,3.999999999999999,1.734375,1
4860,cell,,40,112,2.449293598294706e-16,3.999999999999999,1.75,1
4861,cell,,40,113,2.449293598294706e-16,3.999999999999999,1.765625,0
4862,cell,,40,114,2.449293598294706e-16,3.999999999999999,1.78125,1
4863,cell,,40,115,2.449293598294706e-16,3.999999999999999,1.796875,1
4864,cell,,40,116,2.449293598294706e-16,3.999999999999999,1.8125,1
4865,cell,,40,117,2.449293598294706e-16,3.999999999999999,1.828125,0
4866,cell,,41,0,-0.7803612880645125,3.923141121612921,0.0,0
4867,cell,,41,1,-0.7803612880645125,3.923141121612921,0.015625,1
4868,cell,,41,2,-0.7803612880645125,3.923141121612921,0.03125,1
4869,cell,,41,3,-0.7803612880645125,3.923141121612921,0.046875,1
4870,cell,,41,4,-0.7803612880645125,3.923141121612921,0.0625,1
4871,cell,,41,5,-0.7803612880645125,3.923141121612921,0.078125,0
4872,cell,,41,6,-0.7803612880645125,3.923141121612921,0.09375,1
4873,cell,,41,7,-0.7803612880645125,3.923141121612921,0.109375,1
4874,cell,,41,8,-0.7803612880645125,3.923141121612921,0.125,0
4875,cell,,41,9,-0.7803612880645125,3.923141121612921,0.140625,0
4876,cell,,41,10,-0.7803612880645125,3.923141121612921,0.15625,0
4877,cell,,41,11,-0.7803612880645125,3.923141121612921,0.171875,0
4878,cell,,41,12,-0.7803612880645125,3.923141121612921,0.1875,0
4879,cell,,41,13,-0.7803612880645125,3.923141121612921,0.203125,0
4880,cell,,41,14,-0.7803612880645125,3.923141121612921,0.21875,0
4881,cell,,41,15,-0.7803612880645125,3.923141121612921,0.234375,0
4882,cell,,41,16,-0.7803612880645125,3.923141121612921,0.25,0
4883,cell,,41,17,-0.7803612880645125,3.923141121612921,0.265625,0
4884,cell,,41,18,-0.7803612880645125,3.923141121612921,0.28125,0
4885,cell,,41,19,-0.7803612880645125,3.923141121612921,0.296875,0
4886,cell,,41,20,-0.7803612880645125,3.923141121612921,0.3125,0
4887,cell,,41,21,-0.7803612880645125,3.923141121612921,0.328125,0
4888,cell,,41,22,-0.7803612880645125,3.923141121612921,0.34375,0
4889,cell,,41,23,-0.7803612880645125,3.923141121612921,0.359375,0
4890,cell,,41,24,-0.7803612880645125,3.923141121612921,0.375,0
4891,cell,,41,25,-0.7803612880645125,3.923141121612921,0.390625,0
4892,cell,,41,26,-0.7803612880645125,3.923141121612921,0.40625,0
4893,cell,,41,27,-0.7803612880645125,3.923141121612921,0.421875,0
4894,cell,,41,28,-0.7803612880645125,3.923141121612921,0.4375,0
4895,cell,,41,29,-0.7803612880645125,3.923141121612921,0.453125,0
4896,cell,,41,30,-0.7803612880645125,3.923141121612921,0.46875,0
4897,cell,,41,31,-0.7803612880645125,3.923141121612921,0.484375,0
4898,cell,,41,32,-0.7803612880645125,3.923141121612921,0.5,1
4899,cell,,41,33,-0.7803612880645125,3.923141121612921,0.515625,1
4900,cell,,41,34,-0.7803612880645125,3.923141121612921,0.53125,1
4901,cell,,41,35,-0.7803612880645125,3.923141121612921,0.546875,0
4902,cell,,41,36,-0.7803612880645125,3.923141121612921,0.5625,0
4903,cell,,41,37,-0.7803612880645125,3.923141121612921,0.578125,1
4904,cell,,41,38,-0.7803612880645125,3.923141121612921,0.59375,0
4905,cell,,41,39,-0.7803612880645125,3.923141121612921,0.609375,0
4906,cell,,41,40,-0.7803612880645125,3.923141121612921,0.625,1
4907,cell,,41,41,-0.7803612880645125,3.923141121612921,0.640625,0
4908,cell,,41,42,-0.7803612880645125,3.923141121612921,0.65625,0
4909,cell,,41,43,-0.7803612880645125,3.923141121612921,0.671875,0
4910,cell,,41,44,-0.7803612880645125,3.923141121612921,0.6875,0
4911,cell,,41,45,-0.7803612880645125,3.923141121612921,0.703125,0
4912,cell,,41,46,-0.7803612880645125,3.923141121612921,0.71875,0
4913,cell,,41,47,-0.7803612880645125,3.923141121612921,0.734375,0
4914,cell,,41,48,-0.7803612880645125,3.923141121612921,0.75,0
4915,cell,,41,49,-0.7803612880645125,3.923141121612921,0.765625,0
4916,cell,,41,50,-0.7803612880645125,3.923141121612921,0.78125,0
4917,cell,,41,51,-0.7803612880645125,3.923141121612921,0.796875,0
4918,cell,,41,52,-0.7803612880645125,3.923141121612921,0.8125,0
4919,cell,,41,53,-0.7803612880645125,3.923141121612921,0.828125,0
4920,cell,,41,54,-0.7803612880645125,3.923141121612921,0.84375,0
4921,cell,,41,55,-0.7803612880645125,3.923141121612921,0.859375,0
4922,cell,,41,56,-0.7803612880645125,3.923141121612921,0.875,0
4923,cell,,41,57,-0.7803612880645125,3.923141121612921,0.890625,0
4924,cell,,41,58,-0.7803612880645125,3.923141121612921,0.90625,0
4925,cell,,41,59,-0.7803612880645125,3.923141121612921,0.921875,0
4926,cell,,41,60,-0.7803612880645125,3.923141121612921,0.9375,0
4927,cell,,41,61,-0.7803612880645125,3.923141121612921,0.953125,0
4928,cell,,41,62,-0.7803612880645125,3.923141121612921,0.96875,0
4929,cell,,41,63,-0.7803612880645125,3.923141121612921,0.984375,0
4930,cell,,41,64,-0.7803612880645125,3.923141121612921,1.0,1
4931,cell,,41,65,-0.7803612880645125,3.923141121612921,1.015625,0
4932,cell,,41,66,-0.7803612880645125,3.923141121612921,1.03125,0
4933,cell,,41,67,-0.7803612880645125,3.923141121612921,1.046875,0
4934,cell,,41,68,-0.7803612880645125,3.923141121612921,1.0625,0
4935,cell,,41,69,-0.7803612880645125,3.923141121612921,1.078125,1
4936,cell,,41,70,-0.7803612880645125,3.923141121612921,1.09375,0
4937,cell,,41,71,-0.7803612880645125,3.923141121612921,1.109375,0
4938,cell,,41,72,-0.7803612880645125,3.923141121612921,1.125,1
4939,cell,,41,73,-0.7803612880645125,3.923141121612921,1.140625,1
4940,cell,,41,74,-0.7803612880645125,3.923141121612921,1.15625,0
4941,cell,,41,75,-0.7803612880645125,3.923141121612921,1.171875,1
4942,cell,,41,76,-0.7803612880645125,3.923141121612921,1.1875,0
4943,cell,,41,77,-0.7803612880645125,3.923141121612921,1.203125,1
4944,cell,,41,78,-0.7803612880645125,3.923141121612921,1.21875,0
4945,cell,,41,79,-0.7803612880645125,3.923141121612921,1.234375,1
4946,cell,,41,80,-0.7803612880645125,3.923141121612921,1.25,0
4947,cell,,41,81,-0.7803612880645125,3.923141121612921,1.265625,1
4948,cell,,41,82,-0.7803612880645125,3.923141121612921,1.28125,1
4949,cell,,41,83,-0.7803612880645125,3.923141121612921,1.296875,1
4950,cell,,41,84,-0.7803612880645125,3.923141121612921,1.3125,1
4951,cell,,41,85,-0.7803612880645125,3.923141121612921,1.328125,1
4952,cell,,41,86,-0.7803612880645125,3.923141121612921,1.34375,1
4953,cell,,41,87,-0.7803612880645125,3.923141121612921,1.359375,0
4954,cell,,41,88,-0.7803612880645125,3.923141121612921,1.375,0
4955,cell,,41,89,-0.7803612880645125,3.923141121612921,1.390625,1
4956,cell,,41,90,-0.7803612880645125,3.923141121612921,1.40625,0
4957,cell,,41,91,-0.7803612880645125,3.923141121612921,1.421875,1
4958,cell,,41,92,-0.7803612880645125,3.923141121612921,1.4375,1
4959,cell,,41,93,-0.7803612880645125,3.923141121612921,1.453125,0
4960,cell,,41,94,-0.7803612880645125,3.923141121612921,1.46875,0
4961,cell,,41,95,-0.7803612880645125,3.923141121612921,1.484375,0
4962,cell,,41,96,-0.7803612880645125,3.923141121612921,1.5,1
4963,cell,,41,97,-0.7803612880645125,3.923141121612921,1.515625,0
4964,cell,,41,98,-0.7803612880645125,3.923141121612921,1.53125,1
4965,cell,,41,99,-0.7803612880645125,3.923141121612921,1.546875,1
4966,cell,,41,100,-0.7803612880645125,3.923141121612921,1.5625,0
4967,cell,,41,101,-0.7803612880645125,3.923141121612921,1.578125,1
4968,cell,,41,102,-0.7803612880645125,3.923141121612921,1.59375,1
4969,cell,,41,103,-0.7803612880645125,3.923141121612921,1.609375,1
4970,cell,,41,104,-0.7803612880645125,3.923141121612921,1.625,1
4971,cell,,41,105,-0.7803612880645125,3.923141121612921,1.640625,1
4972,cell,,41,106,-0.7803612880645125,3.923141121612921,1.65625,1
4973,cell,,41,107,-0.7803612880645125,3.923141121612921,1.671875,1
4974,cell,,41,108,-0.7803612880645125,3.923141121612921,1.6875,1
4975,cell,,41,109,-0.7803612880645125,3.923141121612921,1.703125,0
4976,cell,,41,110,-0.7803612880645125,3.923141121612921,1.71875,1
4977,cell,,41,111,-0.7803612880645125,3.923141121612921,1.734375,0
4978,cell,,41,112,-0.7803612880645125,3.923141121612921,1.75,0
4979,cell,,41,113,-0.7803612880645125,3.923141121612921,1.765625,1
4980,cell,,41,114,-0.7803612880645125,3.923141121612921,1.78125,1
4981,cell,,41,115,-0.7803612880645125,3.923141121612921,1.796875,1
4982,cell,,41,116,-0.7803612880645125,3.923141121612921,1.8125,1
4983,cell,,41,117,-0.7803612880645125,3.923141121612921,1.828125,0
4984,cell,,42,0,-1.5307337294603585,3.695518130045146,0.0,0
4985,cell,,42,1,-1.5307337294603585,3.695518130045146,0.015625,1
4986,cell,,42,2,-1.5307337294603585,3.695518130045146,0.03125,1
4987,cell,,42,3,-1.5307337294603585,3.695518130045146,0.046875,1
4988,cell,,42,4,-1.5307337294603585,3.695518130045146,0.0625,1
4989,cell,,42,5,-1.5307337294603585,3.695518130045146,0.078125,0
4990,cell,,42,6,-1.5307337294603585,3.695518130045146,0.09375,1
4991,cell,,42,7,-1.5307337294603585,3.695518130045146,0.109375,1
4992,cell,,42,8,-1.5307337294603585,3.695518130045146,0.125,0
4993,cell,,42,9,-1.5307337294603585,3.695518130045146,0.140625,0
4994,cell,,42,10,-1.5307337294603585,3.695518130045146,0.15625,0
4995,cell,,42,11,-1.5307337294603585,3.695518130045146,0.171875,0
4996,cell,,42,12,-1.5307337294603585,3.695518130045146,0.1875,0
4997,cell,,42,13,-1.5307337294603585,3.695518130045146,0.203125,0
4998,cell,,42,14,-1.5307337294603585,3.695518130045146,0.21875,0
4999,cell,,42,15,-1.5307337294603585,3.695518130045146,0.234375,0
5000,cell,,42,16,-1.5307337294603585,3.695518130045146,0.25,0
5001,cell,,42,17,-1.5307337294603585,3.695518130045146,0.265625,0
5002,cell,,42,18,-1.5307337294603585,3.695518130045146,0.28125,0
5003,cell,,42,19,-1.5307337294603585,3.695518130045146,0.296875,0
5004,cell,,42,20,-1.5307337294603585,3.695518130045146,0.3125,0
5005,cell,,42,21,-1.5307337294603585,3.695518130045146,0.328125,0
5006,cell,,42,22,-1.5307337294603585,3.695518130045146,0.34375,0
5007,cell,,42,23,-1.5307337294603585,3.695518130045146,0.359375,0
5008,cell,,42,24,-1.5307337294603585,3.695518130045146,0.375,0
5009,cell,,42,25,-1.5307337294603585,3.695518130045146,0.390625,0
5010,cell,,42,26,-1.5307337294603585,3.695518130045146,0.40625,0
5011,cell,,42,27,-1.5307337294603585,3.695518130045146,0.421875,0
5012,cell,,42,28,-1.5307337294603585,3.695518130045146,0.4375,0
5013,cell,,42,29,-1.5307337294603585,3.695518130045146,0.453125,0
5014,cell,,42,30,-1.5307337294603585,3.695518130045146,0.46875,0
5015,cell,,42,31,-1.5307337294603585,3.695518130045146,0.484375,0
5016,cell,,42,32,-1.5307337294603585,3.695518130045146,0.5,1
5017,cell,,42,33,-1.5307337294603585,3.695518130045146,0.515625,1
5018,cell,,42,34,-1.5307337294603585,3.695518130045146,0.53125,1
5019,cell,,42,35,-1.5307337294603585,3.695518130045146,0.546875,0
5020,cell,,42,36,-1.5307337294603585,3.695518130045146,0.5625,0
5021,cell,,42,37,-1.5307337294603585,3.695518130045146,0.578125,1
5022,cell,,42,38,-1.5307337294603585,3.695518130045146,0.59375,0
5023,cell,,42,39,-1.5307337294603585,3.695518130045146,0.609375,0
5024,cell,,42,40,-1.5307337294603585,3.695518130045146,0.625,1
5025,cell,,42,41,-1.5307337294603585,3.695518130045146,0.640625,0
5026,cell,,42,42,-1.5307337294603585,3.695518130045146,0.65625,0
5027,cell,,42,43,-1.5307337294603585,3.695518130045146,0.671875,0
5028,cell,,42,44,-1.5307337294603585,3.695518130045146,0.6875,0
5029,cell,,42,45,-1.5307337294603585,3.695518130045146,0.703125,0
5030,cell,,42,46,-1.5307337294603585,3.695518130045146,0.71875,0
5031,cell,,42,47,-1.5307337294603585,3.695518130045146,0.734375,0
5032,cell,,42,48,-1.5307337294603585,3.695518130045146,0.75,0
5033,cell,,42,49,-1.5307337294603585,3.695518130045146,0.765625,0
5034,cell,,42,50,-1.5307337294603585,3.695518130045146,0.78125,0
5035,cell,,42,51,-1.5307337294603585,3.695518130045146,0.796875,0
5036,cell,,42,52,-1.5307337294603585,3.695518130045146,0.8125,0
5037,cell,,42,53,-1.5307337294603585,3.695518130045146,0.828125,0
5038,cell,,42,54,-1.5307337294603585,3.695518130045146,0.84375,0
5039,cell,,42,55,-1.5307337294603585,3.695518130045146,0.859375,0
5040,cell,,42,56,-1.5307337294603585,3.695518130045146,0.875,0
5041,cell,,42,57,-1.5307337294603585,3.695518130045146,0.890625,0
5042,cell,,42,58,-1.5307337294603585,3.695518130045146,0.90625,0
5043,cell,,42,59,-1.5307337294603585,3.695518130045146,0.921875,0
5044,cell,,42,60,-1.5307337294603585,3.695518130045146,0.9375,0
5045,cell,,42,61,-1.5307337294603585,3.695518130045146,0.953125,0
5046,cell,,42,62,-1.5307337294603585,3.695518130045146,0.96875,0
5047,cell,,42,63,-1.5307337294603585,3.695518130045146,0.984375,0
5048,cell,,42,64,-1.5307337294603585,3.695518130045146,1.0,1
5049,cell,,42,65,-1.5307337294603585,3.695518130045146,1.015625,0
5050,cell,,42,66,-1.5307337294603585,3.695518130045146,1.03125,1
5051,cell,,42,67,-1.5307337294603585,3.695518130045146,1.046875,0
5052,cell,,42,68,-1.5307337294603585,3.695518130045146,1.0625,1
5053,cell,,42,69,-1.5307337294603585,3.695518130045146,1.078125,0
5054,cell,,42,70,-1.5307337294603585,3.695518130045146,1.09375,0
5055,cell,,42,71,-1.5307337294603585,3.695518130045146,1.109375,1
5056,cell,,42,72,-1.5307337294603585,3.695518130045146,1.125,1
5057,cell,,42,73,-1.5307337294603585,3.695518130045146,1.140625,0
5058,cell,,42,74,-1.5307337294603585,3.695518130045146,1.15625,0
5059,cell,,42,75,-1.5307337294603585,3.695518130045146,1.171875,0
5060,cell,,42,76,-1.5307337294603585,3.695518130045146,1.1875,1
5061,cell,,42,77,-1.5307337294603585,3.695518130045146,1.203125,1
5062,cell,,42,78,-1.5307337294603585,3.695518130045146,1.21875,0
5063,cell,,42,79,-1.5307337294603585,3.695518130045146,1.234375,1
5064,cell,,42,80,-1.5307337294603585,3.695518130045146,1.25,0
5065,cell,,42,81,-1.5307337294603585,3.695518130045146,1.265625,1
5066,cell,,42,82,-1.5307337294603585,3.695518130045146,1.28125,0
5067,cell,,42,83,-1.5307337294603585,3.695518130045146,1.296875,0
5068,cell,,42,84,-1.5307337294603585,3.695518130045146,1.3125,0
5069,cell,,42,85,-1.5307337294603585,3.695518130045146,1.328125,1
5070,cell,,42,86,-1.5307337294603585,3.695518130045146,1.34375,1
5071,cell,,42,87,-1.5307337294603585,3.695518130045146,1.359375,1
5072,cell,,42,88,-1.5307337294603585,3.695518130045146,1.375,0
5073,cell,,42,89,-1.5307337294603585,3.695518130045146,1.390625,0
5074,cell,,42,90,-1.5307337294603585,3.695518130045146,1.40625,0
5075,cell,,42,91,-1.5307337294603585,3.695518130045146,1.421875,0
5076,cell,,42,92,-1.5307337294603585,3.695518130045146,1.4375,0
5077,cell,,42,93,-1.5307337294603585,3.695518130045146,1.453125,1
5078,cell,,42,94,-1.5307337294603585,3.695518130045146,1.46875,0
5079,cell,,42,95,-1.5307337294603585,3.695518130045146,1.484375,0
5080,cell,,42,96,-1.5307337294603585,3.695518130045146,1.5,1
5081,cell,,42,97,-1.5307337294603585,3.695518130045146,1.515625,0
5082,cell,,42,98,-1.5307337294603585,3.695518130045146,1.53125,0
5083,cell,,42,99,-1.5307337294603585,3.695518130045146,1.546875,1
5084,cell,,42,100,-1.5307337294603585,3.695518130045146,1.5625,1
5085,cell,,42,101,-1.5307337294603585,3.695518130045146,1.578125,1
5086,cell,,42,102,-1.5307337294603585,3.695518130045146,1.59375,1
5087,cell,,42,103,-1.5307337294603585,3.695518130045146,1.609375,0
5088,cell,,42,104,-1.5307337294603585,3.695518130045146,1.625,1
5089,cell,,42,105,-1.5307337294603585,3.695518130045146,1.640625,0
5090,cell,,42,106,-1.5307337294603585,3.695518130045146,1.65625,0
5091,cell,,42,107,-1.5307337294603585,3.695518130045146,1.671875,0
5092,cell,,42,108,-1.5307337294603585,3.695518130045146,1.6875,1
5093,cell,,42,109,-1.5307337294603585,3.695518130045146,1.703125,1
5094,cell,,42,110,-1.5307337294603585,3.695518130045146,1.71875,1
5095,cell,,42,111,-1.5307337294603585,3.695518130045146,1.734375,0
5096,cell,,42,112,-1.5307337294603585,3.695518130045146,1.75,1
5097,cell,,42,113,-1.5307337294603585,3.695518130045146,1.765625,1
5098,cell,,42,114,-1.5307337294603585,3.695518130045146,1.78125,1
5099,cell,,42,115,-1.5307337294603585,3.695518130045146,1.796875,0
5100,cell,,42,116,-1.5307337294603585,3.695518130045146,1.8125,1
5101,cell,,42,117,-1.5307337294603585,3.695518130045146,1.828125,0
5102,cell,,43,0,-2.2222809320784074,3.325878449210181,0.0,1
5103,cell,,43,1,-2.2222809320784074,3.325878449210181,0.015625,1
5104,cell,,43,2,-2.2222809320784074,3.325878449210181,0.03125,1
5105,cell,,43,3,-2.2222809320784074,3.325878449210181,0.046875,0
5106,cell,,43,4,-2.2222809320784074,3.325878449210181,0.0625,1
5107,cell,,43,5,-2.2222809320784074,3.325878449210181,0.078125,0
5108,cell,,43,6,-2.2222809320784074,3.325878449210181,0.09375,1
5109,cell,,43,7,-2.2222809320784074,3.325878449210181,0.109375,1
5110,cell,,43,8,-2.2222809320784074,3.325878449210181,0.125,0
5111,cell,,43,9,-2.2222809320784074,3.325878449210181,0.140625,0
5112,cell,,43,10,-2.2222809320784074,3.325878449210181,0.15625,0
5113,cell,,43,11,-2.2222809320784074,3.325878449210181,0.171875,0
5114,cell,,43,12,-2.2222809320784074,3.325878449210181,0.1875,0
5115,cell,,43,13,-2.2222809320784074,3.325878449210181,0.203125,0
5116,cell,,43,14,-2.2222809320784074,3.325878449210181,0.21875,0
5117,cell,,43,15,-2.2222809320784074,3.325878449210181,0.234375,0
5118,cell,,43,16,-2.2222809320784074,3.325878449210181,0.25,0
5119,cell,,43,17,-2.2222809320784074,3.325878449210181,0.265625,0
5120,cell,,43,18,-2.2222809320784074,3.325878449210181,0.28125,0
5121,cell,,43,19,-2.2222809320784074,3.325878449210181,0.296875,0
5122,cell,,43,20,-2.2222809320784074,3.325878449210181,0.3125,0
5123,cell,,43,21,-2.2222809320784074,3.325878449210181,0.328125,0
5124,cell,,43,22,-2.2222809320784074,3.325878449210181,0.34375,0
5125,cell,,43,23,-2.2222809320784074,3.325878449210181,0.359375,0
5126,cell,,43,24,-2.2222809320784074,3.325878449210181,0.375,0
5127,cell,,43,25,-2.2222809320784074,3.325878449210181,0.390625,0
5128,cell,,43,26,-2.2222809320784074,3.325878449210181,0.40625,0
5129,cell,,43,27,-2.2222809320784074,3.325878449210181,0.421875,0
5130,cell,,43,28,-2.2222809320784074,3.325878449210181,0.4375,0
5131,cell,,43,29,-2.2222809320784074,3.325878449210181,0.453125,0
5132,cell,,43,30,-2.2222809320784074,3.325878449210181,0.46875,0
5133,cell,,43,31,-2.2222809320784074,3.325878449210181,0.484375,0
5134,cell,,43,32,-2.2222809320784074,3.325878449210181,0.5,0
5135,cell,,43,33,-2.2222809320784074,3.325878449210181,0.515625,1
5136,cell,,43,34,-2.2222809320784074,3.325878449210181,0.53125,0
5137,cell,,43,35,-2.2222809320784074,3.325878449210181,0.546875,0
5138,cell,,43,36,-2.2222809320784074,3.325878449210181,0.5625,0
5139,cell,,43,37,-2.2222809320784074,3.325878449210181,0.578125,1
5140,cell,,43,38,-2.2222809320784074,3.325878449210181,0.59375,0
5141,cell,,43,39,-2.2222809320784074,3.325878449210181,0.609375,0
5142,cell,,43,40,-2.2222809320784074,3.325878449210181,0.625,1
5143,cell,,43,41,-2.2222809320784074,3.325878449210181,0.640625,0
5144,cell,,43,42,-2.2222809320784074,3.325878449210181,0.65625,0
5145,cell,,43,43,-2.2222809320784074,3.325878449210181,0.671875,0
5146,cell,,43,44,-2.2222809320784074,3.325878449210181,0.6875,0
5147,cell,,43,45,-2.2222809320784074,3.325878449210181,0.703125,0
5148,cell,,43,46,-2.2222809320784074,3.325878449210181,0.71875,0
5149,cell,,43,47,-2.2222809320784074,3.325878449210181,0.734375,0
5150,cell,,43,48,-2.2222809320784074,3.325878449210181,0.75,0
5151,cell,,43,49,-2.2222809320784074,3.325878449210181,0.765625,0
5152,cell,,43,50,-2.2222809320784074,3.325878449210181,0.78125,0
5153,cell,,43,51,-2.2222809320784074,3.325878449210181,0.796875,0
5154,cell,,43,52,-2.2222809320784074,3.325878449210181,0.8125,0
5155,cell,,43,53,-2.2222809320784074,3.325878449210181,0.828125,0
5156,cell,,43,54,-2.2222809320784074,3.325878449210181,0.84375,0
5157,cell,,43,55,-2.2222809320784074,3.325878449210181,0.859375,0
5158,cell,,43,56,-2.2222809320784074,3.325878449210181,0.875,0
5159,cell,,43,57,-2.2222809320784074,3.325878449210181,0.890625,0
5160,cell,,43,58,-2.2222809320784074,3.325878449210181,0.90625,0
5161,cell,,43,59,-2.2222809320784074,3.325878449210181,0.921875,0
5162,cell,,43,60,-2.2222809320784074,3.325878449210181,0.9375,0
5163,cell,,43,61,-2.2222809320784074,3.325878449210181,0.953125,0
5164,cell,,43,62,-2.2222809320784074,3.325878449210181,0.96875,0
5165,cell,,43,63,-2.2222809320784074,3.325878449210181,0.984375,0
5166,cell,,43,64,-2.2222809320784074,3.325878449210181,1.0,1
5167,cell,,43,65,-2.2222809320784074,3.325878449210181,1.015625,1
5168,cell,,43,66,-2.2222809320784074,3.325878449210181,1.03125,1
5169,cell,,43,67,-2.2222809320784074,3.325878449210181,1.046875,0
5170,cell,,43,68,-2.2222809320784074,3.325878449210181,1.0625,0
5171,cell,,43,69,-2.2222809320784074,3.325878449210181,1.078125,1
5172,cell,,43,70,-2.2222809320784074,3.325878449210181,1.09375,1
5173,cell,,43,71,-2.2222809320784074,3.325878449210181,1.109375,0
5174,cell,,43,72,-2.2222809320784074,3.325878449210181,1.125,1
5175,cell,,43,73,-2.2222809320784074,3.325878449210181,1.140625,0
5176,cell,,43,74,-2.2222809320784074,3.325878449210181,1.15625,0
5177,cell,,43,75,-2.2222809320784074,3.325878449210181,1.171875,1
5178,cell,,43,76,-2.2222809320784074,3.325878449210181,1.1875,0
5179,cell,,43,77,-2.2222809320784074,3.325878449210181,1.203125,1
5180,cell,,43,78,-2.2222809320784074,3.325878449210181,1.21875,0
5181,cell,,43,79,-2.2222809320784074,3.325878449210181,1.234375,1
5182,cell,,43,80,-2.2222809320784074,3.325878449210181,1.25,0
5183,cell,,43,81,-2.2222809320784074,3.325878449210181,1.265625,0
5184,cell,,43,82,-2.2222809320784074,3.325878449210181,1.28125,0
5185,cell,,43,83,-2.2222809320784074,3.325878449210181,1.296875,0
5186,cell,,43,84,-2.2222809320784074,3.325878449210181,1.3125,0
5187,cell,,43,85,-2.2222809320784074,3.325878449210181,1.328125,0
5188,cell,,43,86,-2.2222809320784074,3.325878449210181,1.34375,1
5189,cell,,43,87,-2.2222809320784074,3.325878449210181,1.359375,1
5190,cell,,43,88,-2.2222809320784074,3.325878449210181,1.375,0
5191,cell,,43,89,-2.2222809320784074,3.325878449210181,1.390625,1
5192,cell,,43,90,-2.2222809320784074,3.325878449210181,1.40625,0
5193,cell,,43,91,-2.2222809320784074,3.325878449210181,1.421875,0
5194,cell,,43,92,-2.2222809320784074,3.325878449210181,1.4375,0
5195,cell,,43,93,-2.2222809320784074,3.325878449210181,1.453125,1
5196,cell,,43,94,-2.2222809320784074,3.325878449210181,1.46875,0
5197,cell,,43,95,-2.2222809320784074,3.325878449210181,1.484375,0
5198,cell,,43,96,-2.2222809320784074,3.325878449210181,1.5,1
5199,cell,,43,97,-2.2222809320784074,3.325878449210181,1.515625,0
5200,cell,,43,98,-2.2222809320784074,3.325878449210181,1.53125,1
5201,cell,,43,99,-2.2222809320784074,3.325878449210181,1.546875,1
5202,cell,,43,100,-2.2222809320784074,3.325878449210181,1.5625,1
5203,cell,,43,101,-2.2222809320784074,3.325878449210181,1.578125,0
5204,cell,,43,102,-2.2222809320784074,3.325878449210181,1.59375,0
5205,cell,,43,103,-2.2222809320784074,3.325878449210181,1.609375,1
5206,cell,,43,104,-2.2222809320784074,3.325878449210181,1.625,1
5207,cell,,43,105,-2.2222809320784074,3.325878449210181,1.640625,1
5208,cell,,43,106,-2.2222809320784074,3.325878449210181,1.65625,1
5209,cell,,43,107,-2.2222809320784074,3.325878449210181,1.671875,1
5210,cell,,43,108,-2.2222809320784074,3.325878449210181,1.6875,1
5211,cell,,43,109,-2.2222809320784074,3.325878449210181,1.703125,0
5212,cell,,43,110,-2.2222809320784074,3.325878449210181,1.71875,0
5213,cell,,43,111,-2.2222809320784074,3.325878449210181,1.734375,1
5214,cell,,43,112,-2.2222809320784074,3.325878449210181,1.75,0
5215,cell,,43,113,-2.2222809320784074,3.325878449210181,1.765625,1
5216,cell,,43,114,-2.2222809320784074,3.325878449210181,1.78125,1
5217,cell,,43,115,-2.2222809320784074,3.325878449210181,1.796875,1
5218,cell,,43,116,-2.2222809320784074,3.325878449210181,1.8125,1
5219,cell,,43,117,-2.2222809320784074,3.325878449210181,1.828125,0
5220,cell,,44,0,-2.8284271247461894,2.82842712474619,0.0,0
5221,cell,,44,1,-2.8284271247461894,2.82842712474619,0.015625,0
5222,cell,,44,2,-2.8284271247461894,2.82842712474619,0.03125,0
5223,cell,,44,3,-2.8284271247461894,2.82842712474619,0.046875,0
5224,cell,,44,4,-2.8284271247461894,2.82842712474619,0.0625,1
5225,cell,,44,5,-2.8284271247461894,2.82842712474619,0.078125,0
5226,cell,,44,6,-2.8284271247461894,2.82842712474619,0.09375,1
5227,cell,,44,7,-2.8284271247461894,2.82842712474619,0.109375,1
5228,cell,,44,8,-2.8284271247461894,2.82842712474619,0.125,0
5229,cell,,44,9,-2.8284271247461894,2.82842712474619,0.140625,0
5230,cell,,44,10,-2.8284271247461894,2.82842712474619,0.15625,0
5231,cell,,44,11,-2.8284271247461894,2.82842712474619,0.171875,0
5232,cell,,44,12,-2.8284271247461894,2.82842712474619,0.1875,0
5233,cell,,44,13,-2.8284271247461894,2.82842712474619,0.203125,0
5234,cell,,44,14,-2.8284271247461894,2.82842712474619,0.21875,0
5235,cell,,44,15,-2.8284271247461894,2.82842712474619,0.234375,0
5236,cell,,44,16,-2.8284271247461894,2.82842712474619,0.25,0
5237,cell,,44,17,-2.8284271247461894,2.82842712474619,0.265625,0
5238,cell,,44,18,-2.8284271247461894,2.82842712474619,0.28125,0
5239,cell,,44,19,-2.8284271247461894,2.82842712474619,0.296875,0
5240,cell,,44,20,-2.8284271247461894,2.82842712474619,0.3125,0
5241,cell,,44,21,-2.8284271247461894,2.82842712474619,0.328125,0
5242,cell,,44,22,-2.8284271247461894,2.82842712474619,0.34375,0
5243,cell,,44,23,-2.8284271247461894,2.82842712474619,0.359375,0
5244,cell,,44,24,-2.8284271247461894,2.82842712474619,0.375,0
5245,cell,,44,25,-2.8284271247461894,2.82842712474619,0.390625,0
5246,cell,,44,26,-2.8284271247461894,2.82842712474619,0.40625,0
5247,cell,,44,27,-2.8284271247461894,2.82842712474619,0.421875,0
5248,cell,,44,28,-2.8284271247461894,2.82842712474619,0.4375,0
5249,cell,,44,29,-2.8284271247461894,2.82842712474619,0.453125,0
5250,cell,,44,30,-2.8284271247461894,2.82842712474619,0.46875,0
5251,cell,,44,31,-2.8284271247461894,2.82842712474619,0.484375,0
5252,cell,,44,32,-2.8284271247461894,2.82842712474619,0.5,0
5253,cell,,44,33,-2.8284271247461894,2.82842712474619,0.515625,0
5254,cell,,44,34,-2.8284271247461894,2.82842712474619,0.53125,1
5255,cell,,44,35,-2.8284271247461894,2.82842712474619,0.546875,1
5256,cell,,44,36,-2.8284271247461894,2.82842712474619,0.5625,1
5257,cell,,44,37,-2.8284271247461894,2.82842712474619,0.578125,0
5258,cell,,44,38,-2.8284271247461894,2.82842712474619,0.59375,0
5259,cell,,44,39,-2.8284271247461894,2.82842712474619,0.609375,0
5260,cell,,44,40,-2.8284271247461894,2.82842712474619,0.625,1
5261,cell,,44,41,-2.8284271247461894,2.82842712474619,0.640625,0
5262,cell,,44,42,-2.8284271247461894,2.82842712474619,0.65625,0
5263,cell,,44,43,-2.8284271247461894,2.82842712474619,0.671875,0
5264,cell,,44,44,-2.8284271247461894,2.82842712474619,0.6875,0
5265,cell,,44,45,-2.8284271247461894,2.82842712474619,0.703125,0
5266,cell,,44,46,-2.8284271247461894,2.82842712474619,0.71875,0
5267,cell,,44,47,-2.8284271247461894,2.82842712474619,0.734375,0
5268,cell,,44,48,-2.8284271247461894,2.82842712474619,0.75,0
5269,cell,,44,49,-2.8284271247461894,2.82842712474619,0.765625,0
5270,cell,,44,50,-2.8284271247461894,2.82842712474619,0.78125,0
5271,cell,,44,51,-2.8284271247461894,2.82842712474619,0.796875,0
5272,cell,,44,52,-2.8284271247461894,2.82842712474619,0.8125,0
5273,cell,,44,53,-2.8284271247461894,2.82842712474619,0.828125,0
5274,cell,,44,54,-2.8284271247461894,2.82842712474619,0.84375,0
5275,cell,,44,55,-2.8284271247461894,2.82842712474619,0.859375,0
5276,cell,,44,56,-2.8284271247461894,2.82842712474619,0.875,0
5277,cell,,44,57,-2.8284271247461894,2.82842712474619,0.890625,0
5278,cell,,44,58,-2.8284271247461894,2.82842712474619,0.90625,0
5279,cell,,44,59,-2.8284271247461894,2.82842712474619,0.921875,0
5280,cell,,44,60,-2.8284271247461894,2.82842712474619,0.9375,0
5281,cell,,44,61,-2.8284271247461894,2.82842712474619,0.953125,0
5282,cell,,44,62,-2.8284271247461894,2.82842712474619,0.96875,0
5283,cell,,44,63,-2.8284271247461894,2.82842712474619,0.984375,0
5284,cell,,44,64,-2.8284271247461894,2.82842712474619,1.0,0
5285,cell,,44,65,-2.8284271247461894,2.82842712474619,1.015625,0
5286,cell,,44,66,-2.8284271247461894,2.82842712474619,1.03125,0
5287,cell,,44,67,-2.8284271247461894,2.82842712474619,1.046875,0
5288,cell,,44,68,-2.8284271247461894,2.82842712474619,1.0625,1
5289,cell,,44,69,-2.8284271247461894,2.82842712474619,1.078125,0
5290,cell,,44,70,-2.8284271247461894,2.82842712474619,1.09375,1
5291,cell,,44,71,-2.8284271247461894,2.82842712474619,1.109375,1
5292,cell,,44,72,-2.8284271247461894,2.82842712474619,1.125,1
5293,cell,,44,73,-2.8284271247461894,2.82842712474619,1.140625,1
5294,cell,,44,74,-2.8284271247461894,2.82842712474619,1.15625,1
5295,cell,,44,75,-2.8284271247461894,2.82842712474619,1.171875,0
5296,cell,,44,76,-2.8284271247461894,2.82842712474619,1.1875,0
5297,cell,,44,77,-2.8284271247461894,2.82842712474619,1.203125,1
5298,cell,,44,78,-2.8284271247461894,2.82842712474619,1.21875,0
5299,cell,,44,79,-2.8284271247461894,2.82842712474619,1.234375,1
5300,cell,,44,80,-2.8284271247461894,2.82842712474619,1.25,0
5301,cell,,44,81,-2.8284271247461894,2.82842712474619,1.265625,1
5302,cell,,44,82,-2.8284271247461894,2.82842712474619,1.28125,1
5303,cell,,44,83,-2.8284271247461894,2.82842712474619,1.296875,1
5304,cell,,44,84,-2.8284271247461894,2.82842712474619,1.3125,0
5305,cell,,44,85,-2.8284271247461894,2.82842712474619,1.328125,1
5306,cell,,44,86,-2.8284271247461894,2.82842712474619,1.34375,0
5307,cell,,44,87,-2.8284271247461894,2.82842712474619,1.359375,1
5308,cell,,44,88,-2.8284271247461894,2.82842712474619,1.375,1
5309,cell,,44,89,-2.8284271247461894,2.82842712474619,1.390625,0
5310,cell,,44,90,-2.8284271247461894,2.82842712474619,1.40625,1
5311,cell,,44,91,-2.8284271247461894,2.82842712474619,1.421875,0
5312,cell,,44,92,-2.8284271247461894,2.82842712474619,1.4375,0
5313,cell,,44,93,-2.8284271247461894,2.82842712474619,1.453125,1
5314,cell,,44,94,-2.8284271247461894,2.82842712474619,1.46875,0
5315,cell,,44,95,-2.8284271247461894,2.82842712474619,1.484375,0
5316,cell,,44,96,-2.8284271247461894,2.82842712474619,1.5,1
5317,cell,,44,97,-2.8284271247461894,2.82842712474619,1.515625,0
5318,cell,,44,98,-2.8284271247461894,2.82842712474619,1.53125,0
5319,cell,,44,99,-2.8284271247461894,2.82842712474619,1.546875,0
5320,cell,,44,100,-2.8284271247461894,2.82842712474619,1.5625,1
5321,cell,,44,101,-2.8284271247461894,2.82842712474619,1.578125,1
5322,cell,,44,102,-2.8284271247461894,2.82842712474619,1.59375,1
5323,cell,,44,103,-2.8284271247461894,2.82842712474619,1.609375,1
5324,cell,,44,104,-2.8284271247461894,2.82842712474619,1.625,0
5325,cell,,44,105,-2.8284271247461894,2.82842712474619,1.640625,1
5326,cell,,44,106,-2.8284271247461894,2.82842712474619,1.65625,1
5327,cell,,44,107,-2.8284271247461894,2.82842712474619,1.671875,0
5328,cell,,44,108,-2.8284271247461894,2.82842712474619,1.6875,0
5329,cell,,44,109,-2.8284271247461894,2.82842712474619,1.703125,1
5330,cell,,44,110,-2.8284271247461894,2.82842712474619,1.71875,1
5331,cell,,44,111,-2.8284271247461894,2.82842712474619,1.734375,0
5332,cell,,44,112,-2.8284271247461894,2.82842712474619,1.75,0
5333,cell,,44,113,-2.8284271247461894,2.82842712474619,1.765625,1
5334,cell,,44,114,-2.8284271247461894,2.82842712474619,1.78125,1
5335,cell,,44,115,-2.8284271247461894,2.82842712474619,1.796875,1
5336,cell,,44,116,-2.8284271247461894,2.82842712474619,1.8125,1
5337,cell,,44,117,-2.8284271247461894,2.82842712474619,1.828125,0
5338,cell,,45,0,-3.3258784492101805,2.2222809320784083,0.0,1
5339,cell,,45,1,-3.3258784492101805,2.2222809320784083,0.015625,0
5340,cell,,45,2,-3.3258784492101805,2.2222809320784083,0.03125,1
5341,cell,,45,3,-3.3258784492101805,2.2222809320784083,0.046875,0
5342,cell,,45,4,-3.3258784492101805,2.2222809320784083,0.0625,0
5343,cell,,45,5,-3.3258784492101805,2.2222809320784083,0.078125,0
5344,cell,,45,6,-3.3258784492101805,2.2222809320784083,0.09375,1
5345,cell,,45,7,-3.3258784492101805,2.2222809320784083,0.109375,1
5346,cell,,45,8,-3.3258784492101805,2.2222809320784083,0.125,0
5347,cell,,45,9,-3.3258784492101805,2.2222809320784083,0.140625,0
5348,cell,,45,10,-3.3258784492101805,2.2222809320784083,0.15625,0
5349,cell,,45,11,-3.3258784492101805,2.2222809320784083,0.171875,0
5350,cell,,45,12,-3.3258784492101805,2.2222809320784083,0.1875,0
5351,cell,,45,13,-3.3258784492101805,2.2222809320784083,0.203125,0
5352,cell,,45,14,-3.3258784492101805,2.2222809320784083,0.21875,0
5353,cell,,45,15,-3.3258784492101805,2.2222809320784083,0.234375,0
5354,cell,,45,16,-3.3258784492101805,2.2222809320784083,0.25,0
5355,cell,,45,17,-3.3258784492101805,2.2222809320784083,0.265625,0
5356,cell,,45,18,-3.3258784492101805,2.2222809320784083,0.28125,0
5357,cell,,45,19,-3.3258784492101805,2.2222809320784083,0.296875,0
5358,cell,,45,20,-3.3258784492101805,2.2222809320784083,0.3125,0
5359,cell,,45,21,-3.3258784492101805,2.2222809320784083,0.328125,0
5360,cell,,45,22,-3.3258784492101805,2.2222809320784083,0.34375,0
5361,cell,,45,23,-3.3258784492101805,2.2222809320784083,0.359375,0
5362,cell,,45,24,-3.3258784492101805,2.2222809320784083,0.375,0
5363,cell,,45,25,-3.3258784492101805,2.2222809320784083,0.390625,0
5364,cell,,45,26,-3.3258784492101805,2.2222809320784083,0.40625,0
5365,cell,,45,27,-3.3258784492101805,2.2222809320784083,0.421875,0
5366,cell,,45,28,-3.3258784492101805,2.2222809320784083,0.4375,0
5367,cell,,45,29,-3.3258784492101805,2.2222809320784083,0.453125,0
5368,cell,,45,30,-3.3258784492101805,2.2222809320784083,0.46875,0
5369,cell,,45,31,-3.3258784492101805,2.2222809320784083,0.484375,0
5370,cell,,45,32,-3.3258784492101805,2.2222809320784083,0.5,1
5371,cell,,45,33,-3.3258784492101805,2.2222809320784083,0.515625,1
5372,cell,,45,34,-3.3258784492101805,2.2222809320784083,0.53125,1
5373,cell,,45,35,-3.3258784492101805,2.2222809320784083,0.546875,1
5374,cell,,45,36,-3.3258784492101805,2.2222809320784083,0.5625,0
5375,cell,,45,37,-3.3258784492101805,2.2222809320784083,0.578125,0
5376,cell,,45,38,-3.3258784492101805,2.2222809320784083,0.59375,0
5377,cell,,45,39,-3.3258784492101805,2.2222809320784083,0.609375,0
5378,cell,,45,40,-3.3258784492101805,2.2222809320784083,0.625,1
5379,cell,,45,41,-3.3258784492101805,2.2222809320784083,0.640625,0
5380,cell,,45,42,-3.3258784492101805,2.2222809320784083,0.65625,0
5381,cell,,45,43,-3.3258784492101805,2.2222809320784083,0.671875,0
5382,cell,,45,44,-3.3258784492101805,2.2222809320784083,0.6875,0
5383,cell,,45,45,-3.3258784492101805,2.2222809320784083,0.703125,0
5384,cell,,45,46,-3.3258784492101805,2.2222809320784083,0.71875,0
5385,cell,,45,47,-3.3258784492101805,2.2222809320784083,0.734375,0
5386,cell,,45,48,-3.3258784492101805,2.2222809320784083,0.75,0
5387,cell,,45,49,-3.3258784492101805,2.2222809320784083,0.765625,0
5388,cell,,45,50,-3.3258784492101805,2.2222809320784083,0.78125,0
5389,cell,,45,51,-3.3258784492101805,2.2222809320784083,0.796875,0
5390,cell,,45,52,-3.3258784492101805,2.2222809320784083,0.8125,0
5391,cell,,45,53,-3.3258784492101805,2.2222809320784083,0.828125,0
5392,cell,,45,54,-3.3258784492101805,2.2222809320784083,0.84375,0
5393,cell,,45,55,-3.3258784492101805,2.2222809320784083,0.859375,0
5394,cell,,45,56,-3.3258784492101805,2.2222809320784083,0.875,0
5395,cell,,45,57,-3.3258784492101805,2.2222809320784083,0.890625,0
5396,cell,,45,58,-3.3258784492101805,2.2222809320784083,0.90625,0
5397,cell,,45,59,-3.3258784492101805,2.2222809320784083,0.921875,0
5398,cell,,45,60,-3.3258784492101805,2.2222809320784083,0.9375,0
5399,cell,,45,61,-3.3258784492101805,2.2222809320784083,0.953125,0
5400,cell,,45,62,-3.3258784492101805,2.2222809320784083,0.96875,0
5401,cell,,45,63,-3.3258784492101805,2.2222809320784083,0.984375,0
5402,cell,,45,64,-3.3258784492101805,2.2222809320784083,1.0,0
5403,cell,,45,65,-3.3258784492101805,2.2222809320784083,1.015625,0
5404,cell,,45,66,-3.3258784492101805,2.2222809320784083,1.03125,1
5405,cell,,45,67,-3.3258784492101805,2.2222809320784083,1.046875,0
5406,cell,,45,68,-3.3258784492101805,2.2222809320784083,1.0625,1
5407,cell,,45,69,-3.3258784492101805,2.2222809320784083,1.078125,1
5408,cell,,45,70,-3.3258784492101805,2.2222809320784083,1.09375,0
5409,cell,,45,71,-3.3258784492101805,2.2222809320784083,1.109375,1
5410,cell,,45,72,-3.3258784492101805,2.2222809320784083,1.125,1
5411,cell,,45,73,-3.3258784492101805,2.2222809320784083,1.140625,1
5412,cell,,45,74,-3.3258784492101805,2.2222809320784083,1.15625,0
5413,cell,,45,75,-3.3258784492101805,2.2222809320784083,1.171875,0
5414,cell,,45,76,-3.3258784492101805,2.2222809320784083,1.1875,0
5415,cell,,45,77,-3.3258784492101805,2.2222809320784083,1.203125,1
5416,cell,,45,78,-3.3258784492101805,2.2222809320784083,1.21875,0
5417,cell,,45,79,-3.3258784492101805,2.2222809320784083,1.234375,1
5418,cell,,45,80,-3.3258784492101805,2.2222809320784083,1.25,0
5419,cell,,45,81,-3.3258784492101805,2.2222809320784083,1.265625,0
5420,cell,,45,82,-3.3258784492101805,2.2222809320784083,1.28125,0
5421,cell,,45,83,-3.3258784492101805,2.2222809320784083,1.296875,1
5422,cell,,45,84,-3.3258784492101805,2.2222809320784083,1.3125,0
5423,cell,,45,85,-3.3258784492101805,2.2222809320784083,1.328125,0
5424,cell,,45,86,-3.3258784492101805,2.2222809320784083,1.34375,0
5425,cell,,45,87,-3.3258784492101805,2.2222809320784083,1.359375,0
5426,cell,,45,88,-3.3258784492101805,2.2222809320784083,1.375,1
5427,cell,,45,89,-3.3258784492101805,2.2222809320784083,1.390625,1
5428,cell,,45,90,-3.3258784492101805,2.2222809320784083,1.40625,1
5429,cell,,45,91,-3.3258784492101805,2.2222809320784083,1.421875,0
5430,cell,,45,92,-3.3258784492101805,2.2222809320784083,1.4375,0
5431,cell,,45,93,-3.3258784492101805,2.2222809320784083,1.453125,1
5432,cell,,45,94,-3.3258784492101805,2.2222809320784083,1.46875,0
5433,cell,,45,95,-3.3258784492101805,2.2222809320784083,1.484375,0
5434,cell,,45,96,-3.3258784492101805,2.2222809320784083,1.5,1
5435,cell,,45,97,-3.3258784492101805,2.2222809320784083,1.515625,0
5436,cell,,45,98,-3.3258784492101805,2.2222809320784083,1.53125,1
5437,cell,,45,99,-3.3258784492101805,2.2222809320784083,1.546875,1
5438,cell,,45,100,-3.3258784492101805,2.2222809320784083,1.5625,0
5439,cell,,45,101,-3.3258784492101805,2.2222809320784083,1.578125,1
5440,cell,,45,102,-3.3258784492101805,2.2222809320784083,1.59375,0
5441,cell,,45,103,-3.3258784492101805,2.2222809320784083,1.609375,0
5442,cell,,45,104,-3.3258784492101805,2.2222809320784083,1.625,0
5443,cell,,45,105,-3.3258784492101805,2.2222809320784083,1.640625,1
5444,cell,,45,106,-3.3258784492101805,2.2222809320784083,1.65625,0
5445,cell,,45,107,-3.3258784492101805,2.2222809320784083,1.671875,0
5446,cell,,45,108,-3.3258784492101805,2.2222809320784083,1.6875,1
5447,cell,,45,109,-3.3258784492101805,2.2222809320784083,1.703125,1
5448,cell,,45,110,-3.3258784492101805,2.2222809320784083,1.71875,0
5449,cell,,45,111,-3.3258784492101805,2.2222809320784083,1.734375,0
5450,cell,,45,112,-3.3258784492101805,2.2222809320784083,1.75,0
5451,cell,,45,113,-3.3258784492101805,2.2222809320784083,1.765625,1
5452,cell,,45,114,-3.3258784492101805,2.2222809320784083,1.78125,1
5453,cell,,45,115,-3.3258784492101805,2.2222809320784083,1.796875,1
5454,cell,,45,116,-3.3258784492101805,2.2222809320784083,1.8125,1
5455,cell,,45,117,-3.3258784492101805,2.2222809320784083,1.828125,0
5456,cell,,46,0,-3.695518130045146,1.5307337294603591,0.0,0
5457,cell,,46,1,-3.695518130045146,1.5307337294603591,0.015625,0
5458,cell,,46,2,-3.695518130045146,1.5307337294603591,0.03125,1
5459,cell,,46,3,-3.695518130045146,1.5307337294603591,0.046875,0
5460,cell,,46,4,-3.695518130045146,1.5307337294603591,0.0625,1
5461,cell,,46,5,-3.695518130045146,1.5307337294603591,0.078125,1
5462,cell,,46,6,-3.695518130045146,1.5307337294603591,0.09375,0
5463,cell,,46,7,-3.695518130045146,1.5307337294603591,0.109375,1
5464,cell,,46,8,-3.695518130045146,1.5307337294603591,0.125,0
5465,cell,,46,9,-3.695518130045146,1.5307337294603591,0.140625,0
5466,cell,,46,10,-3.695518130045146,1.5307337294603591,0.15625,0
5467,cell,,46,11,-3.695518130045146,1.5307337294603591,0.171875,0
5468,cell,,46,12,-3.695518130045146,1.5307337294603591,0.1875,0
5469,cell,,46,13,-3.695518130045146,1.5307337294603591,0.203125,0
5470,cell,,46,14,-3.695518130045146,1.5307337294603591,0.21875,0
5471,cell,,46,15,-3.695518130045146,1.5307337294603591,0.234375,0
5472,cell,,46,16,-3.695518130045146,1.5307337294603591,0.25,0
5473,cell,,46,17,-3.695518130045146,1.5307337294603591,0.265625,0
5474,cell,,46,18,-3.695518130045146,1.5307337294603591,0.28125,0
5475,cell,,46,19,-3.695518130045146,1.5307337294603591,0.296875,0
5476,cell,,46,20,-3.695518130045146,1.5307337294603591,0.3125,0
5477,cell,,46,21,-3.695518130045146,1.5307337294603591,0.328125,0
5478,cell,,46,22,-3.695518130045146,1.5307337294603591,0.34375,0
5479,cell,,46,23,-3.695518130045146,1.5307337294603591,0.359375,0
5480,cell,,46,24,-3.695518130045146,1.5307337294603591,0.375,0
5481,cell,,46,25,-3.695518130045146,1.5307337294603591,0.390625,0
5482,cell,,46,26,-3.695518130045146,1.5307337294603591,0.40625,0
5483,cell,,46,27,-3.695518130045146,1.5307337294603591,0.421875,0
5484,cell,,46,28,-3.695518130045146,1.5307337294603591,0.4375,0
5485,cell,,46,29,-3.695518130045146,1.5307337294603591,0.453125,0
5486,cell,,46,30,-3.695518130045146,1.5307337294603591,0.46875,0
5487,cell,,46,31,-3.695518130045146,1.5307337294603591,0.484375,0
5488,cell,,46,32,-3.695518130045146,1.5307337294603591,0.5,0
5489,cell,,46,33,-3.695518130045146,1.5307337294603591,0.515625,0
5490,cell,,46,34,-3.695518130045146,1.5307337294603591,0.53125,0
5491,cell,,46,35,-3.695518130045146,1.5307337294603591,0.546875,0
5492,cell,,46,36,-3.695518130045146,1.5307337294603591,0.5625,0
5493,cell,,46,37,-3.695518130045146,1.5307337294603591,0.578125,0
5494,cell,,46,38,-3.695518130045146,1.5307337294603591,0.59375,0
5495,cell,,46,39,-3.695518130045146,1.5307337294603591,0.609375,0
5496,cell,,46,40,-3.695518130045146,1.5307337294603591,0.625,1
5497,cell,,46,41,-3.695518130045146,1.5307337294603591,0.640625,0
5498,cell,,46,42,-3.695518130045146,1.5307337294603591,0.65625,0
5499,cell,,46,43,-3.695518130045146,1.5307337294603591,0.671875,0
5500,cell,,46,44,-3.695518130045146,1.5307337294603591,0.6875,0
5501,cell,,46,45,-3.695518130045146,1.5307337294603591,0.703125,0
5502,cell,,46,46,-3.695518130045146,1.5307337294603591,0.71875,0
5503,cell,,46,47,-3.695518130045146,1.5307337294603591,0.734375,0
5504,cell,,46,48,-3.695518130045146,1.5307337294603591,0.75,0
5505,cell,,46,49,-3.695518130045146,1.5307337294603591,0.765625,0
5506,cell,,46,50,-3.695518130045146,1.5307337294603591,0.78125,0
5507,cell,,46,51,-3.695518130045146,1.5307337294603591,0.796875,0
5508,cell,,46,52,-3.695518130045146,1.5307337294603591,0.8125,0
5509,cell,,46,53,-3.695518130045146,1.5307337294603591,0.828125,0
5510,cell,,46,54,-3.695518130045146,1.5307337294603591,0.84375,0
5511,cell,,46,55,-3.695518130045146,1.5307337294603591,0.859375,0
5512,cell,,46,56,-3.695518130045146,1.5307337294603591,0.875,0
5513,cell,,46,57,-3.695518130045146,1.5307337294603591,0.890625,0
5514,cell,,46,58,-3.695518130045146,1.5307337294603591,0.90625,0
5515,cell,,46,59,-3.695518130045146,1.5307337294603591,0.921875,0
5516,cell,,46,60,-3.695518130045146,1.5307337294603591,0.9375,0
5517,cell,,46,61,-3.695518130045146,1.5307337294603591,0.953125,0
5518,cell,,46,62,-3.695518130045146,1.5307337294603591,0.96875,0
5519,cell,,46,63,-3.695518130045146,1.5307337294603591,0.984375,0
5520,cell,,46,64,-3.695518130045146,1.5307337294603591,1.0,0
5521,cell,,46,65,-3.695518130045146,1.5307337294603591,1.015625,1
5522,cell,,46,66,-3.695518130045146,1.5307337294603591,1.03125,1
5523,cell,,46,67,-3.695518130045146,1.5307337294603591,1.046875,1
5524,cell,,46,68,-3.695518130045146,1.5307337294603591,1.0625,0
5525,cell,,46,69,-3.695518130045146,1.5307337294603591,1.078125,0
5526,cell,,46,70,-3.695518130045146,1.5307337294603591,1.09375,0
5527,cell,,46,71,-3.695518130045146,1.5307337294603591,1.109375,0
5528,cell,,46,72,-3.695518130045146,1.5307337294603591,1.125,0
5529,cell,,46,73,-3.695518130045146,1.5307337294603591,1.140625,0
5530,cell,,46,74,-3.695518130045146,1.5307337294603591,1.15625,0
5531,cell,,46,75,-3.695518130045146,1.5307337294603591,1.171875,0
5532,cell,,46,76,-3.695518130045146,1.5307337294603591,1.1875,0
5533,cell,,46,77,-3.695518130045146,1.5307337294603591,1.203125,1
5534,cell,,46,78,-3.695518130045146,1.5307337294603591,1.21875,0
5535,cell,,46,79,-3.695518130045146,1.5307337294603591,1.234375,1
5536,cell,,46,80,-3.695518130045146,1.5307337294603591,1.25,0
5537,cell,,46,81,-3.695518130045146,1.5307337294603591,1.265625,1
5538,cell,,46,82,-3.695518130045146,1.5307337294603591,1.28125,1
5539,cell,,46,83,-3.695518130045146,1.5307337294603591,1.296875,0
5540,cell,,46,84,-3.695518130045146,1.5307337294603591,1.3125,1
5541,cell,,46,85,-3.695518130045146,1.5307337294603591,1.328125,0
5542,cell,,46,86,-3.695518130045146,1.5307337294603591,1.34375,1
5543,cell,,46,87,-3.695518130045146,1.5307337294603591,1.359375,0
5544,cell,,46,88,-3.695518130045146,1.5307337294603591,1.375,1
5545,cell,,46,89,-3.695518130045146,1.5307337294603591,1.390625,0
5546,cell,,46,90,-3.695518130045146,1.5307337294603591,1.40625,0
5547,cell,,46,91,-3.695518130045146,1.5307337294603591,1.421875,1
5548,cell,,46,92,-3.695518130045146,1.5307337294603591,1.4375,0
5549,cell,,46,93,-3.695518130045146,1.5307337294603591,1.453125,1
5550,cell,,46,94,-3.695518130045146,1.5307337294603591,1.46875,0
5551,cell,,46,95,-3.695518130045146,1.5307337294603591,1.484375,0
5552,cell,,46,96,-3.695518130045146,1.5307337294603591,1.5,1
5553,cell,,46,97,-3.695518130045146,1.5307337294603591,1.515625,0
5554,cell,,46,98,-3.695518130045146,1.5307337294603591,1.53125,0
5555,cell,,46,99,-3.695518130045146,1.5307337294603591,1.546875,0
5556,cell,,46,100,-3.695518130045146,1.5307337294603591,1.5625,1
5557,cell,,46,101,-3.695518130045146,1.5307337294603591,1.578125,0
5558,cell,,46,102,-3.695518130045146,1.5307337294603591,1.59375,1
5559,cell,,46,103,-3.695518130045146,1.5307337294603591,1.609375,0
5560,cell,,46,104,-3.695518130045146,1.5307337294603591,1.625,0
5561,cell,,46,105,-3.695518130045146,1.5307337294603591,1.640625,0
5562,cell,,46,106,-3.695518130045146,1.5307337294603591,1.65625,0
5563,cell,,46,107,-3.695518130045146,1.5307337294603591,1.671875,0
5564,cell,,46,108,-3.695518130045146,1.5307337294603591,1.6875,1
5565,cell,,46,109,-3.695518130045146,1.5307337294603591,1.703125,0
5566,cell,,46,110,-3.695518130045146,1.5307337294603591,1.71875,1
5567,cell,,46,111,-3.695518130045146,1.5307337294603591,1.734375,1
5568,cell,,46,112,-3.695518130045146,1.5307337294603591,1.75,1
5569,cell,,46,113,-3.695518130045146,1.5307337294603591,1.765625,0
5570,cell,,46,114,-3.695518130045146,1.5307337294603591,1.78125,1
5571,cell,,46,115,-3.695518130045146,1.5307337294603591,1.796875,1
5572,cell,,46,116,-3.695518130045146,1.5307337294603591,1.8125,1
5573,cell,,46,117,-3.695518130045146,1.5307337294603591,1.828125,0
5574,cell,,47,0,-3.923141121612921,0.7803612880645142,0.0,0
5575,cell,,47,1,-3.923141121612921,0.7803612880645142,0.015625,0
5576,cell,,47,2,-3.923141121612921,0.7803612880645142,0.03125,0
5577,cell,,47,3,-3.923141121612921,0.7803612880645142,0.046875,0
5578,cell,,47,4,-3.923141121612921,0.7803612880645142,0.0625,0
5579,cell,,47,5,-3.923141121612921,0.7803612880645142,0.078125,1
5580,cell,,47,6,-3.923141121612921,0.7803612880645142,0.09375,0
5581,cell,,47,7,-3.923141121612921,0.7803612880645142,0.109375,1
5582,cell,,47,8,-3.923141121612921,0.7803612880645142,0.125,0
5583,cell,,47,9,-3.923141121612921,0.7803612880645142,0.140625,0
5584,cell,,47,10,-3.923141121612921,0.7803612880645142,0.15625,0
5585,cell,,47,11,-3.923141121612921,0.7803612880645142,0.171875,0
5586,cell,,47,12,-3.923141121612921,0.7803612880645142,0.1875,0
5587,cell,,47,13,-3.923141121612921,0.7803612880645142,0.203125,0
5588,cell,,47,14,-3.923141121612921,0.7803612880645142,0.21875,0
5589,cell,,47,15,-3.923141121612921,0.7803612880645142,0.234375,0
5590,cell,,47,16,-3.923141121612921,0.7803612880645142,0.25,0
5591,cell,,47,17,-3.923141121612921,0.7803612880645142,0.265625,0
5592,cell,,47,18,-3.923141121612921,0.7803612880645142,0.28125,0
5593,cell,,47,19,-3.923141121612921,0.7803612880645142,0.296875,0
5594,cell,,47,20,-3.923141121612921,0.7803612880645142,0.3125,0
5595,cell,,47,21,-3.923141121612921,0.7803612880645142,0.328125,0
5596,cell,,47,22,-3.923141121612921,0.7803612880645142,0.34375,0
5597,cell,,47,23,-3.923141121612921,0.7803612880645142,0.359375,0
5598,cell,,47,24,-3.923141121612921,0.7803612880645142,0.375,0
5599,cell,,47,25,-3.923141121612921,0.7803612880645142,0.390625,0
5600,cell,,47,26,-3.923141121612921,0.7803612880645142,0.40625,0
5601,cell,,47,27,-3.923141121612921,0.7803612880645142,0.421875,0
5602,cell,,47,28,-3.923141121612921,0.7803612880645142,0.4375,0
5603,cell,,47,29,-3.923141121612921,0.7803612880645142,0.453125,0
5604,cell,,47,30,-3.923141121612921,0.7803612880645142,0.46875,0
5605,cell,,47,31,-3.923141121612921,0.7803612880645142,0.484375,0
5606,cell,,47,32,-3.923141121612921,0.7803612880645142,0.5,1
5607,cell,,47,33,-3.923141121612921,0.7803612880645142,0.515625,1
5608,cell,,47,34,-3.923141121612921,0.7803612880645142,0.53125,1
5609,cell,,47,35,-3.923141121612921,0.7803612880645142,0.546875,0
5610,cell,,47,36,-3.923141121612921,0.7803612880645142,0.5625,0
5611,cell,,47,37,-3.923141121612921,0.7803612880645142,0.578125,1
5612,cell,,47,38,-3.923141121612921,0.7803612880645142,0.59375,1
5613,cell,,47,39,-3.923141121612921,0.7803612880645142,0.609375,1
5614,cell,,47,40,-3.923141121612921,0.7803612880645142,0.625,0
5615,cell,,47,41,-3.923141121612921,0.7803612880645142,0.640625,0
5616,cell,,47,42,-3.923141121612921,0.7803612880645142,0.65625,0
5617,cell,,47,43,-3.923141121612921,0.7803612880645142,0.671875,0
5618,cell,,47,44,-3.923141121612921,0.7803612880645142,0.6875,0
5619,cell,,47,45,-3.923141121612921,0.7803612880645142,0.703125,0
5620,cell,,47,46,-3.923141121612921,0.7803612880645142,0.71875,0
5621,cell,,47,47,-3.923141121612921,0.7803612880645142,0.734375,0
5622,cell,,47,48,-3.923141121612921,0.7803612880645142,0.75,0
5623,cell,,47,49,-3.923141121612921,0.7803612880645142,0.765625,0
5624,cell,,47,50,-3.923141121612921,0.7803612880645142,0.78125,0
5625,cell,,47,51,-3.923141121612921,0.7803612880645142,0.796875,0
5626,cell,,47,52,-3.923141121612921,0.7803612880645142,0.8125,0
5627,cell,,47,53,-3.923141121612921,0.7803612880645142,0.828125,0
5628,cell,,47,54,-3.923141121612921,0.7803612880645142,0.84375,0
5629,cell,,47,55,-3.923141121612921,0.7803612880645142,0.859375,0
5630,cell,,47,56,-3.923141121612921,0.7803612880645142,0.875,0
5631,cell,,47,57,-3.923141121612921,0.7803612880645142,0.890625,0
5632,cell,,47,58,-3.923141121612921,0.7803612880645142,0.90625,0
5633,cell,,47,59,-3.923141121612921,0.7803612880645142,0.921875,0
5634,cell,,47,60,-3.923141121612921,0.7803612880645142,0.9375,0
5635,cell,,47,61,-3.923141121612921,0.7803612880645142,0.953125,0
5636,cell,,47,62,-3.923141121612921,0.7803612880645142,0.96875,0
5637,cell,,47,63,-3.923141121612921,0.7803612880645142,0.984375,0
5638,cell,,47,64,-3.923141121612921,0.7803612880645142,1.0,0
5639,cell,,47,65,-3.923141121612921,0.7803612880645142,1.015625,1
5640,cell,,47,66,-3.923141121612921,0.7803612880645142,1.03125,1
5641,cell,,47,67,-3.923141121612921,0.7803612880645142,1.046875,1
5642,cell,,47,68,-3.923141121612921,0.7803612880645142,1.0625,1
5643,cell,,47,69,-3.923141121612921,0.7803612880645142,1.078125,0
5644,cell,,47,70,-3.923141121612921,0.7803612880645142,1.09375,0
5645,cell,,47,71,-3.923141121612921,0.7803612880645142,1.109375,0
5646,cell,,47,72,-3.923141121612921,0.7803612880645142,1.125,1
5647,cell,,47,73,-3.923141121612921,0.7803612880645142,1.140625,1
5648,cell,,47,74,-3.923141121612921,0.7803612880645142,1.15625,0
5649,cell,,47,75,-3.923141121612921,0.7803612880645142,1.171875,1
5650,cell,,47,76,-3.923141121612921,0.7803612880645142,1.1875,1
5651,cell,,47,77,-3.923141121612921,0.7803612880645142,1.203125,0
5652,cell,,47,78,-3.923141121612921,0.7803612880645142,1.21875,0
5653,cell,,47,79,-3.923141121612921,0.7803612880645142,1.234375,1
5654,cell,,47,80,-3.923141121612921,0.7803612880645142,1.25,0
5655,cell,,47,81,-3.923141121612921,0.7803612880645142,1.265625,0
5656,cell,,47,82,-3.923141121612921,0.7803612880645142,1.28125,0
5657,cell,,47,83,-3.923141121612921,0.7803612880645142,1.296875,0
5658,cell,,47,84,-3.923141121612921,0.7803612880645142,1.3125,0
5659,cell,,47,85,-3.923141121612921,0.7803612880645142,1.328125,0
5660,cell,,47,86,-3.923141121612921,0.7803612880645142,1.34375,0
5661,cell,,47,87,-3.923141121612921,0.7803612880645142,1.359375,0
5662,cell,,47,88,-3.923141121612921,0.7803612880645142,1.375,1
5663,cell,,47,89,-3.923141121612921,0.7803612880645142,1.390625,0
5664,cell,,47,90,-3.923141121612921,0.7803612880645142,1.40625,0
5665,cell,,47,91,-3.923141121612921,0.7803612880645142,1.421875,1
5666,cell,,47,92,-3.923141121612921,0.7803612880645142,1.4375,0
5667,cell,,47,93,-3.923141121612921,0.7803612880645142,1.453125,1
5668,cell,,47,94,-3.923141121612921,0.7803612880645142,1.46875,0
5669,cell,,47,95,-3.923141121612921,0.7803612880645142,1.484375,0
5670,cell,,47,96,-3.923141121612921,0.7803612880645142,1.5,1
5671,cell,,47,97,-3.923141121612921,0.7803612880645142,1.515625,0
5672,cell,,47,98,-3.923141121612921,0.7803612880645142,1.53125,1
5673,cell,,47,99,-3.923141121612921,0.7803612880645142,1.546875,1
5674,cell,,47,100,-3.923141121612921,0.7803612880645142,1.5625,1
5675,cell,,47,101,-3.923141121612921,0.7803612880645142,1.578125,0
5676,cell,,47,102,-3.923141121612921,0.7803612880645142,1.59375,0
5677,cell,,47,103,-3.923141121612921,0.7803612880645142,1.609375,0
5678,cell,,47,104,-3.923141121612921,0.7803612880645142,1.625,0
5679,cell,,47,105,-3.923141121612921,0.7803612880645142,1.640625,0
5680,cell,,47,106,-3.923141121612921,0.7803612880645142,1.65625,1
5681,cell,,47,107,-3.923141121612921,0.7803612880645142,1.671875,0
5682,cell,,47,108,-3.923141121612921,0.7803612880645142,1.6875,0
5683,cell,,47,109,-3.923141121612921,0.7803612880645142,1.703125,0
5684,cell,,47,110,-3.923141121612921,0.7803612880645142,1.71875,1
5685,cell,,47,111,-3.923141121612921,0.7803612880645142,1.734375,0
5686,cell,,47,112,-3.923141121612921,0.7803612880645142,1.75,1
5687,cell,,47,113,-3.923141121612921,0.7803612880645142,1.765625,0
5688,cell,,47,114,-3.923141121612921,0.7803612880645142,1.78125,1
5689,cell,,47,115,-3.923141121612921,0.7803612880645142,1.796875,1
5690,cell,,47,116,-3.923141121612921,0.7803612880645142,1.8125,1
5691,cell,,47,117,-3.923141121612921,0.7803612880645142,1.828125,0
5692,cell,,48,0,-3.999999999999999,4.898587196589412e-16,0.0,0
5693,cell,,48,1,-3.999999999999999,4.898587196589412e-16,0.015625,1
5694,cell,,48,2,-3.999999999999999,4.898587196589412e-16,0.03125,0
5695,cell,,48,3,-3.999999999999999,4.898587196589412e-16,0.046875,1
5696,cell,,48,4,-3.999999999999999,4.898587196589412e-16,0.0625,0
5697,cell,,48,5,-3.999999999999999,4.898587196589412e-16,0.078125,0
5698,cell,,48,6,-3.999999999999999,4.898587196589412e-16,0.09375,0
5699,cell,,48,7,-3.999999999999999,4.898587196589412e-16,0.109375,1
5700,cell,,48,8,-3.999999999999999,4.898587196589412e-16,0.125,0
5701,cell,,48,9,-3.999999999999999,4.898587196589412e-16,0.140625,0
5702,cell,,48,10,-3.999999999999999,4.898587196589412e-16,0.15625,0
5703,cell,,48,11,-3.999999999999999,4.898587196589412e-16,0.171875,0
5704,cell,,48,12,-3.999999999999999,4.898587196589412e-16,0.1875,0
5705,cell,,48,13,-3.999999999999999,4.898587196589412e-16,0.203125,0
5706,cell,,48,14,-3.999999999999999,4.898587196589412e-16,0.21875,0
5707,cell,,48,15,-3.999999999999999,4.898587196589412e-16,0.234375,0
5708,cell,,48,16,-3.999999999999999,4.898587196589412e-16,0.25,0
5709,cell,,48,17,-3.999999999999999,4.898587196589412e-16,0.265625,0
5710,cell,,48,18,-3.999999999999999,4.898587196589412e-16,0.28125,0
5711,cell,,48,19,-3.999999999999999,4.898587196589412e-16,0.296875,0
5712,cell,,48,20,-3.999999999999999,4.898587196589412e-16,0.3125,0
5713,cell,,48,21,-3.999999999999999,4.898587196589412e-16,0.328125,0
5714,cell,,48,22,-3.999999999999999,4.898587196589412e-16,0.34375,0
5715,cell,,48,23,-3.999999999999999,4.898587196589412e-16,0.359375,0
5716,cell,,48,24,-3.999999999999999,4.898587196589412e-16,0.375,0
5717,cell,,48,25,-3.999999999999999,4.898587196589412e-16,0.390625,0
5718,cell,,48,26,-3.999999999999999,4.898587196589412e-16,0.40625,0
5719,cell,,48,27,-3.999999999999999,4.898587196589412e-16,0.421875,0
5720,cell,,48,28,-3.999999999999999,4.898587196589412e-16,0.4375,0
5721,cell,,48,29,-3.999999999999999,4.898587196589412e-16,0.453125,0
5722,cell,,48,30,-3.999999999999999,4.898587196589412e-16,0.46875,0
5723,cell,,48,31,-3.999999999999999,4.898587196589412e-16,0.484375,0
5724,cell,,48,32,-3.999999999999999,4.898587196589412e-16,0.5,0
5725,cell,,48,33,-3.999999999999999,4.898587196589412e-16,0.515625,0
5726,cell,,48,34,-3.999999999999999,4.898587196589412e-16,0.53125,1
5727,cell,,48,35,-3.999999999999999,4.898587196589412e-16,0.546875,1
5728,cell,,48,36,-3.999999999999999,4.898587196589412e-16,0.5625,0
5729,cell,,48,37,-3.999999999999999,4.898587196589412e-16,0.578125,0
5730,cell,,48,38,-3.999999999999999,4.898587196589412e-16,0.59375,1
5731,cell,,48,39,-3.999999999999999,4.898587196589412e-16,0.609375,1
5732,cell,,48,40,-3.999999999999999,4.898587196589412e-16,0.625,0
5733,cell,,48,41,-3.999999999999999,4.898587196589412e-16,0.640625,0
5734,cell,,48,42,-3.999999999999999,4.898587196589412e-16,0.65625,0
5735,cell,,48,43,-3.999999999999999,4.898587196589412e-16,0.671875,0
5736,cell,,48,44,-3.999999999999999,4.898587196589412e-16,0.6875,0
5737,cell,,48,45,-3.999999999999999,4.898587196589412e-16,0.703125,0
5738,cell,,48,46,-3.999999999999999,4.898587196589412e-16,0.71875,0
5739,cell,,48,47,-3.999999999999999,4.898587196589412e-16,0.734375,0
5740,cell,,48,48,-3.999999999999999,4.898587196589412e-16,0.75,0
5741,cell,,48,49,-3.999999999999999,4.898587196589412e-16,0.765625,0
5742,cell,,48,50,-3.999999999999999,4.898587196589412e-16,0.78125,0
5743,cell,,48,51,-3.999999999999999,4.898587196589412e-16,0.796875,0
5744,cell,,48,52,-3.999999999999999,4.898587196589412e-16,0.8125,0
5745,cell,,48,53,-3.999999999999999,4.898587196589412e-16,0.828125,0
5746,cell,,48,54,-3.999999999999999,4.898587196589412e-16,0.84375,0
5747,cell,,48,55,-3.999999999999999,4.898587196589412e-16,0.859375,0
5748,cell,,48,56,-3.999999999999999,4.898587196589412e-16,0.875,0
5749,cell,,48,57,-3.999999999999999,4.898587196589412e-16,0.890625,0
5750,cell,,48,58,-3.999999999999999,4.898587196589412e-16,0.90625,0
5751,cell,,48,59,-3.999999999999999,4.898587196589412e-16,0.921875,0
5752,cell,,48,60,-3.999999999999999,4.898587196589412e-16,0.9375,0
5753,cell,,48,61,-3.999999999999999,4.898587196589412e-16,0.953125,0
5754,cell,,48,62,-3.999999999999999,4.898587196589412e-16,0.96875,0
5755,cell,,48,63,-3.999999999999999,4.898587196589412e-16,0.984375,0
5756,cell,,48,64,-3.999999999999999,4.898587196589412e-16,1.0,1
5757,cell,,48,65,-3.999999999999999,4.898587196589412e-16,1.015625,1
5758,cell,,48,66,-3.999999999999999,4.898587196589412e-16,1.03125,0
5759,cell,,48,67,-3.999999999999999,4.898587196589412e-16,1.046875,1
5760,cell,,48,68,-3.999999999999999,4.898587196589412e-16,1.0625,0
5761,cell,,48,69,-3.999999999999999,4.898587196589412e-16,1.078125,0
5762,cell,,48,70,-3.999999999999999,4.898587196589412e-16,1.09375,0
5763,cell,,48,71,-3.999999999999999,4.898587196589412e-16,1.109375,0
5764,cell,,48,72,-3.999999999999999,4.898587196589412e-16,1.125,0
5765,cell,,48,73,-3.999999999999999,4.898587196589412e-16,1.140625,0
5766,cell,,48,74,-3.999999999999999,4.898587196589412e-16,1.15625,1
5767,cell,,48,75,-3.999999999999999,4.898587196589412e-16,1.171875,1
5768,cell,,48,76,-3.999999999999999,4.898587196589412e-16,1.1875,1
5769,cell,,48,77,-3.999999999999999,4.898587196589412e-16,1.203125,0
5770,cell,,48,78,-3.999999999999999,4.898587196589412e-16,1.21875,0
5771,cell,,48,79,-3.999999999999999,4.898587196589412e-16,1.234375,1
5772,cell,,48,80,-3.999999999999999,4.898587196589412e-16,1.25,0
5773,cell,,48,81,-3.999999999999999,4.898587196589412e-16,1.265625,0
5774,cell,,48,82,-3.999999999999999,4.898587196589412e-16,1.28125,0
5775,cell,,48,83,-3.999999999999999,4.898587196589412e-16,1.296875,1
5776,cell,,48,84,-3.999999999999999,4.898587196589412e-16,1.3125,1
5777,cell,,48,85,-3.999999999999999,4.898587196589412e-16,1.328125,1
5778,cell,,48,86,-3.999999999999999,4.898587196589412e-16,1.34375,0
5779,cell,,48,87,-3.999999999999999,4.898587196589412e-16,1.359375,0
5780,cell,,48,88,-3.999999999999999,4.898587196589412e-16,1.375,0
5781,cell,,48,89,-3.999999999999999,4.898587196589412e-16,1.390625,0
5782,cell,,48,90,-3.999999999999999,4.898587196589412e-16,1.40625,1
5783,cell,,48,91,-3.999999999999999,4.898587196589412e-16,1.421875,1
5784,cell,,48,92,-3.999999999999999,4.898587196589412e-16,1.4375,0
5785,cell,,48,93,-3.999999999999999,4.898587196589412e-16,1.453125,1
5786,cell,,48,94,-3.999999999999999,4.898587196589412e-16,1.46875,0
5787,cell,,48,95,-3.999999999999999,4.898587196589412e-16,1.484375,0
5788,cell,,48,96,-3.999999999999999,4.898587196589412e-16,1.5,1
5789,cell,,48,97,-3.999999999999999,4.898587196589412e-16,1.515625,0
5790,cell,,48,98,-3.999999999999999,4.898587196589412e-16,1.53125,1
5791,cell,,48,99,-3.999999999999999,4.898587196589412e-16,1.546875,0
5792,cell,,48,100,-3.999999999999999,4.898587196589412e-16,1.5625,1
5793,cell,,48,101,-3.999999999999999,4.898587196589412e-16,1.578125,1
5794,cell,,48,102,-3.999999999999999,4.898587196589412e-16,1.59375,1
5795,cell,,48,103,-3.999999999999999,4.898587196589412e-16,1.609375,0
5796,cell,,48,104,-3.999999999999999,4.898587196589412e-16,1.625,0
5797,cell,,48,105,-3.999999999999999,4.898587196589412e-16,1.640625,1
5798,cell,,48,106,-3.999999999999999,4.898587196589412e-16,1.65625,0
5799,cell,,48,107,-3.999999999999999,4.898587196589412e-16,1.671875,1
5800,cell,,48,108,-3.999999999999999,4.898587196589412e-16,1.6875,0
5801,cell,,48,109,-3.999999999999999,4.898587196589412e-16,1.703125,1
5802,cell,,48,110,-3.999999999999999,4.898587196589412e-16,1.71875,1
5803,cell,,48,111,-3.999999999999999,4.898587196589412e-16,1.734375,1
5804,cell,,48,112,-3.999999999999999,4.898587196589412e-16,1.75,0
5805,cell,,48,113,-3.999999999999999,4.898587196589412e-16,1.765625,1
5806,cell,,48,114,-3.999999999999999,4.898587196589412e-16,1.78125,1
5807,cell,,48,115,-3.999999999999999,4.898587196589412e-16,1.796875,0
5808,cell,,48,116,-3.999999999999999,4.898587196589412e-16,1.8125,1
5809,cell,,48,117,-3.999999999999999,4.898587196589412e-16,1.828125,0
5810,cell,,49,0,-3.923141121612921,-0.7803612880645132,0.0,1
5811,cell,,49,1,-3.923141121612921,-0.7803612880645132,0.015625,0
5812,cell,,49,2,-3.923141121612921,-0.7803612880645132,0.03125,0
5813,cell,,49,3,-3.923141121612921,-0.7803612880645132,0.046875,0
5814,cell,,49,4,-3.923141121612921,-0.7803612880645132,0.0625,1
5815,cell,,49,5,-3.923141121612921,-0.7803612880645132,0.078125,1
5816,cell,,49,6,-3.923141121612921,-0.7803612880645132,0.09375,1
5817,cell,,49,7,-3.923141121612921,-0.7803612880645132,0.109375,0
5818,cell,,49,8,-3.923141121612921,-0.7803612880645132,0.125,0
5819,cell,,49,9,-3.923141121612921,-0.7803612880645132,0.140625,0
5820,cell,,49,10,-3.923141121612921,-0.7803612880645132,0.15625,0
5821,cell,,49,11,-3.923141121612921,-0.7803612880645132,0.171875,0
5822,cell,,49,12,-3.923141121612921,-0.7803612880645132,0.1875,0
5823,cell,,49,13,-3.923141121612921,-0.7803612880645132,0.203125,0
5824,cell,,49,14,-3.923141121612921,-0.7803612880645132,0.21875,0
5825,cell,,49,15,-3.923141121612921,-0.7803612880645132,0.234375,0
5826,cell,,49,16,-3.923141121612921,-0.7803612880645132,0.25,0
5827,cell,,49,17,-3.923141121612921,-0.7803612880645132,0.265625,0
5828,cell,,49,18,-3.923141121612921,-0.7803612880645132,0.28125,0
5829,cell,,49,19,-3.923141121612921,-0.7803612880645132,0.296875,0
5830,cell,,49,20,-3.923141121612921,-0.7803612880645132,0.3125,0
5831,cell,,49,21,-3.923141121612921,-0.7803612880645132,0.328125,0
5832,cell,,49,22,-3.923141121612921,-0.7803612880645132,0.34375,0
5833,cell,,49,23,-3.923141121612921,-0.7803612880645132,0.359375,0
5834,cell,,49,24,-3.923141121612921,-0.7803612880645132,0.375,0
5835,cell,,49,25,-3.923141121612921,-0.7803612880645132,0.390625,0
5836,cell,,49,26,-3.923141121612921,-0.7803612880645132,0.40625,0
5837,cell,,49,27,-3.923141121612921,-0.7803612880645132,0.421875,0
5838,cell,,49,28,-3.923141121612921,-0.7803612880645132,0.4375,0
5839,cell,,49,29,-3.923141121612921,-0.7803612880645132,0.453125,0
5840,cell,,49,30,-3.923141121612921,-0.7803612880645132,0.46875,0
5841,cell,,49,31,-3.923141121612921,-0.7803612880645132,0.484375,0
5842,cell,,49,32,-3.923141121612921,-0.7803612880645132,0.5,1
5843,cell,,49,33,-3.923141121612921,-0.7803612880645132,0.515625,0
5844,cell,,49,34,-3.923141121612921,-0.7803612880645132,0.53125,0
5845,cell,,49,35,-3.923141121612921,-0.7803612880645132,0.546875,1
5846,cell,,49,36,-3.923141121612921,-0.7803612880645132,0.5625,1
5847,cell,,49,37,-3.923141121612921,-0.7803612880645132,0.578125,0
5848,cell,,49,38,-3.923141121612921,-0.7803612880645132,0.59375,0
5849,cell,,49,39,-3.923141121612921,-0.7803612880645132,0.609375,1
5850,cell,,49,40,-3.923141121612921,-0.7803612880645132,0.625,0
5851,cell,,49,41,-3.923141121612921,-0.7803612880645132,0.640625,0
5852,cell,,49,42,-3.923141121612921,-0.7803612880645132,0.65625,0
5853,cell,,49,43,-3.923141121612921,-0.7803612880645132,0.671875,0
5854,cell,,49,44,-3.923141121612921,-0.7803612880645132,0.6875,0
5855,cell,,49,45,-3.923141121612921,-0.7803612880645132,0.703125,0
5856,cell,,49,46,-3.923141121612921,-0.7803612880645132,0.71875,0
5857,cell,,49,47,-3.923141121612921,-0.7803612880645132,0.734375,0
5858,cell,,49,48,-3.923141121612921,-0.7803612880645132,0.75,0
5859,cell,,49,49,-3.923141121612921,-0.7803612880645132,0.765625,0
5860,cell,,49,50,-3.923141121612921,-0.7803612880645132,0.78125,0
5861,cell,,49,51,-3.923141121612921,-0.7803612880645132,0.796875,0
5862,cell,,49,52,-3.923141121612921,-0.7803612880645132,0.8125,0
5863,cell,,49,53,-3.923141121612921,-0.7803612880645132,0.828125,0
5864,cell,,49,54,-3.923141121612921,-0.7803612880645132,0.84375,0
5865,cell,,49,55,-3.923141121612921,-0.7803612880645132,0.859375,0
5866,cell,,49,56,-3.923141121612921,-0.7803612880645132,0.875,0
5867,cell,,49,57,-3.923141121612921,-0.7803612880645132,0.890625,0
5868,cell,,49,58,-3.923141121612921,-0.7803612880645132,0.90625,0
5869,cell,,49,59,-3.923141121612921,-0.7803612880645132,0.921875,0
5870,cell,,49,60,-3.923141121612921,-0.7803612880645132,0.9375,0
5871,cell,,49,61,-3.923141121612921,-0.7803612880645132,0.953125,0
5872,cell,,49,62,-3.923141121612921,-0.7803612880645132,0.96875,0
5873,cell,,49,63,-3.923141121612921,-0.7803612880645132,0.984375,0
5874,cell,,49,64,-3.923141121612921,-0.7803612880645132,1.0,1
5875,cell,,49,65,-3.923141121612921,-0.7803612880645132,1.015625,0
5876,cell,,49,66,-3.923141121612921,-0.7803612880645132,1.03125,1
5877,cell,,49,67,-3.923141121612921,-0.7803612880645132,1.046875,0
5878,cell,,49,68,-3.923141121612921,-0.7803612880645132,1.0625,0
5879,cell,,49,69,-3.923141121612921,-0.7803612880645132,1.078125,0
5880,cell,,49,70,-3.923141121612921,-0.7803612880645132,1.09375,0
5881,cell,,49,71,-3.923141121612921,-0.7803612880645132,1.109375,0
5882,cell,,49,72,-3.923141121612921,-0.7803612880645132,1.125,0
5883,cell,,49,73,-3.923141121612921,-0.7803612880645132,1.140625,0
5884,cell,,49,74,-3.923141121612921,-0.7803612880645132,1.15625,1
5885,cell,,49,75,-3.923141121612921,-0.7803612880645132,1.171875,0
5886,cell,,49,76,-3.923141121612921,-0.7803612880645132,1.1875,1
5887,cell,,49,77,-3.923141121612921,-0.7803612880645132,1.203125,0
5888,cell,,49,78,-3.923141121612921,-0.7803612880645132,1.21875,0
5889,cell,,49,79,-3.923141121612921,-0.7803612880645132,1.234375,1
5890,cell,,49,80,-3.923141121612921,-0.7803612880645132,1.25,0
5891,cell,,49,81,-3.923141121612921,-0.7803612880645132,1.265625,1
5892,cell,,49,82,-3.923141121612921,-0.7803612880645132,1.28125,0
5893,cell,,49,83,-3.923141121612921,-0.7803612880645132,1.296875,1
5894,cell,,49,84,-3.923141121612921,-0.7803612880645132,1.3125,0
5895,cell,,49,85,-3.923141121612921,-0.7803612880645132,1.328125,0
5896,cell,,49,86,-3.923141121612921,-0.7803612880645132,1.34375,1
5897,cell,,49,87,-3.923141121612921,-0.7803612880645132,1.359375,0
5898,cell,,49,88,-3.923141121612921,-0.7803612880645132,1.375,1
5899,cell,,49,89,-3.923141121612921,-0.7803612880645132,1.390625,1
5900,cell,,49,90,-3.923141121612921,-0.7803612880645132,1.40625,0
5901,cell,,49,91,-3.923141121612921,-0.7803612880645132,1.421875,1
5902,cell,,49,92,-3.923141121612921,-0.7803612880645132,1.4375,0
5903,cell,,49,93,-3.923141121612921,-0.7803612880645132,1.453125,1
5904,cell,,49,94,-3.923141121612921,-0.7803612880645132,1.46875,0
5905,cell,,49,95,-3.923141121612921,-0.7803612880645132,1.484375,0
5906,cell,,49,96,-3.923141121612921,-0.7803612880645132,1.5,1
5907,cell,,49,97,-3.923141121612921,-0.7803612880645132,1.515625,0
5908,cell,,49,98,-3.923141121612921,-0.7803612880645132,1.53125,1
5909,cell,,49,99,-3.923141121612921,-0.7803612880645132,1.546875,0
5910,cell,,49,100,-3.923141121612921,-0.7803612880645132,1.5625,0
5911,cell,,49,101,-3.923141121612921,-0.7803612880645132,1.578125,1
5912,cell,,49,102,-3.923141121612921,-0.7803612880645132,1.59375,1
5913,cell,,49,103,-3.923141121612921,-0.7803612880645132,1.609375,1
5914,cell,,49,104,-3.923141121612921,-0.7803612880645132,1.625,1
5915,cell,,49,105,-3.923141121612921,-0.7803612880645132,1.640625,1
5916,cell,,49,106,-3.923141121612921,-0.7803612880645132,1.65625,0
5917,cell,,49,107,-3.923141121612921,-0.7803612880645132,1.671875,0
5918,cell,,49,108,-3.923141121612921,-0.7803612880645132,1.6875,1
5919,cell,,49,109,-3.923141121612921,-0.7803612880645132,1.703125,0
5920,cell,,49,110,-3.923141121612921,-0.7803612880645132,1.71875,0
5921,cell,,49,111,-3.923141121612921,-0.7803612880645132,1.734375,1
5922,cell,,49,112,-3.923141121612921,-0.7803612880645132,1.75,0
5923,cell,,49,113,-3.923141121612921,-0.7803612880645132,1.765625,0
5924,cell,,49,114,-3.923141121612921,-0.7803612880645132,1.78125,0
5925,cell,,49,115,-3.923141121612921,-0.7803612880645132,1.796875,1
5926,cell,,49,116,-3.923141121612921,-0.7803612880645132,1.8125,0
5927,cell,,49,117,-3.923141121612921,-0.7803612880645132,1.828125,1
5928,cell,,50,0,-3.6955181300451465,-1.5307337294603582,0.0,1
5929,cell,,50,1,-3.6955181300451465,-1.5307337294603582,0.015625,1
5930,cell,,50,2,-3.6955181300451465,-1.5307337294603582,0.03125,0
5931,cell,,50,3,-3.6955181300451465,-1.5307337294603582,0.046875,0
5932,cell,,50,4,-3.6955181300451465,-1.5307337294603582,0.0625,1
5933,cell,,50,5,-3.6955181300451465,-1.5307337294603582,0.078125,0
5934,cell,,50,6,-3.6955181300451465,-1.5307337294603582,0.09375,1
5935,cell,,50,7,-3.6955181300451465,-1.5307337294603582,0.109375,0
5936,cell,,50,8,-3.6955181300451465,-1.5307337294603582,0.125,0
5937,cell,,50,9,-3.6955181300451465,-1.5307337294603582,0.140625,0
5938,cell,,50,10,-3.6955181300451465,-1.5307337294603582,0.15625,0
5939,cell,,50,11,-3.6955181300451465,-1.5307337294603582,0.171875,0
5940,cell,,50,12,-3.6955181300451465,-1.5307337294603582,0.1875,0
5941,cell,,50,13,-3.6955181300451465,-1.5307337294603582,0.203125,0
5942,cell,,50,14,-3.6955181300451465,-1.5307337294603582,0.21875,0
5943,cell,,50,15,-3.6955181300451465,-1.5307337294603582,0.234375,0
5944,cell,,50,16,-3.6955181300451465,-1.5307337294603582,0.25,0
5945,cell,,50,17,-3.6955181300451465,-1.5307337294603582,0.265625,0
5946,cell,,50,18,-3.6955181300451465,-1.5307337294603582,0.28125,0
5947,cell,,50,19,-3.6955181300451465,-1.5307337294603582,0.296875,0
5948,cell,,50,20,-3.6955181300451465,-1.5307337294603582,0.3125,0
5949,cell,,50,21,-3.6955181300451465,-1.5307337294603582,0.328125,0
5950,cell,,50,22,-3.6955181300451465,-1.5307337294603582,0.34375,0
5951,cell,,50,23,-3.6955181300451465,-1.5307337294603582,0.359375,0
5952,cell,,50,24,-3.6955181300451465,-1.5307337294603582,0.375,0
5953,cell,,50,25,-3.6955181300451465,-1.5307337294603582,0.390625,0
5954,cell,,50,26,-3.6955181300451465,-1.5307337294603582,0.40625,0
5955,cell,,50,27,-3.6955181300451465,-1.5307337294603582,0.421875,0
5956,cell,,50,28,-3.6955181300451465,-1.5307337294603582,0.4375,0
5957,cell,,50,29,-3.6955181300451465,-1.5307337294603582,0.453125,0
5958,cell,,50,30,-3.6955181300451465,-1.5307337294603582,0.46875,0
5959,cell,,50,31,-3.6955181300451465,-1.5307337294603582,0.484375,0
5960,cell,,50,32,-3.6955181300451465,-1.5307337294603582,0.5,0
5961,cell,,50,33,-3.6955181300451465,-1.5307337294603582,0.515625,1
5962,cell,,50,34,-3.6955181300451465,-1.5307337294603582,0.53125,1
5963,cell,,50,35,-3.6955181300451465,-1.5307337294603582,0.546875,1
5964,cell,,50,36,-3.6955181300451465,-1.5307337294603582,0.5625,1
5965,cell,,50,37,-3.6955181300451465,-1.5307337294603582,0.578125,1
5966,cell,,50,38,-3.6955181300451465,-1.5307337294603582,0.59375,1
5967,cell,,50,39,-3.6955181300451465,-1.5307337294603582,0.609375,0
5968,cell,,50,40,-3.6955181300451465,-1.5307337294603582,0.625,0
5969,cell,,50,41,-3.6955181300451465,-1.5307337294603582,0.640625,0
5970,cell,,50,42,-3.6955181300451465,-1.5307337294603582,0.65625,0
5971,cell,,50,43,-3.6955181300451465,-1.5307337294603582,0.671875,0
5972,cell,,50,44,-3.6955181300451465,-1.5307337294603582,0.6875,0
5973,cell,,50,45,-3.6955181300451465,-1.5307337294603582,0.703125,0
5974,cell,,50,46,-3.6955181300451465,-1.5307337294603582,0.71875,0
5975,cell,,50,47,-3.6955181300451465,-1.5307337294603582,0.734375,0
5976,cell,,50,48,-3.6955181300451465,-1.5307337294603582,0.75,0
5977,cell,,50,49,-3.6955181300451465,-1.5307337294603582,0.765625,0
5978,cell,,50,50,-3.6955181300451465,-1.5307337294603582,0.78125,0
5979,cell,,50,51,-3.6955181300451465,-1.5307337294603582,0.796875,0
5980,cell,,50,52,-3.6955181300451465,-1.5307337294603582,0.8125,0
5981,cell,,50,53,-3.6955181300451465,-1.5307337294603582,0.828125,0
5982,cell,,50,54,-3.6955181300451465,-1.5307337294603582,0.84375,0
5983,cell,,50,55,-3.6955181300451465,-1.5307337294603582,0.859375,0
5984,cell,,50,56,-3.6955181300451465,-1.5307337294603582,0.875,0
5985,cell,,50,57,-3.6955181300451465,-1.5307337294603582,0.890625,0
5986,cell,,50,58,-3.6955181300451465,-1.5307337294603582,0.90625,0
5987,cell,,50,59,-3.6955181300451465,-1.5307337294603582,0.921875,0
5988,cell,,50,60,-3.6955181300451465,-1.5307337294603582,0.9375,0
5989,cell,,50,61,-3.6955181300451465,-1.5307337294603582,0.953125,0
5990,cell,,50,62,-3.6955181300451465,-1.5307337294603582,0.96875,0
5991,cell,,50,63,-3.6955181300451465,-1.5307337294603582,0.984375,0
5992,cell,,50,64,-3.6955181300451465,-1.5307337294603582,1.0,0
5993,cell,,50,65,-3.6955181300451465,-1.5307337294603582,1.015625,1
5994,cell,,50,66,-3.6955181300451465,-1.5307337294603582,1.03125,1
5995,cell,,50,67,-3.6955181300451465,-1.5307337294603582,1.046875,1
5996,cell,,50,68,-3.6955181300451465,-1.5307337294603582,1.0625,0
5997,cell,,50,69,-3.6955181300451465,-1.5307337294603582,1.078125,1
5998,cell,,50,70,-3.6955181300451465,-1.5307337294603582,1.09375,1
5999,cell,,50,71,-3.6955181300451465,-1.5307337294603582,1.109375,0
6000,cell,,50,72,-3.6955181300451465,-1.5307337294603582,1.125,1
6001,cell,,50,73,-3.6955181300451465,-1.5307337294603582,1.140625,0
6002,cell,,50,74,-3.6955181300451465,-1.5307337294603582,1.15625,1
6003,cell,,50,75,-3.6955181300451465,-1.5307337294603582,1.171875,1
6004,cell,,50,76,-3.6955181300451465,-1.5307337294603582,1.1875,0
6005,cell,,50,77,-3.6955181300451465,-1.5307337294603582,1.203125,0
6006,cell,,50,78,-3.6955181300451465,-1.5307337294603582,1.21875,0
6007,cell,,50,79,-3.6955181300451465,-1.5307337294603582,1.234375,1
6008,cell,,50,80,-3.6955181300451465,-1.5307337294603582,1.25,0
6009,cell,,50,81,-3.6955181300451465,-1.5307337294603582,1.265625,0
6010,cell,,50,82,-3.6955181300451465,-1.5307337294603582,1.28125,0
6011,cell,,50,83,-3.6955181300451465,-1.5307337294603582,1.296875,0
6012,cell,,50,84,-3.6955181300451465,-1.5307337294603582,1.3125,0
6013,cell,,50,85,-3.6955181300451465,-1.5307337294603582,1.328125,0
6014,cell,,50,86,-3.6955181300451465,-1.5307337294603582,1.34375,1
6015,cell,,50,87,-3.6955181300451465,-1.5307337294603582,1.359375,0
6016,cell,,50,88,-3.6955181300451465,-1.5307337294603582,1.375,0
6017,cell,,50,89,-3.6955181300451465,-1.5307337294603582,1.390625,0
6018,cell,,50,90,-3.6955181300451465,-1.5307337294603582,1.40625,0
6019,cell,,50,91,-3.6955181300451465,-1.5307337294603582,1.421875,1
6020,cell,,50,92,-3.6955181300451465,-1.5307337294603582,1.4375,0
6021,cell,,50,93,-3.6955181300451465,-1.5307337294603582,1.453125,1
6022,cell,,50,94,-3.6955181300451465,-1.5307337294603582,1.46875,0
6023,cell,,50,95,-3.6955181300451465,-1.5307337294603582,1.484375,0
6024,cell,,50,96,-3.6955181300451465,-1.5307337294603582,1.5,1
6025,cell,,50,97,-3.6955181300451465,-1.5307337294603582,1.515625,0
6026,cell,,50,98,-3.6955181300451465,-1.5307337294603582,1.53125,0
6027,cell,,50,99,-3.6955181300451465,-1.5307337294603582,1.546875,1
6028,cell,,50,100,-3.6955181300451465,-1.5307337294603582,1.5625,1
6029,cell,,50,101,-3.6955181300451465,-1.5307337294603582,1.578125,1
6030,cell,,50,102,-3.6955181300451465,-1.5307337294603582,1.59375,0
6031,cell,,50,103,-3.6955181300451465,-1.5307337294603582,1.609375,0
6032,cell,,50,104,-3.6955181300451465,-1.5307337294603582,1.625,0
6033,cell,,50,105,-3.6955181300451465,-1.5307337294603582,1.640625,0
6034,cell,,50,106,-3.6955181300451465,-1.5307337294603582,1.65625,0
6035,cell,,50,107,-3.6955181300451465,-1.5307337294603582,1.671875,0
6036,cell,,50,108,-3.6955181300451465,-1.5307337294603582,1.6875,1
6037,cell,,50,109,-3.6955181300451465,-1.5307337294603582,1.703125,0
6038,cell,,50,110,-3.6955181300451465,-1.5307337294603582,1.71875,1
6039,cell,,50,111,-3.6955181300451465,-1.5307337294603582,1.734375,0
6040,cell,,50,112,-3.6955181300451465,-1.5307337294603582,1.75,0
6041,cell,,50,113,-3.6955181300451465,-1.5307337294603582,1.765625,0
6042,cell,,50,114,-3.6955181300451465,-1.5307337294603582,1.78125,0
6043,cell,,50,115,-3.6955181300451465,-1.5307337294603582,1.796875,1
6044,cell,,50,116,-3.6955181300451465,-1.5307337294603582,1.8125,0
6045,cell,,50,117,-3.6955181300451465,-1.5307337294603582,1.828125,1
6046,cell,,51,0,-3.325878449210181,-2.2222809320784074,0.0,0
6047,cell,,51,1,-3.325878449210181,-2.2222809320784074,0.015625,0
6048,cell,,51,2,-3.325878449210181,-2.2222809320784074,0.03125,1
6049,cell,,51,3,-3.325878449210181,-2.2222809320784074,0.046875,1
6050,cell,,51,4,-3.325878449210181,-2.2222809320784074,0.0625,1
6051,cell,,51,5,-3.325878449210181,-2.2222809320784074,0.078125,1
6052,cell,,51,6,-3.325878449210181,-2.2222809320784074,0.09375,0
6053,cell,,51,7,-3.325878449210181,-2.2222809320784074,0.109375,0
6054,cell,,51,8,-3.325878449210181,-2.2222809320784074,0.125,0
6055,cell,,51,9,-3.325878449210181,-2.2222809320784074,0.140625,0
6056,cell,,51,10,-3.325878449210181,-2.2222809320784074,0.15625,0
6057,cell,,51,11,-3.325878449210181,-2.2222809320784074,0.171875,0
6058,cell,,51,12,-3.325878449210181,-2.2222809320784074,0.1875,0
6059,cell,,51,13,-3.325878449210181,-2.2222809320784074,0.203125,0
6060,cell,,51,14,-3.325878449210181,-2.2222809320784074,0.21875,0
6061,cell,,51,15,-3.325878449210181,-2.2222809320784074,0.234375,0
6062,cell,,51,16,-3.325878449210181,-2.2222809320784074,0.25,0
6063,cell,,51,17,-3.325878449210181,-2.2222809320784074,0.265625,0
6064,cell,,51,18,-3.325878449210181,-2.2222809320784074,0.28125,0
6065,cell,,51,19,-3.325878449210181,-2.2222809320784074,0.296875,0
6066,cell,,51,20,-3.325878449210181,-2.2222809320784074,0.3125,0
6067,cell,,51,21,-3.325878449210181,-2.2222809320784074,0.328125,0
6068,cell,,51,22,-3.325878449210181,-2.2222809320784074,0.34375,0
6069,cell,,51,23,-3.325878449210181,-2.2222809320784074,0.359375,0
6070,cell,,51,24,-3.325878449210181,-2.2222809320784074,0.375,0
6071,cell,,51,25,-3.325878449210181,-2.2222809320784074,0.390625,0
6072,cell,,51,26,-3.325878449210181,-2.2222809320784074,0.40625,0
6073,cell,,51,27,-3.325878449210181,-2.2222809320784074,0.421875,0
6074,cell,,51,28,-3.325878449210181,-2.2222809320784074,0.4375,0
6075,cell,,51,29,-3.325878449210181,-2.2222809320784074,0.453125,0
6076,cell,,51,30,-3.325878449210181,-2.2222809320784074,0.46875,0
6077,cell,,51,31,-3.325878449210181,-2.2222809320784074,0.484375,0
6078,cell,,51,32,-3.325878449210181,-2.2222809320784074,0.5,1
6079,cell,,51,33,-3.325878449210181,-2.2222809320784074,0.515625,0
6080,cell,,51,34,-3.325878449210181,-2.2222809320784074,0.53125,0
6081,cell,,51,35,-3.325878449210181,-2.2222809320784074,0.546875,0
6082,cell,,51,36,-3.325878449210181,-2.2222809320784074,0.5625,1
6083,cell,,51,37,-3.325878449210181,-2.2222809320784074,0.578125,0
6084,cell,,51,38,-3.325878449210181,-2.2222809320784074,0.59375,1
6085,cell,,51,39,-3.325878449210181,-2.2222809320784074,0.609375,0
6086,cell,,51,40,-3.325878449210181,-2.2222809320784074,0.625,0
6087,cell,,51,41,-3.325878449210181,-2.2222809320784074,0.640625,0
6088,cell,,51,42,-3.325878449210181,-2.2222809320784074,0.65625,0
6089,cell,,51,43,-3.325878449210181,-2.2222809320784074,0.671875,0
6090,cell,,51,44,-3.325878449210181,-2.2222809320784074,0.6875,0
6091,cell,,51,45,-3.325878449210181,-2.2222809320784074,0.703125,0
6092,cell,,51,46,-3.325878449210181,-2.2222809320784074,0.71875,0
6093,cell,,51,47,-3.325878449210181,-2.2222809320784074,0.734375,0
6094,cell,,51,48,-3.325878449210181,-2.2222809320784074,0.75,0
6095,cell,,51,49,-3.325878449210181,-2.2222809320784074,0.765625,0
6096,cell,,51,50,-3.325878449210181,-2.2222809320784074,0.78125,0
6097,cell,,51,51,-3.325878449210181,-2.2222809320784074,0.796875,0
6098,cell,,51,52,-3.325878449210181,-2.2222809320784074,0.8125,0
6099,cell,,51,53,-3.325878449210181,-2.2222809320784074,0.828125,0
6100,cell,,51,54,-3.325878449210181,-2.2222809320784074,0.84375,0
6101,cell,,51,55,-3.325878449210181,-2.2222809320784074,0.859375,0
6102,cell,,51,56,-3.325878449210181,-2.2222809320784074,0.875,0
6103,cell,,51,57,-3.325878449210181,-2.2222809320784074,0.890625,0
6104,cell,,51,58,-3.325878449210181,-2.2222809320784074,0.90625,0
6105,cell,,51,59,-3.325878449210181,-2.2222809320784074,0.921875,0
6106,cell,,51,60,-3.325878449210181,-2.2222809320784074,0.9375,0
6107,cell,,51,61,-3.325878449210181,-2.2222809320784074,0.953125,0
6108,cell,,51,62,-3.325878449210181,-2.2222809320784074,0.96875,0
6109,cell,,51,63,-3.325878449210181,-2.2222809320784074,0.984375,0
6110,cell,,51,64,-3.325878449210181,-2.2222809320784074,1.0,1
6111,cell,,51,65,-3.325878449210181,-2.2222809320784074,1.015625,1
6112,cell,,51,66,-3.325878449210181,-2.2222809320784074,1.03125,0
6113,cell,,51,67,-3.325878449210181,-2.2222809320784074,1.046875,0
6114,cell,,51,68,-3.325878449210181,-2.2222809320784074,1.0625,1
6115,cell,,51,69,-3.325878449210181,-2.2222809320784074,1.078125,1
6116,cell,,51,70,-3.325878449210181,-2.2222809320784074,1.09375,0
6117,cell,,51,71,-3.325878449210181,-2.2222809320784074,1.109375,0
6118,cell,,51,72,-3.325878449210181,-2.2222809320784074,1.125,1
6119,cell,,51,73,-3.325878449210181,-2.2222809320784074,1.140625,0
6120,cell,,51,74,-3.325878449210181,-2.2222809320784074,1.15625,1
6121,cell,,51,75,-3.325878449210181,-2.2222809320784074,1.171875,1
6122,cell,,51,76,-3.325878449210181,-2.2222809320784074,1.1875,0
6123,cell,,51,77,-3.325878449210181,-2.2222809320784074,1.203125,0
6124,cell,,51,78,-3.325878449210181,-2.2222809320784074,1.21875,0
6125,cell,,51,79,-3.325878449210181,-2.2222809320784074,1.234375,1
6126,cell,,51,80,-3.325878449210181,-2.2222809320784074,1.25,0
6127,cell,,51,81,-3.325878449210181,-2.2222809320784074,1.265625,1
6128,cell,,51,82,-3.325878449210181,-2.2222809320784074,1.28125,1
6129,cell,,51,83,-3.325878449210181,-2.2222809320784074,1.296875,0
6130,cell,,51,84,-3.325878449210181,-2.2222809320784074,1.3125,0
6131,cell,,51,85,-3.325878449210181,-2.2222809320784074,1.328125,0
6132,cell,,51,86,-3.325878449210181,-2.2222809320784074,1.34375,0
6133,cell,,51,87,-3.325878449210181,-2.2222809320784074,1.359375,0
6134,cell,,51,88,-3.325878449210181,-2.2222809320784074,1.375,0
6135,cell,,51,89,-3.325878449210181,-2.2222809320784074,1.390625,0
6136,cell,,51,90,-3.325878449210181,-2.2222809320784074,1.40625,1
6137,cell,,51,91,-3.325878449210181,-2.2222809320784074,1.421875,1
6138,cell,,51,92,-3.325878449210181,-2.2222809320784074,1.4375,0
6139,cell,,51,93,-3.325878449210181,-2.2222809320784074,1.453125,1
6140,cell,,51,94,-3.325878449210181,-2.2222809320784074,1.46875,0
6141,cell,,51,95,-3.325878449210181,-2.2222809320784074,1.484375,0
6142,cell,,51,96,-3.325878449210181,-2.2222809320784074,1.5,1
6143,cell,,51,97,-3.325878449210181,-2.2222809320784074,1.515625,0
6144,cell,,51,98,-3.325878449210181,-2.2222809320784074,1.53125,1
6145,cell,,51,99,-3.325878449210181,-2.2222809320784074,1.546875,0
6146,cell,,51,100,-3.325878449210181,-2.2222809320784074,1.5625,0
6147,cell,,51,101,-3.325878449210181,-2.2222809320784074,1.578125,1
6148,cell,,51,102,-3.325878449210181,-2.2222809320784074,1.59375,0
6149,cell,,51,103,-3.325878449210181,-2.2222809320784074,1.609375,0
6150,cell,,51,104,-3.325878449210181,-2.2222809320784074,1.625,0
6151,cell,,51,105,-3.325878449210181,-2.2222809320784074,1.640625,1
6152,cell,,51,106,-3.325878449210181,-2.2222809320784074,1.65625,0
6153,cell,,51,107,-3.325878449210181,-2.2222809320784074,1.671875,1
6154,cell,,51,108,-3.325878449210181,-2.2222809320784074,1.6875,1
6155,cell,,51,109,-3.325878449210181,-2.2222809320784074,1.703125,1
6156,cell,,51,110,-3.325878449210181,-2.2222809320784074,1.71875,0
6157,cell,,51,111,-3.325878449210181,-2.2222809320784074,1.734375,0
6158,cell,,51,112,-3.325878449210181,-2.2222809320784074,1.75,0
6159,cell,,51,113,-3.325878449210181,-2.2222809320784074,1.765625,1
6160,cell,,51,114,-3.325878449210181,-2.2222809320784074,1.78125,0
6161,cell,,51,115,-3.325878449210181,-2.2222809320784074,1.796875,0
6162,cell,,51,116,-3.325878449210181,-2.2222809320784074,1.8125,0
6163,cell,,51,117,-3.325878449210181,-2.2222809320784074,1.828125,0
6164,cell,,52,0,-2.8284271247461903,-2.8284271247461894,0.0,1
6165,cell,,52,1,-2.8284271247461903,-2.8284271247461894,0.015625,0
6166,cell,,52,2,-2.8284271247461903,-2.8284271247461894,0.03125,0
6167,cell,,52,3,-2.8284271247461903,-2.8284271247461894,0.046875,1
6168,cell,,52,4,-2.8284271247461903,-2.8284271247461894,0.0625,0
6169,cell,,52,5,-2.8284271247461903,-2.8284271247461894,0.078125,1
6170,cell,,52,6,-2.8284271247461903,-2.8284271247461894,0.09375,0
6171,cell,,52,7,-2.8284271247461903,-2.8284271247461894,0.109375,0
6172,cell,,52,8,-2.8284271247461903,-2.8284271247461894,0.125,0
6173,cell,,52,9,-2.8284271247461903,-2.8284271247461894,0.140625,0
6174,cell,,52,10,-2.8284271247461903,-2.8284271247461894,0.15625,0
6175,cell,,52,11,-2.8284271247461903,-2.8284271247461894,0.171875,0
6176,cell,,52,12,-2.8284271247461903,-2.8284271247461894,0.1875,0
6177,cell,,52,13,-2.8284271247461903,-2.8284271247461894,0.203125,0
6178,cell,,52,14,-2.8284271247461903,-2.8284271247461894,0.21875,0
6179,cell,,52,15,-2.8284271247461903,-2.8284271247461894,0.234375,0
6180,cell,,52,16,-2.8284271247461903,-2.8284271247461894,0.25,0
6181,cell,,52,17,-2.8284271247461903,-2.8284271247461894,0.265625,0
6182,cell,,52,18,-2.8284271247461903,-2.8284271247461894,0.28125,0
6183,cell,,52,19,-2.8284271247461903,-2.8284271247461894,0.296875,0
6184,cell,,52,20,-2.8284271247461903,-2.8284271247461894,0.3125,0
6185,cell,,52,21,-2.8284271247461903,-2.8284271247461894,0.328125,0
6186,cell,,52,22,-2.8284271247461903,-2.8284271247461894,0.34375,0
6187,cell,,52,23,-2.8284271247461903,-2.8284271247461894,0.359375,0
6188,cell,,52,24,-2.8284271247461903,-2.8284271247461894,0.375,0
6189,cell,,52,25,-2.8284271247461903,-2.8284271247461894,0.390625,0
6190,cell,,52,26,-2.8284271247461903,-2.8284271247461894,0.40625,0
6191,cell,,52,27,-2.8284271247461903,-2.8284271247461894,0.421875,0
6192,cell,,52,28,-2.8284271247461903,-2.8284271247461894,0.4375,0
6193,cell,,52,29,-2.8284271247461903,-2.8284271247461894,0.453125,0
6194,cell,,52,30,-2.8284271247461903,-2.8284271247461894,0.46875,0
6195,cell,,52,31,-2.8284271247461903,-2.8284271247461894,0.484375,0
6196,cell,,52,32,-2.8284271247461903,-2.8284271247461894,0.5,0
6197,cell,,52,33,-2.8284271247461903,-2.8284271247461894,0.515625,0
6198,cell,,52,34,-2.8284271247461903,-2.8284271247461894,0.53125,0
6199,cell,,52,35,-2.8284271247461903,-2.8284271247461894,0.546875,0
6200,cell,,52,36,-2.8284271247461903,-2.8284271247461894,0.5625,1
6201,cell,,52,37,-2.8284271247461903,-2.8284271247461894,0.578125,1
6202,cell,,52,38,-2.8284271247461903,-2.8284271247461894,0.59375,0
6203,cell,,52,39,-2.8284271247461903,-2.8284271247461894,0.609375,0
6204,cell,,52,40,-2.8284271247461903,-2.8284271247461894,0.625,0
6205,cell,,52,41,-2.8284271247461903,-2.8284271247461894,0.640625,0
6206,cell,,52,42,-2.8284271247461903,-2.8284271247461894,0.65625,0
6207,cell,,52,43,-2.8284271247461903,-2.8284271247461894,0.671875,0
6208,cell,,52,44,-2.8284271247461903,-2.8284271247461894,0.6875,0
6209,cell,,52,45,-2.8284271247461903,-2.8284271247461894,0.703125,0
6210,cell,,52,46,-2.8284271247461903,-2.8284271247461894,0.71875,0
6211,cell,,52,47,-2.8284271247461903,-2.8284271247461894,0.734375,0
6212,cell,,52,48,-2.8284271247461903,-2.8284271247461894,0.75,0
6213,cell,,52,49,-2.8284271247461903,-2.8284271247461894,0.765625,0
6214,cell,,52,50,-2.8284271247461903,-2.8284271247461894,0.78125,0
6215,cell,,52,51,-2.8284271247461903,-2.8284271247461894,0.796875,0
6216,cell,,52,52,-2.8284271247461903,-2.8284271247461894,0.8125,0
6217,cell,,52,53,-2.8284271247461903,-2.8284271247461894,0.828125,0
6218,cell,,52,54,-2.8284271247461903,-2.8284271247461894,0.84375,0
6219,cell,,52,55,-2.8284271247461903,-2.8284271247461894,0.859375,0
6220,cell,,52,56,-2.8284271247461903,-2.8284271247461894,0.875,0
6221,cell,,52,57,-2.8284271247461903,-2.8284271247461894,0.890625,0
6222,cell,,52,58,-2.8284271247461903,-2.8284271247461894,0.90625,0
6223,cell,,52,59,-2.8284271247461903,-2.8284271247461894,0.921875,0
6224,cell,,52,60,-2.8284271247461903,-2.8284271247461894,0.9375,0
6225,cell,,52,61,-2.8284271247461903,-2.8284271247461894,0.953125,0
6226,cell,,52,62,-2.8284271247461903,-2.8284271247461894,0.96875,0
6227,cell,,52,63,-2.8284271247461903,-2.8284271247461894,0.984375,0
6228,cell,,52,64,-2.8284271247461903,-2.8284271247461894,1.0,1
6229,cell,,52,65,-2.8284271247461903,-2.8284271247461894,1.015625,0
6230,cell,,52,66,-2.8284271247461903,-2.8284271247461894,1.03125,1
6231,cell,,52,67,-2.8284271247461903,-2.8284271247461894,1.046875,1
6232,cell,,52,68,-2.8284271247461903,-2.8284271247461894,1.0625,0
6233,cell,,52,69,-2.8284271247461903,-2.8284271247461894,1.078125,0
6234,cell,,52,70,-2.8284271247461903,-2.8284271247461894,1.09375,1
6235,cell,,52,71,-2.8284271247461903,-2.8284271247461894,1.109375,1
6236,cell,,52,72,-2.8284271247461903,-2.8284271247461894,1.125,1
6237,cell,,52,73,-2.8284271247461903,-2.8284271247461894,1.140625,1
6238,cell,,52,74,-2.8284271247461903,-2.8284271247461894,1.15625,0
6239,cell,,52,75,-2.8284271247461903,-2.8284271247461894,1.171875,0
6240,cell,,52,76,-2.8284271247461903,-2.8284271247461894,1.1875,0
6241,cell,,52,77,-2.8284271247461903,-2.8284271247461894,1.203125,0
6242,cell,,52,78,-2.8284271247461903,-2.8284271247461894,1.21875,0
6243,cell,,52,79,-2.8284271247461903,-2.8284271247461894,1.234375,1
6244,cell,,52,80,-2.8284271247461903,-2.8284271247461894,1.25,0
6245,cell,,52,81,-2.8284271247461903,-2.8284271247461894,1.265625,0
6246,cell,,52,82,-2.8284271247461903,-2.8284271247461894,1.28125,1
6247,cell,,52,83,-2.8284271247461903,-2.8284271247461894,1.296875,1
6248,cell,,52,84,-2.8284271247461903,-2.8284271247461894,1.3125,1
6249,cell,,52,85,-2.8284271247461903,-2.8284271247461894,1.328125,0
6250,cell,,52,86,-2.8284271247461903,-2.8284271247461894,1.34375,1
6251,cell,,52,87,-2.8284271247461903,-2.8284271247461894,1.359375,1
6252,cell,,52,88,-2.8284271247461903,-2.8284271247461894,1.375,0
6253,cell,,52,89,-2.8284271247461903,-2.8284271247461894,1.390625,1
6254,cell,,52,90,-2.8284271247461903,-2.8284271247461894,1.40625,1
6255,cell,,52,91,-2.8284271247461903,-2.8284271247461894,1.421875,1
6256,cell,,52,92,-2.8284271247461903,-2.8284271247461894,1.4375,0
6257,cell,,52,93,-2.8284271247461903,-2.8284271247461894,1.453125,1
6258,cell,,52,94,-2.8284271247461903,-2.8284271247461894,1.46875,0
6259,cell,,52,95,-2.8284271247461903,-2.8284271247461894,1.484375,0
6260,cell,,52,96,-2.8284271247461903,-2.8284271247461894,1.5,1
6261,cell,,52,97,-2.8284271247461903,-2.8284271247461894,1.515625,0
6262,cell,,52,98,-2.8284271247461903,-2.8284271247461894,1.53125,0
6263,cell,,52,99,-2.8284271247461903,-2.8284271247461894,1.546875,1
6264,cell,,52,100,-2.8284271247461903,-2.8284271247461894,1.5625,0
6265,cell,,52,101,-2.8284271247461903,-2.8284271247461894,1.578125,0
6266,cell,,52,102,-2.8284271247461903,-2.8284271247461894,1.59375,0
6267,cell,,52,103,-2.8284271247461903,-2.8284271247461894,1.609375,1
6268,cell,,52,104,-2.8284271247461903,-2.8284271247461894,1.625,0
6269,cell,,52,105,-2.8284271247461903,-2.8284271247461894,1.640625,1
6270,cell,,52,106,-2.8284271247461903,-2.8284271247461894,1.65625,0
6271,cell,,52,107,-2.8284271247461903,-2.8284271247461894,1.671875,1
6272,cell,,52,108,-2.8284271247461903,-2.8284271247461894,1.6875,1
6273,cell,,52,109,-2.8284271247461903,-2.8284271247461894,1.703125,0
6274,cell,,52,110,-2.8284271247461903,-2.8284271247461894,1.71875,0
6275,cell,,52,111,-2.8284271247461903,-2.8284271247461894,1.734375,1
6276,cell,,52,112,-2.8284271247461903,-2.8284271247461894,1.75,0
6277,cell,,52,113,-2.8284271247461903,-2.8284271247461894,1.765625,0
6278,cell,,52,114,-2.8284271247461903,-2.8284271247461894,1.78125,0
6279,cell,,52,115,-2.8284271247461903,-2.8284271247461894,1.796875,1
6280,cell,,52,116,-2.8284271247461903,-2.8284271247461894,1.8125,0
6281,cell,,52,117,-2.8284271247461903,-2.8284271247461894,1.828125,0
6282,cell,,53,0,-2.2222809320784083,-3.32587844921018,0.0,0
6283,cell,,53,1,-2.2222809320784083,-3.32587844921018,0.015625,1
6284,cell,,53,2,-2.2222809320784083,-3.32587844921018,0.03125,0
6285,cell,,53,3,-2.2222809320784083,-3.32587844921018,0.046875,1
6286,cell,,53,4,-2.2222809320784083,-3.32587844921018,0.0625,1
6287,cell,,53,5,-2.2222809320784083,-3.32587844921018,0.078125,0
6288,cell,,53,6,-2.2222809320784083,-3.32587844921018,0.09375,0
6289,cell,,53,7,-2.2222809320784083,-3.32587844921018,0.109375,0
6290,cell,,53,8,-2.2222809320784083,-3.32587844921018,0.125,0
6291,cell,,53,9,-2.2222809320784083,-3.32587844921018,0.140625,0
6292,cell,,53,10,-2.2222809320784083,-3.32587844921018,0.15625,0
6293,cell,,53,11,-2.2222809320784083,-3.32587844921018,0.171875,0
6294,cell,,53,12,-2.2222809320784083,-3.32587844921018,0.1875,0
6295,cell,,53,13,-2.2222809320784083,-3.32587844921018,0.203125,0
6296,cell,,53,14,-2.2222809320784083,-3.32587844921018,0.21875,0
6297,cell,,53,15,-2.2222809320784083,-3.32587844921018,0.234375,0
6298,cell,,53,16,-2.2222809320784083,-3.32587844921018,0.25,0
6299,cell,,53,17,-2.2222809320784083,-3.32587844921018,0.265625,0
6300,cell,,53,18,-2.2222809320784083,-3.32587844921018,0.28125,0
6301,cell,,53,19,-2.2222809320784083,-3.32587844921018,0.296875,0
6302,cell,,53,20,-2.2222809320784083,-3.32587844921018,0.3125,0
6303,cell,,53,21,-2.2222809320784083,-3.32587844921018,0.328125,0
6304,cell,,53,22,-2.2222809320784083,-3.32587844921018,0.34375,0
6305,cell,,53,23,-2.2222809320784083,-3.32587844921018,0.359375,0
6306,cell,,53,24,-2.2222809320784083,-3.32587844921018,0.375,0
6307,cell,,53,25,-2.2222809320784083,-3.32587844921018,0.390625,0
6308,cell,,53,26,-2.2222809320784083,-3.32587844921018,0.40625,0
6309,cell,,53,27,-2.2222809320784083,-3.32587844921018,0.421875,0
6310,cell,,53,28,-2.2222809320784083,-3.32587844921018,0.4375,0
6311,cell,,53,29,-2.2222809320784083,-3.32587844921018,0.453125,0
6312,cell,,53,30,-2.2222809320784083,-3.32587844921018,0.46875,0
6313,cell,,53,31,-2.2222809320784083,-3.32587844921018,0.484375,0
6314,cell,,53,32,-2.2222809320784083,-3.32587844921018,0.5,1
6315,cell,,53,33,-2.2222809320784083,-3.32587844921018,0.515625,0
6316,cell,,53,34,-2.2222809320784083,-3.32587844921018,0.53125,1
6317,cell,,53,35,-2.2222809320784083,-3.32587844921018,0.546875,1
6318,cell,,53,36,-2.2222809320784083,-3.32587844921018,0.5625,1
6319,cell,,53,37,-2.2222809320784083,-3.32587844921018,0.578125,0
6320,cell,,53,38,-2.2222809320784083,-3.32587844921018,0.59375,0
6321,cell,,53,39,-2.2222809320784083,-3.32587844921018,0.609375,0
6322,cell,,53,40,-2.2222809320784083,-3.32587844921018,0.625,0
6323,cell,,53,41,-2.2222809320784083,-3.32587844921018,0.640625,0
6324,cell,,53,42,-2.2222809320784083,-3.32587844921018,0.65625,0
6325,cell,,53,43,-2.2222809320784083,-3.32587844921018,0.671875,0
6326,cell,,53,44,-2.2222809320784083,-3.32587844921018,0.6875,0
6327,cell,,53,45,-2.2222809320784083,-3.32587844921018,0.703125,0
6328,cell,,53,46,-2.2222809320784083,-3.32587844921018,0.71875,0
6329,cell,,53,47,-2.2222809320784083,-3.32587844921018,0.734375,0
6330,cell,,53,48,-2.2222809320784083,-3.32587844921018,0.75,0
6331,cell,,53,49,-2.2222809320784083,-3.32587844921018,0.765625,0
6332,cell,,53,50,-2.2222809320784083,-3.32587844921018,0.78125,0
6333,cell,,53,51,-2.2222809320784083,-3.32587844921018,0.796875,0
6334,cell,,53,52,-2.2222809320784083,-3.32587844921018,0.8125,0
6335,cell,,53,53,-2.2222809320784083,-3.32587844921018,0.828125,0
6336,cell,,53,54,-2.2222809320784083,-3.32587844921018,0.84375,0
6337,cell,,53,55,-2.2222809320784083,-3.32587844921018,0.859375,0
6338,cell,,53,56,-2.2222809320784083,-3.32587844921018,0.875,0
6339,cell,,53,57,-2.2222809320784083,-3.32587844921018,0.890625,0
6340,cell,,53,58,-2.2222809320784083,-3.32587844921018,0.90625,0
6341,cell,,53,59,-2.2222809320784083,-3.32587844921018,0.921875,0
6342,cell,,53,60,-2.2222809320784083,-3.32587844921018,0.9375,0
6343,cell,,53,61,-2.2222809320784083,-3.32587844921018,0.953125,0
6344,cell,,53,62,-2.2222809320784083,-3.32587844921018,0.96875,0
6345,cell,,53,63,-2.2222809320784083,-3.32587844921018,0.984375,0
6346,cell,,53,64,-2.2222809320784083,-3.32587844921018,1.0,1
6347,cell,,53,65,-2.2222809320784083,-3.32587844921018,1.015625,1
6348,cell,,53,66,-2.2222809320784083,-3.32587844921018,1.03125,0
6349,cell,,53,67,-2.2222809320784083,-3.32587844921018,1.046875,0
6350,cell,,53,68,-2.2222809320784083,-3.32587844921018,1.0625,0
6351,cell,,53,69,-2.2222809320784083,-3.32587844921018,1.078125,1
6352,cell,,53,70,-2.2222809320784083,-3.32587844921018,1.09375,0
6353,cell,,53,71,-2.2222809320784083,-3.32587844921018,1.109375,0
6354,cell,,53,72,-2.2222809320784083,-3.32587844921018,1.125,1
6355,cell,,53,73,-2.2222809320784083,-3.32587844921018,1.140625,0
6356,cell,,53,74,-2.2222809320784083,-3.32587844921018,1.15625,0
6357,cell,,53,75,-2.2222809320784083,-3.32587844921018,1.171875,0
6358,cell,,53,76,-2.2222809320784083,-3.32587844921018,1.1875,0
6359,cell,,53,77,-2.2222809320784083,-3.32587844921018,1.203125,0
6360,cell,,53,78,-2.2222809320784083,-3.32587844921018,1.21875,0
6361,cell,,53,79,-2.2222809320784083,-3.32587844921018,1.234375,1
6362,cell,,53,80,-2.2222809320784083,-3.32587844921018,1.25,0
6363,cell,,53,81,-2.2222809320784083,-3.32587844921018,1.265625,0
6364,cell,,53,82,-2.2222809320784083,-3.32587844921018,1.28125,0
6365,cell,,53,83,-2.2222809320784083,-3.32587844921018,1.296875,1
6366,cell,,53,84,-2.2222809320784083,-3.32587844921018,1.3125,0
6367,cell,,53,85,-2.2222809320784083,-3.32587844921018,1.328125,0
6368,cell,,53,86,-2.2222809320784083,-3.32587844921018,1.34375,1
6369,cell,,53,87,-2.2222809320784083,-3.32587844921018,1.359375,0
6370,cell,,53,88,-2.2222809320784083,-3.32587844921018,1.375,0
6371,cell,,53,89,-2.2222809320784083,-3.32587844921018,1.390625,0
6372,cell,,53,90,-2.2222809320784083,-3.32587844921018,1.40625,1
6373,cell,,53,91,-2.2222809320784083,-3.32587844921018,1.421875,1
6374,cell,,53,92,-2.2222809320784083,-3.32587844921018,1.4375,0
6375,cell,,53,93,-2.2222809320784083,-3.32587844921018,1.453125,1
6376,cell,,53,94,-2.2222809320784083,-3.32587844921018,1.46875,0
6377,cell,,53,95,-2.2222809320784083,-3.32587844921018,1.484375,0
6378,cell,,53,96,-2.2222809320784083,-3.32587844921018,1.5,1
6379,cell,,53,97,-2.2222809320784083,-3.32587844921018,1.515625,0
6380,cell,,53,98,-2.2222809320784083,-3.32587844921018,1.53125,0
6381,cell,,53,99,-2.2222809320784083,-3.32587844921018,1.546875,1
6382,cell,,53,100,-2.2222809320784083,-3.32587844921018,1.5625,0
6383,cell,,53,101,-2.2222809320784083,-3.32587844921018,1.578125,0
6384,cell,,53,102,-2.2222809320784083,-3.32587844921018,1.59375,0
6385,cell,,53,103,-2.2222809320784083,-3.32587844921018,1.609375,0
6386,cell,,53,104,-2.2222809320784083,-3.32587844921018,1.625,0
6387,cell,,53,105,-2.2222809320784083,-3.32587844921018,1.640625,0
6388,cell,,53,106,-2.2222809320784083,-3.32587844921018,1.65625,0
6389,cell,,53,107,-2.2222809320784083,-3.32587844921018,1.671875,1
6390,cell,,53,108,-2.2222809320784083,-3.32587844921018,1.6875,1
6391,cell,,53,109,-2.2222809320784083,-3.32587844921018,1.703125,0
6392,cell,,53,110,-2.2222809320784083,-3.32587844921018,1.71875,1
6393,cell,,53,111,-2.2222809320784083,-3.32587844921018,1.734375,1
6394,cell,,53,112,-2.2222809320784083,-3.32587844921018,1.75,1
6395,cell,,53,113,-2.2222809320784083,-3.32587844921018,1.765625,1
6396,cell,,53,114,-2.2222809320784083,-3.32587844921018,1.78125,0
6397,cell,,53,115,-2.2222809320784083,-3.32587844921018,1.796875,0
6398,cell,,53,116,-2.2222809320784083,-3.32587844921018,1.8125,0
6399,cell,,53,117,-2.2222809320784083,-3.32587844921018,1.828125,0
6400,cell,,54,0,-1.530733729460361,-3.695518130045145,0.0,1
6401,cell,,54,1,-1.530733729460361,-3.695518130045145,0.015625,1
6402,cell,,54,2,-1.530733729460361,-3.695518130045145,0.03125,0
6403,cell,,54,3,-1.530733729460361,-3.695518130045145,0.046875,1
6404,cell,,54,4,-1.530733729460361,-3.695518130045145,0.0625,0
6405,cell,,54,5,-1.530733729460361,-3.695518130045145,0.078125,0
6406,cell,,54,6,-1.530733729460361,-3.695518130045145,0.09375,0
6407,cell,,54,7,-1.530733729460361,-3.695518130045145,0.109375,0
6408,cell,,54,8,-1.530733729460361,-3.695518130045145,0.125,0
6409,cell,,54,9,-1.530733729460361,-3.695518130045145,0.140625,0
6410,cell,,54,10,-1.530733729460361,-3.695518130045145,0.15625,0
6411,cell,,54,11,-1.530733729460361,-3.695518130045145,0.171875,0
6412,cell,,54,12,-1.530733729460361,-3.695518130045145,0.1875,0
6413,cell,,54,13,-1.530733729460361,-3.695518130045145,0.203125,0
6414,cell,,54,14,-1.530733729460361,-3.695518130045145,0.21875,0
6415,cell,,54,15,-1.530733729460361,-3.695518130045145,0.234375,0
6416,cell,,54,16,-1.530733729460361,-3.695518130045145,0.25,0
6417,cell,,54,17,-1.530733729460361,-3.695518130045145,0.265625,0
6418,cell,,54,18,-1.530733729460361,-3.695518130045145,0.28125,0
6419,cell,,54,19,-1.530733729460361,-3.695518130045145,0.296875,0
6420,cell,,54,20,-1.530733729460361,-3.695518130045145,0.3125,0
6421,cell,,54,21,-1.530733729460361,-3.695518130045145,0.328125,0
6422,cell,,54,22,-1.530733729460361,-3.695518130045145,0.34375,0
6423,cell,,54,23,-1.530733729460361,-3.695518130045145,0.359375,0
6424,cell,,54,24,-1.530733729460361,-3.695518130045145,0.375,0
6425,cell,,54,25,-1.530733729460361,-3.695518130045145,0.390625,0
6426,cell,,54,26,-1.530733729460361,-3.695518130045145,0.40625,0
6427,cell,,54,27,-1.530733729460361,-3.695518130045145,0.421875,0
6428,cell,,54,28,-1.530733729460361,-3.695518130045145,0.4375,0
6429,cell,,54,29,-1.530733729460361,-3.695518130045145,0.453125,0
6430,cell,,54,30,-1.530733729460361,-3.695518130045145,0.46875,0
6431,cell,,54,31,-1.530733729460361,-3.695518130045145,0.484375,0
6432,cell,,54,32,-1.530733729460361,-3.695518130045145,0.5,0
6433,cell,,54,33,-1.530733729460361,-3.695518130045145,0.515625,1
6434,cell,,54,34,-1.530733729460361,-3.695518130045145,0.53125,0
6435,cell,,54,35,-1.530733729460361,-3.695518130045145,0.546875,1
6436,cell,,54,36,-1.530733729460361,-3.695518130045145,0.5625,0
6437,cell,,54,37,-1.530733729460361,-3.695518130045145,0.578125,0
6438,cell,,54,38,-1.530733729460361,-3.695518130045145,0.59375,0
6439,cell,,54,39,-1.530733729460361,-3.695518130045145,0.609375,0
6440,cell,,54,40,-1.530733729460361,-3.695518130045145,0.625,0
6441,cell,,54,41,-1.530733729460361,-3.695518130045145,0.640625,0
6442,cell,,54,42,-1.530733729460361,-3.695518130045145,0.65625,0
6443,cell,,54,43,-1.530733729460361,-3.695518130045145,0.671875,0
6444,cell,,54,44,-1.530733729460361,-3.695518130045145,0.6875,0
6445,cell,,54,45,-1.530733729460361,-3.695518130045145,0.703125,0
6446,cell,,54,46,-1.530733729460361,-3.695518130045145,0.71875,0
6447,cell,,54,47,-1.530733729460361,-3.695518130045145,0.734375,0
6448,cell,,54,48,-1.530733729460361,-3.695518130045145,0.75,0
6449,cell,,54,49,-1.530733729460361,-3.695518130045145,0.765625,0
6450,cell,,54,50,-1.530733729460361,-3.695518130045145,0.78125,0
6451,cell,,54,51,-1.530733729460361,-3.695518130045145,0.796875,0
6452,cell,,54,52,-1.530733729460361,-3.695518130045145,0.8125,0
6453,cell,,54,53,-1.530733729460361,-3.695518130045145,0.828125,0
6454,cell,,54,54,-1.530733729460361,-3.695518130045145,0.84375,0
6455,cell,,54,55,-1.530733729460361,-3.695518130045145,0.859375,0
6456,cell,,54,56,-1.530733729460361,-3.695518130045145,0.875,0
6457,cell,,54,57,-1.530733729460361,-3.695518130045145,0.890625,0
6458,cell,,54,58,-1.530733729460361,-3.695518130045145,0.90625,0
6459,cell,,54,59,-1.530733729460361,-3.695518130045145,0.921875,0
6460,cell,,54,60,-1.530733729460361,-3.695518130045145,0.9375,0
6461,cell,,54,61,-1.530733729460361,-3.695518130045145,0.953125,0
6462,cell,,54,62,-1.530733729460361,-3.695518130045145,0.96875,0
6463,cell,,54,63,-1.530733729460361,-3.695518130045145,0.984375,0
6464,cell,,54,64,-1.530733729460361,-3.695518130045145,1.0,1
6465,cell,,54,65,-1.530733729460361,-3.695518130045145,1.015625,0
6466,cell,,54,66,-1.530733729460361,-3.695518130045145,1.03125,1
6467,cell,,54,67,-1.530733729460361,-3.695518130045145,1.046875,1
6468,cell,,54,68,-1.530733729460361,-3.695518130045145,1.0625,0
6469,cell,,54,69,-1.530733729460361,-3.695518130045145,1.078125,1
6470,cell,,54,70,-1.530733729460361,-3.695518130045145,1.09375,0
6471,cell,,54,71,-1.530733729460361,-3.695518130045145,1.109375,0
6472,cell,,54,72,-1.530733729460361,-3.695518130045145,1.125,1
6473,cell,,54,73,-1.530733729460361,-3.695518130045145,1.140625,1
6474,cell,,54,74,-1.530733729460361,-3.695518130045145,1.15625,0
6475,cell,,54,75,-1.530733729460361,-3.695518130045145,1.171875,1
6476,cell,,54,76,-1.530733729460361,-3.695518130045145,1.1875,1
6477,cell,,54,77,-1.530733729460361,-3.695518130045145,1.203125,1
6478,cell,,54,78,-1.530733729460361,-3.695518130045145,1.21875,1
6479,cell,,54,79,-1.530733729460361,-3.695518130045145,1.234375,0
6480,cell,,54,80,-1.530733729460361,-3.695518130045145,1.25,0
6481,cell,,54,81,-1.530733729460361,-3.695518130045145,1.265625,1
6482,cell,,54,82,-1.530733729460361,-3.695518130045145,1.28125,0
6483,cell,,54,83,-1.530733729460361,-3.695518130045145,1.296875,0
6484,cell,,54,84,-1.530733729460361,-3.695518130045145,1.3125,0
6485,cell,,54,85,-1.530733729460361,-3.695518130045145,1.328125,0
6486,cell,,54,86,-1.530733729460361,-3.695518130045145,1.34375,0
6487,cell,,54,87,-1.530733729460361,-3.695518130045145,1.359375,0
6488,cell,,54,88,-1.530733729460361,-3.695518130045145,1.375,0
6489,cell,,54,89,-1.530733729460361,-3.695518130045145,1.390625,1
6490,cell,,54,90,-1.530733729460361,-3.695518130045145,1.40625,1
6491,cell,,54,91,-1.530733729460361,-3.695518130045145,1.421875,1
6492,cell,,54,92,-1.530733729460361,-3.695518130045145,1.4375,0
6493,cell,,54,93,-1.530733729460361,-3.695518130045145,1.453125,1
6494,cell,,54,94,-1.530733729460361,-3.695518130045145,1.46875,0
6495,cell,,54,95,-1.530733729460361,-3.695518130045145,1.484375,0
6496,cell,,54,96,-1.530733729460361,-3.695518130045145,1.5,1
6497,cell,,54,97,-1.530733729460361,-3.695518130045145,1.515625,0
6498,cell,,54,98,-1.530733729460361,-3.695518130045145,1.53125,0
6499,cell,,54,99,-1.530733729460361,-3.695518130045145,1.546875,1
6500,cell,,54,100,-1.530733729460361,-3.695518130045145,1.5625,1
6501,cell,,54,101,-1.530733729460361,-3.695518130045145,1.578125,1
6502,cell,,54,102,-1.530733729460361,-3.695518130045145,1.59375,1
6503,cell,,54,103,-1.530733729460361,-3.695518130045145,1.609375,0
6504,cell,,54,104,-1.530733729460361,-3.695518130045145,1.625,0
6505,cell,,54,105,-1.530733729460361,-3.695518130045145,1.640625,1
6506,cell,,54,106,-1.530733729460361,-3.695518130045145,1.65625,0
6507,cell,,54,107,-1.530733729460361,-3.695518130045145,1.671875,1
6508,cell,,54,108,-1.530733729460361,-3.695518130045145,1.6875,0
6509,cell,,54,109,-1.530733729460361,-3.695518130045145,1.703125,1
6510,cell,,54,110,-1.530733729460361,-3.695518130045145,1.71875,0
6511,cell,,54,111,-1.530733729460361,-3.695518130045145,1.734375,1
6512,cell,,54,112,-1.530733729460361,-3.695518130045145,1.75,0
6513,cell,,54,113,-1.530733729460361,-3.695518130045145,1.765625,0
6514,cell,,54,114,-1.530733729460361,-3.695518130045145,1.78125,0
6515,cell,,54,115,-1.530733729460361,-3.695518130045145,1.796875,1
6516,cell,,54,116,-1.530733729460361,-3.695518130045145,1.8125,0
6517,cell,,54,117,-1.530733729460361,-3.695518130045145,1.828125,0
6518,cell,,55,0,-0.7803612880645144,-3.9231411216129204,0.0,1
6519,cell,,55,1,-0.7803612880645144,-3.9231411216129204,0.015625,1
6520,cell,,55,2,-0.7803612880645144,-3.9231411216129204,0.03125,1
6521,cell,,55,3,-0.7803612880645144,-3.9231411216129204,0.046875,0
6522,cell,,55,4,-0.7803612880645144,-3.9231411216129204,0.0625,0
6523,cell,,55,5,-0.7803612880645144,-3.9231411216129204,0.078125,0
6524,cell,,55,6,-0.7803612880645144,-3.9231411216129204,0.09375,0
6525,cell,,55,7,-0.7803612880645144,-3.9231411216129204,0.109375,0
6526,cell,,55,8,-0.7803612880645144,-3.9231411216129204,0.125,0
6527,cell,,55,9,-0.7803612880645144,-3.9231411216129204,0.140625,0
6528,cell,,55,10,-0.7803612880645144,-3.9231411216129204,0.15625,0
6529,cell,,55,11,-0.7803612880645144,-3.9231411216129204,0.171875,0
6530,cell,,55,12,-0.7803612880645144,-3.9231411216129204,0.1875,0
6531,cell,,55,13,-0.7803612880645144,-3.9231411216129204,0.203125,0
6532,cell,,55,14,-0.7803612880645144,-3.9231411216129204,0.21875,0
6533,cell,,55,15,-0.7803612880645144,-3.9231411216129204,0.234375,0
6534,cell,,55,16,-0.7803612880645144,-3.9231411216129204,0.25,0
6535,cell,,55,17,-0.7803612880645144,-3.9231411216129204,0.265625,0
6536,cell,,55,18,-0.7803612880645144,-3.9231411216129204,0.28125,0
6537,cell,,55,19,-0.7803612880645144,-3.9231411216129204,0.296875,0
6538,cell,,55,20,-0.7803612880645144,-3.9231411216129204,0.3125,0
6539,cell,,55,21,-0.7803612880645144,-3.9231411216129204,0.328125,0
6540,cell,,55,22,-0.7803612880645144,-3.9231411216129204,0.34375,0
6541,cell,,55,23,-0.7803612880645144,-3.9231411216129204,0.359375,0
6542,cell,,55,24,-0.7803612880645144,-3.9231411216129204,0.375,0
6543,cell,,55,25,-0.7803612880645144,-3.9231411216129204,0.390625,0
6544,cell,,55,26,-0.7803612880645144,-3.9231411216129204,0.40625,0
6545,cell,,55,27,-0.7803612880645144,-3.9231411216129204,0.421875,0
6546,cell,,55,28,-0.7803612880645144,-3.9231411216129204,0.4375,0
6547,cell,,55,29,-0.7803612880645144,-3.9231411216129204,0.453125,0
6548,cell,,55,30,-0.7803612880645144,-3.9231411216129204,0.46875,0
6549,cell,,55,31,-0.7803612880645144,-3.9231411216129204,0.484375,0
6550,cell,,55,32,-0.7803612880645144,-3.9231411216129204,0.5,1
6551,cell,,55,33,-0.7803612880645144,-3.9231411216129204,0.515625,1
6552,cell,,55,34,-0.7803612880645144,-3.9231411216129204,0.53125,1
6553,cell,,55,35,-0.7803612880645144,-3.9231411216129204,0.546875,0
6554,cell,,55,36,-0.7803612880645144,-3.9231411216129204,0.5625,0
6555,cell,,55,37,-0.7803612880645144,-3.9231411216129204,0.578125,0
6556,cell,,55,38,-0.7803612880645144,-3.9231411216129204,0.59375,0
6557,cell,,55,39,-0.7803612880645144,-3.9231411216129204,0.609375,0
6558,cell,,55,40,-0.7803612880645144,-3.9231411216129204,0.625,0
6559,cell,,55,41,-0.7803612880645144,-3.9231411216129204,0.640625,0
6560,cell,,55,42,-0.7803612880645144,-3.9231411216129204,0.65625,0
6561,cell,,55,43,-0.7803612880645144,-3.9231411216129204,0.671875,0
6562,cell,,55,44,-0.7803612880645144,-3.9231411216129204,0.6875,0
6563,cell,,55,45,-0.7803612880645144,-3.9231411216129204,0.703125,0
6564,cell,,55,46,-0.7803612880645144,-3.9231411216129204,0.71875,0
6565,cell,,55,47,-0.7803612880645144,-3.9231411216129204,0.734375,0
6566,cell,,55,48,-0.7803612880645144,-3.9231411216129204,0.75,0
6567,cell,,55,49,-0.7803612880645144,-3.9231411216129204,0.765625,0
6568,cell,,55,50,-0.7803612880645144,-3.9231411216129204,0.78125,0
6569,cell,,55,51,-0.7803612880645144,-3.9231411216129204,0.796875,0
6570,cell,,55,52,-0.7803612880645144,-3.9231411216129204,0.8125,0
6571,cell,,55,53,-0.7803612880645144,-3.9231411216129204,0.828125,0
6572,cell,,55,54,-0.7803612880645144,-3.9231411216129204,0.84375,0
6573,cell,,55,55,-0.7803612880645144,-3.9231411216129204,0.859375,0
6574,cell,,55,56,-0.7803612880645144,-3.9231411216129204,0.875,0
6575,cell,,55,57,-0.7803612880645144,-3.9231411216129204,0.890625,0
6576,cell,,55,58,-0.7803612880645144,-3.9231411216129204,0.90625,0
6577,cell,,55,59,-0.7803612880645144,-3.9231411216129204,0.921875,0
6578,cell,,55,60,-0.7803612880645144,-3.9231411216129204,0.9375,0
6579,cell,,55,61,-0.7803612880645144,-3.9231411216129204,0.953125,0
6580,cell,,55,62,-0.7803612880645144,-3.9231411216129204,0.96875,0
6581,cell,,55,63,-0.7803612880645144,-3.9231411216129204,0.984375,0
6582,cell,,55,64,-0.7803612880645144,-3.9231411216129204,1.0,0
6583,cell,,55,65,-0.7803612880645144,-3.9231411216129204,1.015625,1
6584,cell,,55,66,-0.7803612880645144,-3.9231411216129204,1.03125,1
6585,cell,,55,67,-0.7803612880645144,-3.9231411216129204,1.046875,1
6586,cell,,55,68,-0.7803612880645144,-3.9231411216129204,1.0625,1
6587,cell,,55,69,-0.7803612880645144,-3.9231411216129204,1.078125,0
6588,cell,,55,70,-0.7803612880645144,-3.9231411216129204,1.09375,1
6589,cell,,55,71,-0.7803612880645144,-3.9231411216129204,1.109375,0
6590,cell,,55,72,-0.7803612880645144,-3.9231411216129204,1.125,1
6591,cell,,55,73,-0.7803612880645144,-3.9231411216129204,1.140625,1
6592,cell,,55,74,-0.7803612880645144,-3.9231411216129204,1.15625,0
6593,cell,,55,75,-0.7803612880645144,-3.9231411216129204,1.171875,0
6594,cell,,55,76,-0.7803612880645144,-3.9231411216129204,1.1875,1
6595,cell,,55,77,-0.7803612880645144,-3.9231411216129204,1.203125,1
6596,cell,,55,78,-0.7803612880645144,-3.9231411216129204,1.21875,1
6597,cell,,55,79,-0.7803612880645144,-3.9231411216129204,1.234375,0
6598,cell,,55,80,-0.7803612880645144,-3.9231411216129204,1.25,0
6599,cell,,55,81,-0.7803612880645144,-3.9231411216129204,1.265625,1
6600,cell,,55,82,-0.7803612880645144,-3.9231411216129204,1.28125,1
6601,cell,,55,83,-0.7803612880645144,-3.9231411216129204,1.296875,0
6602,cell,,55,84,-0.7803612880645144,-3.9231411216129204,1.3125,0
6603,cell,,55,85,-0.7803612880645144,-3.9231411216129204,1.328125,0
6604,cell,,55,86,-0.7803612880645144,-3.9231411216129204,1.34375,1
6605,cell,,55,87,-0.7803612880645144,-3.9231411216129204,1.359375,1
6606,cell,,55,88,-0.7803612880645144,-3.9231411216129204,1.375,1
6607,cell,,55,89,-0.7803612880645144,-3.9231411216129204,1.390625,1
6608,cell,,55,90,-0.7803612880645144,-3.9231411216129204,1.40625,1
6609,cell,,55,91,-0.7803612880645144,-3.9231411216129204,1.421875,0
6610,cell,,55,92,-0.7803612880645144,-3.9231411216129204,1.4375,0
6611,cell,,55,93,-0.7803612880645144,-3.9231411216129204,1.453125,1
6612,cell,,55,94,-0.7803612880645144,-3.9231411216129204,1.46875,0
6613,cell,,55,95,-0.7803612880645144,-3.9231411216129204,1.484375,0
6614,cell,,55,96,-0.7803612880645144,-3.9231411216129204,1.5,1
6615,cell,,55,97,-0.7803612880645144,-3.9231411216129204,1.515625,0
6616,cell,,55,98,-0.7803612880645144,-3.9231411216129204,1.53125,1
6617,cell,,55,99,-0.7803612880645144,-3.9231411216129204,1.546875,1
6618,cell,,55,100,-0.7803612880645144,-3.9231411216129204,1.5625,1
6619,cell,,55,101,-0.7803612880645144,-3.9231411216129204,1.578125,0
6620,cell,,55,102,-0.7803612880645144,-3.9231411216129204,1.59375,0
6621,cell,,55,103,-0.7803612880645144,-3.9231411216129204,1.609375,0
6622,cell,,55,104,-0.7803612880645144,-3.9231411216129204,1.625,1
6623,cell,,55,105,-0.7803612880645144,-3.9231411216129204,1.640625,0
6624,cell,,55,106,-0.7803612880645144,-3.9231411216129204,1.65625,1
6625,cell,,55,107,-0.7803612880645144,-3.9231411216129204,1.671875,0
6626,cell,,55,108,-0.7803612880645144,-3.9231411216129204,1.6875,0
6627,cell,,55,109,-0.7803612880645144,-3.9231411216129204,1.703125,0
6628,cell,,55,110,-0.7803612880645144,-3.9231411216129204,1.71875,1
6629,cell,,55,111,-0.7803612880645144,-3.9231411216129204,1.734375,0
6630,cell,,55,112,-0.7803612880645144,-3.9231411216129204,1.75,0
6631,cell,,55,113,-0.7803612880645144,-3.9231411216129204,1.765625,0
6632,cell,,55,114,-0.7803612880645144,-3.9231411216129204,1.78125,0
6633,cell,,55,115,-0.7803612880645144,-3.9231411216129204,1.796875,1
6634,cell,,55,116,-0.7803612880645144,-3.9231411216129204,1.8125,0
6635,cell,,55,117,-0.7803612880645144,-3.9231411216129204,1.828125,0
6636,cell,,56,0,-7.347880794884117e-16,-3.999999999999999,0.0,0
6637,cell,,56,1,-7.347880794884117e-16,-3.999999999999999,0.015625,0
6638,cell,,56,2,-7.347880794884117e-16,-3.999999999999999,0.03125,1
6639,cell,,56,3,-7.347880794884117e-16,-3.999999999999999,0.046875,0
6640,cell,,56,4,-7.347880794884117e-16,-3.999999999999999,0.0625,0
6641,cell,,56,5,-7.347880794884117e-16,-3.999999999999999,0.078125,0
6642,cell,,56,6,-7.347880794884117e-16,-3.999999999999999,0.09375,0
6643,cell,,56,7,-7.347880794884117e-16,-3.999999999999999,0.109375,0
6644,cell,,56,8,-7.347880794884117e-16,-3.999999999999999,0.125,0
6645,cell,,56,9,-7.347880794884117e-16,-3.999999999999999,0.140625,0
6646,cell,,56,10,-7.347880794884117e-16,-3.999999999999999,0.15625,0
6647,cell,,56,11,-7.347880794884117e-16,-3.999999999999999,0.171875,0
6648,cell,,56,12,-7.347880794884117e-16,-3.999999999999999,0.1875,0
6649,cell,,56,13,-7.347880794884117e-16,-3.999999999999999,0.203125,0
6650,cell,,56,14,-7.347880794884117e-16,-3.999999999999999,0.21875,0
6651,cell,,56,15,-7.347880794884117e-16,-3.999999999999999,0.234375,0
6652,cell,,56,16,-7.347880794884117e-16,-3.999999999999999,0.25,0
6653,cell,,56,17,-7.347880794884117e-16,-3.999999999999999,0.265625,0
6654,cell,,56,18,-7.347880794884117e-16,-3.999999999999999,0.28125,0
6655,cell,,56,19,-7.347880794884117e-16,-3.999999999999999,0.296875,0
6656,cell,,56,20,-7.347880794884117e-16,-3.999999999999999,0.3125,0
6657,cell,,56,21,-7.347880794884117e-16,-3.999999999999999,0.328125,0
6658,cell,,56,22,-7.347880794884117e-16,-3.999999999999999,0.34375,0
6659,cell,,56,23,-7.347880794884117e-16,-3.999999999999999,0.359375,0
6660,cell,,56,24,-7.347880794884117e-16,-3.999999999999999,0.375,0
6661,cell,,56,25,-7.347880794884117e-16,-3.999999999999999,0.390625,0
6662,cell,,56,26,-7.347880794884117e-16,-3.999999999999999,0.40625,0
6663,cell,,56,27,-7.347880794884117e-16,-3.999999999999999,0.421875,0
6664,cell,,56,28,-7.347880794884117e-16,-3.999999999999999,0.4375,0
6665,cell,,56,29,-7.347880794884117e-16,-3.999999999999999,0.453125,0
6666,cell,,56,30,-7.347880794884117e-16,-3.999999999999999,0.46875,0
6667,cell,,56,31,-7.347880794884117e-16,-3.999999999999999,0.484375,0
6668,cell,,56,32,-7.347880794884117e-16,-3.999999999999999,0.5,0
6669,cell,,56,33,-7.347880794884117e-16,-3.999999999999999,0.515625,1
6670,cell,,56,34,-7.347880794884117e-16,-3.999999999999999,0.53125,0
6671,cell,,56,35,-7.347880794884117e-16,-3.999999999999999,0.546875,0
6672,cell,,56,36,-7.347880794884117e-16,-3.999999999999999,0.5625,0
6673,cell,,56,37,-7.347880794884117e-16,-3.999999999999999,0.578125,0
6674,cell,,56,38,-7.347880794884117e-16,-3.999999999999999,0.59375,0
6675,cell,,56,39,-7.347880794884117e-16,-3.999999999999999,0.609375,0
6676,cell,,56,40,-7.347880794884117e-16,-3.999999999999999,0.625,0
6677,cell,,56,41,-7.347880794884117e-16,-3.999999999999999,0.640625,0
6678,cell,,56,42,-7.347880794884117e-16,-3.999999999999999,0.65625,0
6679,cell,,56,43,-7.347880794884117e-16,-3.999999999999999,0.671875,0
6680,cell,,56,44,-7.347880794884117e-16,-3.999999999999999,0.6875,0
6681,cell,,56,45,-7.347880794884117e-16,-3.999999999999999,0.703125,0
6682,cell,,56,46,-7.347880794884117e-16,-3.999999999999999,0.71875,0
6683,cell,,56,47,-7.347880794884117e-16,-3.999999999999999,0.734375,0
6684,cell,,56,48,-7.347880794884117e-16,-3.999999999999999,0.75,0
6685,cell,,56,49,-7.347880794884117e-16,-3.999999999999999,0.765625,0
6686,cell,,56,50,-7.347880794884117e-16,-3.999999999999999,0.78125,0
6687,cell,,56,51,-7.347880794884117e-16,-3.999999999999999,0.796875,0
6688,cell,,56,52,-7.347880794884117e-16,-3.999999999999999,0.8125,0
6689,cell,,56,53,-7.347880794884117e-16,-3.999999999999999,0.828125,0
6690,cell,,56,54,-7.347880794884117e-16,-3.999999999999999,0.84375,0
6691,cell,,56,55,-7.347880794884117e-16,-3.999999999999999,0.859375,0
6692,cell,,56,56,-7.347880794884117e-16,-3.999999999999999,0.875,0
6693,cell,,56,57,-7.347880794884117e-16,-3.999999999999999,0.890625,0
6694,cell,,56,58,-7.347880794884117e-16,-3.999999999999999,0.90625,0
6695,cell,,56,59,-7.347880794884117e-16,-3.999999999999999,0.921875,0
6696,cell,,56,60,-7.347880794884117e-16,-3.999999999999999,0.9375,0
6697,cell,,56,61,-7.347880794884117e-16,-3.999999999999999,0.953125,0
6698,cell,,56,62,-7.347880794884117e-16,-3.999999999999999,0.96875,0
6699,cell,,56,63,-7.347880794884117e-16,-3.999999999999999,0.984375,0
6700,cell,,56,64,-7.347880794884117e-16,-3.999999999999999,1.0,1
6701,cell,,56,65,-7.347880794884117e-16,-3.999999999999999,1.015625,0
6702,cell,,56,66,-7.347880794884117e-16,-3.999999999999999,1.03125,0
6703,cell,,56,67,-7.347880794884117e-16,-3.999999999999999,1.046875,0
6704,cell,,56,68,-7.347880794884117e-16,-3.999999999999999,1.0625,1
6705,cell,,56,69,-7.347880794884117e-16,-3.999999999999999,1.078125,1
6706,cell,,56,70,-7.347880794884117e-16,-3.999999999999999,1.09375,1
6707,cell,,56,71,-7.347880794884117e-16,-3.999999999999999,1.109375,0
6708,cell,,56,72,-7.347880794884117e-16,-3.999999999999999,1.125,0
6709,cell,,56,73,-7.347880794884117e-16,-3.999999999999999,1.140625,1
6710,cell,,56,74,-7.347880794884117e-16,-3.999999999999999,1.15625,0
6711,cell,,56,75,-7.347880794884117e-16,-3.999999999999999,1.171875,0
6712,cell,,56,76,-7.347880794884117e-16,-3.999999999999999,1.1875,0
6713,cell,,56,77,-7.347880794884117e-16,-3.999999999999999,1.203125,0
6714,cell,,56,78,-7.347880794884117e-16,-3.999999999999999,1.21875,0
6715,cell,,56,79,-7.347880794884117e-16,-3.999999999999999,1.234375,1
6716,cell,,56,80,-7.347880794884117e-16,-3.999999999999999,1.25,0
6717,cell,,56,81,-7.347880794884117e-16,-3.999999999999999,1.265625,0
6718,cell,,56,82,-7.347880794884117e-16,-3.999999999999999,1.28125,0
6719,cell,,56,83,-7.347880794884117e-16,-3.999999999999999,1.296875,0
6720,cell,,56,84,-7.347880794884117e-16,-3.999999999999999,1.3125,0
6721,cell,,56,85,-7.347880794884117e-16,-3.999999999999999,1.328125,1
6722,cell,,56,86,-7.347880794884117e-16,-3.999999999999999,1.34375,1
6723,cell,,56,87,-7.347880794884117e-16,-3.999999999999999,1.359375,0
6724,cell,,56,88,-7.347880794884117e-16,-3.999999999999999,1.375,0
6725,cell,,56,89,-7.347880794884117e-16,-3.999999999999999,1.390625,1
6726,cell,,56,90,-7.347880794884117e-16,-3.999999999999999,1.40625,1
6727,cell,,56,91,-7.347880794884117e-16,-3.999999999999999,1.421875,0
6728,cell,,56,92,-7.347880794884117e-16,-3.999999999999999,1.4375,1
6729,cell,,56,93,-7.347880794884117e-16,-3.999999999999999,1.453125,1
6730,cell,,56,94,-7.347880794884117e-16,-3.999999999999999,1.46875,0
6731,cell,,56,95,-7.347880794884117e-16,-3.999999999999999,1.484375,0
6732,cell,,56,96,-7.347880794884117e-16,-3.999999999999999,1.5,1
6733,cell,,56,97,-7.347880794884117e-16,-3.999999999999999,1.515625,0
6734,cell,,56,98,-7.347880794884117e-16,-3.999999999999999,1.53125,0
6735,cell,,56,99,-7.347880794884117e-16,-3.999999999999999,1.546875,1
6736,cell,,56,100,-7.347880794884117e-16,-3.999999999999999,1.5625,1
6737,cell,,56,101,-7.347880794884117e-16,-3.999999999999999,1.578125,1
6738,cell,,56,102,-7.347880794884117e-16,-3.999999999999999,1.59375,1
6739,cell,,56,103,-7.347880794884117e-16,-3.999999999999999,1.609375,1
6740,cell,,56,104,-7.347880794884117e-16,-3.999999999999999,1.625,1
6741,cell,,56,105,-7.347880794884117e-16,-3.999999999999999,1.640625,1
6742,cell,,56,106,-7.347880794884117e-16,-3.999999999999999,1.65625,0
6743,cell,,56,107,-7.347880794884117e-16,-3.999999999999999,1.671875,1
6744,cell,,56,108,-7.347880794884117e-16,-3.999999999999999,1.6875,1
6745,cell,,56,109,-7.347880794884117e-16,-3.999999999999999,1.703125,1
6746,cell,,56,110,-7.347880794884117e-16,-3.999999999999999,1.71875,1
6747,cell,,56,111,-7.347880794884117e-16,-3.999999999999999,1.734375,1
6748,cell,,56,112,-7.347880794884117e-16,-3.999999999999999,1.75,1
6749,cell,,56,113,-7.347880794884117e-16,-3.999999999999999,1.765625,1
6750,cell,,56,114,-7.347880794884117e-16,-3.999999999999999,1.78125,0
6751,cell,,56,115,-7.347880794884117e-16,-3.999999999999999,1.796875,0
6752,cell,,56,116,-7.347880794884117e-16,-3.999999999999999,1.8125,0
6753,cell,,56,117,-7.347880794884117e-16,-3.999999999999999,1.828125,0
6754,cell,,57,0,0.780361288064513,-3.923141121612921,0.0,0
6755,cell,,57,1,0.780361288064513,-3.923141121612921,0.015625,0
6756,cell,,57,2,0.780361288064513,-3.923141121612921,0.03125,0
6757,cell,,57,3,0.780361288064513,-3.923141121612921,0.046875,1
6758,cell,,57,4,0.780361288064513,-3.923141121612921,0.0625,0
6759,cell,,57,5,0.780361288064513,-3.923141121612921,0.078125,0
6760,cell,,57,6,0.780361288064513,-3.923141121612921,0.09375,0
6761,cell,,57,7,0.780361288064513,-3.923141121612921,0.109375,0
6762,cell,,57,8,0.780361288064513,-3.923141121612921,0.125,0
6763,cell,,57,9,0.780361288064513,-3.923141121612921,0.140625,0
6764,cell,,57,10,0.780361288064513,-3.923141121612921,0.15625,0
6765,cell,,57,11,0.780361288064513,-3.923141121612921,0.171875,0
6766,cell,,57,12,0.780361288064513,-3.923141121612921,0.1875,0
6767,cell,,57,13,0.780361288064513,-3.923141121612921,0.203125,0
6768,cell,,57,14,0.780361288064513,-3.923141121612921,0.21875,0
6769,cell,,57,15,0.780361288064513,-3.923141121612921,0.234375,0
6770,cell,,57,16,0.780361288064513,-3.923141121612921,0.25,0
6771,cell,,57,17,0.780361288064513,-3.923141121612921,0.265625,0
6772,cell,,57,18,0.780361288064513,-3.923141121612921,0.28125,0
6773,cell,,57,19,0.780361288064513,-3.923141121612921,0.296875,0
6774,cell,,57,20,0.780361288064513,-3.923141121612921,0.3125,0
6775,cell,,57,21,0.780361288064513,-3.923141121612921,0.328125,0
6776,cell,,57,22,0.780361288064513,-3.923141121612921,0.34375,0
6777,cell,,57,23,0.780361288064513,-3.923141121612921,0.359375,0
6778,cell,,57,24,0.780361288064513,-3.923141121612921,0.375,0
6779,cell,,57,25,0.780361288064513,-3.923141121612921,0.390625,0
6780,cell,,57,26,0.780361288064513,-3.923141121612921,0.40625,0
6781,cell,,57,27,0.780361288064513,-3.923141121612921,0.421875,0
6782,cell,,57,28,0.780361288064513,-3.923141121612921,0.4375,0
6783,cell,,57,29,0.780361288064513,-3.923141121612921,0.453125,0
6784,cell,,57,30,0.780361288064513,-3.923141121612921,0.46875,0
6785,cell,,57,31,0.780361288064513,-3.923141121612921,0.484375,0
6786,cell,,57,32,0.780361288064513,-3.923141121612921,0.5,1
6787,cell,,57,33,0.780361288064513,-3.923141121612921,0.515625,1
6788,cell,,57,34,0.780361288064513,-3.923141121612921,0.53125,1
6789,cell,,57,35,0.780361288064513,-3.923141121612921,0.546875,0
6790,cell,,57,36,0.780361288064513,-3.923141121612921,0.5625,0
6791,cell,,57,37,0.780361288064513,-3.923141121612921,0.578125,0
6792,cell,,57,38,0.780361288064513,-3.923141121612921,0.59375,0
6793,cell,,57,39,0.780361288064513,-3.923141121612921,0.609375,0
6794,cell,,57,40,0.780361288064513,-3.923141121612921,0.625,0
6795,cell,,57,41,0.780361288064513,-3.923141121612921,0.640625,0
6796,cell,,57,42,0.780361288064513,-3.923141121612921,0.65625,0
6797,cell,,57,43,0.780361288064513,-3.923141121612921,0.671875,0
6798,cell,,57,44,0.780361288064513,-3.923141121612921,0.6875,0
6799,cell,,57,45,0.780361288064513,-3.923141121612921,0.703125,0
6800,cell,,57,46,0.780361288064513,-3.923141121612921,0.71875,0
6801,cell,,57,47,0.780361288064513,-3.923141121612921,0.734375,0
6802,cell,,57,48,0.780361288064513,-3.923141121612921,0.75,0
6803,cell,,57,49,0.780361288064513,-3.923141121612921,0.765625,0
6804,cell,,57,50,0.780361288064513,-3.923141121612921,0.78125,0
6805,cell,,57,51,0.780361288064513,-3.923141121612921,0.796875,0
6806,cell,,57,52,0.780361288064513,-3.923141121612921,0.8125,0
6807,cell,,57,53,0.780361288064513,-3.923141121612921,0.828125,0
6808,cell,,57,54,0.780361288064513,-3.923141121612921,0.84375,0
6809,cell,,57,55,0.780361288064513,-3.923141121612921,0.859375,0
6810,cell,,57,56,0.780361288064513,-3.923141121612921,0.875,0
6811,cell,,57,57,0.780361288064513,-3.923141121612921,0.890625,0
6812,cell,,57,58,0.780361288064513,-3.923141121612921,0.90625,0
6813,cell,,57,59,0.780361288064513,-3.923141121612921,0.921875,0
6814,cell,,57,60,0.780361288064513,-3.923141121612921,0.9375,0
6815,cell,,57,61,0.780361288064513,-3.923141121612921,0.953125,0
6816,cell,,57,62,0.780361288064513,-3.923141121612921,0.96875,0
6817,cell,,57,63,0.780361288064513,-3.923141121612921,0.984375,0
6818,cell,,57,64,0.780361288064513,-3.923141121612921,1.0,1
6819,cell,,57,65,0.780361288064513,-3.923141121612921,1.015625,0
6820,cell,,57,66,0.780361288064513,-3.923141121612921,1.03125,1
6821,cell,,57,67,0.780361288064513,-3.923141121612921,1.046875,1
6822,cell,,57,68,0.780361288064513,-3.923141121612921,1.0625,1
6823,cell,,57,69,0.780361288064513,-3.923141121612921,1.078125,1
6824,cell,,57,70,0.780361288064513,-3.923141121612921,1.09375,1
6825,cell,,57,71,0.780361288064513,-3.923141121612921,1.109375,1
6826,cell,,57,72,0.780361288064513,-3.923141121612921,1.125,0
6827,cell,,57,73,0.780361288064513,-3.923141121612921,1.140625,0
6828,cell,,57,74,0.780361288064513,-3.923141121612921,1.15625,1
6829,cell,,57,75,0.780361288064513,-3.923141121612921,1.171875,1
6830,cell,,57,76,0.780361288064513,-3.923141121612921,1.1875,0
6831,cell,,57,77,0.780361288064513,-3.923141121612921,1.203125,1
6832,cell,,57,78,0.780361288064513,-3.923141121612921,1.21875,1
6833,cell,,57,79,0.780361288064513,-3.923141121612921,1.234375,0
6834,cell,,57,80,0.780361288064513,-3.923141121612921,1.25,0
6835,cell,,57,81,0.780361288064513,-3.923141121612921,1.265625,1
6836,cell,,57,82,0.780361288064513,-3.923141121612921,1.28125,0
6837,cell,,57,83,0.780361288064513,-3.923141121612921,1.296875,1
6838,cell,,57,84,0.780361288064513,-3.923141121612921,1.3125,0
6839,cell,,57,85,0.780361288064513,-3.923141121612921,1.328125,1
6840,cell,,57,86,0.780361288064513,-3.923141121612921,1.34375,0
6841,cell,,57,87,0.780361288064513,-3.923141121612921,1.359375,1
6842,cell,,57,88,0.780361288064513,-3.923141121612921,1.375,1
6843,cell,,57,89,0.780361288064513,-3.923141121612921,1.390625,0
6844,cell,,57,90,0.780361288064513,-3.923141121612921,1.40625,0
6845,cell,,57,91,0.780361288064513,-3.923141121612921,1.421875,1
6846,cell,,57,92,0.780361288064513,-3.923141121612921,1.4375,0
6847,cell,,57,93,0.780361288064513,-3.923141121612921,1.453125,1
6848,cell,,57,94,0.780361288064513,-3.923141121612921,1.46875,0
6849,cell,,57,95,0.780361288064513,-3.923141121612921,1.484375,0
6850,cell,,57,96,0.780361288064513,-3.923141121612921,1.5,1
6851,cell,,57,97,0.780361288064513,-3.923141121612921,1.515625,0
6852,cell,,57,98,0.780361288064513,-3.923141121612921,1.53125,0
6853,cell,,57,99,0.780361288064513,-3.923141121612921,1.546875,0
6854,cell,,57,100,0.780361288064513,-3.923141121612921,1.5625,1
6855,cell,,57,101,0.780361288064513,-3.923141121612921,1.578125,0
6856,cell,,57,102,0.780361288064513,-3.923141121612921,1.59375,1
6857,cell,,57,103,0.780361288064513,-3.923141121612921,1.609375,0
6858,cell,,57,104,0.780361288064513,-3.923141121612921,1.625,1
6859,cell,,57,105,0.780361288064513,-3.923141121612921,1.640625,1
6860,cell,,57,106,0.780361288064513,-3.923141121612921,1.65625,0
6861,cell,,57,107,0.780361288064513,-3.923141121612921,1.671875,1
6862,cell,,57,108,0.780361288064513,-3.923141121612921,1.6875,0
6863,cell,,57,109,0.780361288064513,-3.923141121612921,1.703125,1
6864,cell,,57,110,0.780361288064513,-3.923141121612921,1.71875,1
6865,cell,,57,111,0.780361288064513,-3.923141121612921,1.734375,0
6866,cell,,57,112,0.780361288064513,-3.923141121612921,1.75,0
6867,cell,,57,113,0.780361288064513,-3.923141121612921,1.765625,0
6868,cell,,57,114,0.780361288064513,-3.923141121612921,1.78125,0
6869,cell,,57,115,0.780361288064513,-3.923141121612921,1.796875,1
6870,cell,,57,116,0.780361288064513,-3.923141121612921,1.8125,0
6871,cell,,57,117,0.780361288064513,-3.923141121612921,1.828125,0
6872,cell,,58,0,1.5307337294603596,-3.6955181300451456,0.0,0
6873,cell,,58,1,1.5307337294603596,-3.6955181300451456,0.015625,0
6874,cell,,58,2,1.5307337294603596,-3.6955181300451456,0.03125,0
6875,cell,,58,3,1.5307337294603596,-3.6955181300451456,0.046875,0
6876,cell,,58,4,1.5307337294603596,-3.6955181300451456,0.0625,1
6877,cell,,58,5,1.5307337294603596,-3.6955181300451456,0.078125,0
6878,cell,,58,6,1.5307337294603596,-3.6955181300451456,0.09375,0
6879,cell,,58,7,1.5307337294603596,-3.6955181300451456,0.109375,0
6880,cell,,58,8,1.5307337294603596,-3.6955181300451456,0.125,0
6881,cell,,58,9,1.5307337294603596,-3.6955181300451456,0.140625,0
6882,cell,,58,10,1.5307337294603596,-3.6955181300451456,0.15625,0
6883,cell,,58,11,1.5307337294603596,-3.6955181300451456,0.171875,0
6884,cell,,58,12,1.5307337294603596,-3.6955181300451456,0.1875,0
6885,cell,,58,13,1.5307337294603596,-3.6955181300451456,0.203125,0
6886,cell,,58,14,1.5307337294603596,-3.6955181300451456,0.21875,0
6887,cell,,58,15,1.5307337294603596,-3.6955181300451456,0.234375,0
6888,cell,,58,16,1.5307337294603596,-3.6955181300451456,0.25,0
6889,cell,,58,17,1.5307337294603596,-3.6955181300451456,0.265625,0
6890,cell,,58,18,1.5307337294603596,-3.6955181300451456,0.28125,0
6891,cell,,58,19,1.5307337294603596,-3.6955181300451456,0.296875,0
6892,cell,,58,20,1.5307337294603596,-3.6955181300451456,0.3125,0
6893,cell,,58,21,1.5307337294603596,-3.6955181300451456,0.328125,0
6894,cell,,58,22,1.5307337294603596,-3.6955181300451456,0.34375,0
6895,cell,,58,23,1.5307337294603596,-3.6955181300451456,0.359375,0
6896,cell,,58,24,1.5307337294603596,-3.6955181300451456,0.375,0
6897,cell,,58,25,1.5307337294603596,-3.6955181300451456,0.390625,0
6898,cell,,58,26,1.5307337294603596,-3.6955181300451456,0.40625,0
6899,cell,,58,27,1.5307337294603596,-3.6955181300451456,0.421875,0
6900,cell,,58,28,1.5307337294603596,-3.6955181300451456,0.4375,0
6901,cell,,58,29,1.5307337294603596,-3.6955181300451456,0.453125,0
6902,cell,,58,30,1.5307337294603596,-3.6955181300451456,0.46875,0
6903,cell,,58,31,1.5307337294603596,-3.6955181300451456,0.484375,0
6904,cell,,58,32,1.5307337294603596,-3.6955181300451456,0.5,1
6905,cell,,58,33,1.5307337294603596,-3.6955181300451456,0.515625,1
6906,cell,,58,34,1.5307337294603596,-3.6955181300451456,0.53125,0
6907,cell,,58,35,1.5307337294603596,-3.6955181300451456,0.546875,1
6908,cell,,58,36,1.5307337294603596,-3.6955181300451456,0.5625,0
6909,cell,,58,37,1.5307337294603596,-3.6955181300451456,0.578125,0
6910,cell,,58,38,1.5307337294603596,-3.6955181300451456,0.59375,0
6911,cell,,58,39,1.5307337294603596,-3.6955181300451456,0.609375,0
6912,cell,,58,40,1.5307337294603596,-3.6955181300451456,0.625,0
6913,cell,,58,41,1.5307337294603596,-3.6955181300451456,0.640625,0
6914,cell,,58,42,1.5307337294603596,-3.6955181300451456,0.65625,0
6915,cell,,58,43,1.5307337294603596,-3.6955181300451456,0.671875,0
6916,cell,,58,44,1.5307337294603596,-3.6955181300451456,0.6875,0
6917,cell,,58,45,1.5307337294603596,-3.6955181300451456,0.703125,0
6918,cell,,58,46,1.5307337294603596,-3.6955181300451456,0.71875,0
6919,cell,,58,47,1.5307337294603596,-3.6955181300451456,0.734375,0
6920,cell,,58,48,1.5307337294603596,-3.6955181300451456,0.75,0
6921,cell,,58,49,1.5307337294603596,-3.6955181300451456,0.765625,0
6922,cell,,58,50,1.5307337294603596,-3.6955181300451456,0.78125,0
6923,cell,,58,51,1.5307337294603596,-3.6955181300451456,0.796875,0
6924,cell,,58,52,1.5307337294603596,-3.6955181300451456,0.8125,0
6925,cell,,58,53,1.5307337294603596,-3.6955181300451456,0.828125,0
6926,cell,,58,54,1.5307337294603596,-3.6955181300451456,0.84375,0
6927,cell,,58,55,1.5307337294603596,-3.6955181300451456,0.859375,0
6928,cell,,58,56,1.5307337294603596,-3.6955181300451456,0.875,0
6929,cell,,58,57,1.5307337294603596,-3.6955181300451456,0.890625,0
6930,cell,,58,58,1.5307337294603596,-3.6955181300451456,0.90625,0
6931,cell,,58,59,1.5307337294603596,-3.6955181300451456,0.921875,0
6932,cell,,58,60,1.5307337294603596,-3.6955181300451456,0.9375,0
6933,cell,,58,61,1.5307337294603596,-3.6955181300451456,0.953125,0
6934,cell,,58,62,1.5307337294603596,-3.6955181300451456,0.96875,0
6935,cell,,58,63,1.5307337294603596,-3.6955181300451456,0.984375,0
6936,cell,,58,64,1.5307337294603596,-3.6955181300451456,1.0,1
6937,cell,,58,65,1.5307337294603596,-3.6955181300451456,1.015625,0
6938,cell,,58,66,1.5307337294603596,-3.6955181300451456,1.03125,1
6939,cell,,58,67,1.5307337294603596,-3.6955181300451456,1.046875,1
6940,cell,,58,68,1.5307337294603596,-3.6955181300451456,1.0625,1
6941,cell,,58,69,1.5307337294603596,-3.6955181300451456,1.078125,1
6942,cell,,58,70,1.5307337294603596,-3.6955181300451456,1.09375,0
6943,cell,,58,71,1.5307337294603596,-3.6955181300451456,1.109375,1
6944,cell,,58,72,1.5307337294603596,-3.6955181300451456,1.125,1
6945,cell,,58,73,1.5307337294603596,-3.6955181300451456,1.140625,0
6946,cell,,58,74,1.5307337294603596,-3.6955181300451456,1.15625,0
6947,cell,,58,75,1.5307337294603596,-3.6955181300451456,1.171875,1
6948,cell,,58,76,1.5307337294603596,-3.6955181300451456,1.1875,1
6949,cell,,58,77,1.5307337294603596,-3.6955181300451456,1.203125,1
6950,cell,,58,78,1.5307337294603596,-3.6955181300451456,1.21875,1
6951,cell,,58,79,1.5307337294603596,-3.6955181300451456,1.234375,0
6952,cell,,58,80,1.5307337294603596,-3.6955181300451456,1.25,0
6953,cell,,58,81,1.5307337294603596,-3.6955181300451456,1.265625,0
6954,cell,,58,82,1.5307337294603596,-3.6955181300451456,1.28125,1
6955,cell,,58,83,1.5307337294603596,-3.6955181300451456,1.296875,1
6956,cell,,58,84,1.5307337294603596,-3.6955181300451456,1.3125,0
6957,cell,,58,85,1.5307337294603596,-3.6955181300451456,1.328125,0
6958,cell,,58,86,1.5307337294603596,-3.6955181300451456,1.34375,0
6959,cell,,58,87,1.5307337294603596,-3.6955181300451456,1.359375,0
6960,cell,,58,88,1.5307337294603596,-3.6955181300451456,1.375,0
6961,cell,,58,89,1.5307337294603596,-3.6955181300451456,1.390625,0
6962,cell,,58,90,1.5307337294603596,-3.6955181300451456,1.40625,0
6963,cell,,58,91,1.5307337294603596,-3.6955181300451456,1.421875,0
6964,cell,,58,92,1.5307337294603596,-3.6955181300451456,1.4375,1
6965,cell,,58,93,1.5307337294603596,-3.6955181300451456,1.453125,1
6966,cell,,58,94,1.5307337294603596,-3.6955181300451456,1.46875,0
6967,cell,,58,95,1.5307337294603596,-3.6955181300451456,1.484375,0
6968,cell,,58,96,1.5307337294603596,-3.6955181300451456,1.5,1
6969,cell,,58,97,1.5307337294603596,-3.6955181300451456,1.515625,0
6970,cell,,58,98,1.5307337294603596,-3.6955181300451456,1.53125,1
6971,cell,,58,99,1.5307337294603596,-3.6955181300451456,1.546875,1
6972,cell,,58,100,1.5307337294603596,-3.6955181300451456,1.5625,1
6973,cell,,58,101,1.5307337294603596,-3.6955181300451456,1.578125,0
6974,cell,,58,102,1.5307337294603596,-3.6955181300451456,1.59375,1
6975,cell,,58,103,1.5307337294603596,-3.6955181300451456,1.609375,1
6976,cell,,58,104,1.5307337294603596,-3.6955181300451456,1.625,0
6977,cell,,58,105,1.5307337294603596,-3.6955181300451456,1.640625,0
6978,cell,,58,106,1.5307337294603596,-3.6955181300451456,1.65625,0
6979,cell,,58,107,1.5307337294603596,-3.6955181300451456,1.671875,0
6980,cell,,58,108,1.5307337294603596,-3.6955181300451456,1.6875,0
6981,cell,,58,109,1.5307337294603596,-3.6955181300451456,1.703125,0
6982,cell,,58,110,1.5307337294603596,-3.6955181300451456,1.71875,1
6983,cell,,58,111,1.5307337294603596,-3.6955181300451456,1.734375,0
6984,cell,,58,112,1.5307337294603596,-3.6955181300451456,1.75,1
6985,cell,,58,113,1.5307337294603596,-3.6955181300451456,1.765625,1
6986,cell,,58,114,1.5307337294603596,-3.6955181300451456,1.78125,0
6987,cell,,58,115,1.5307337294603596,-3.6955181300451456,1.796875,0
6988,cell,,58,116,1.5307337294603596,-3.6955181300451456,1.8125,0
6989,cell,,58,117,1.5307337294603596,-3.6955181300451456,1.828125,0
6990,cell,,59,0,2.222280932078407,-3.325878449210181,0.0,0
6991,cell,,59,1,2.222280932078407,-3.325878449210181,0.015625,1
6992,cell,,59,2,2.222280932078407,-3.325878449210181,0.03125,1
6993,cell,,59,3,2.222280932078407,-3.325878449210181,0.046875,0
6994,cell,,59,4,2.222280932078407,-3.325878449210181,0.0625,1
6995,cell,,59,5,2.222280932078407,-3.325878449210181,0.078125,0
6996,cell,,59,6,2.222280932078407,-3.325878449210181,0.09375,0
6997,cell,,59,7,2.222280932078407,-3.325878449210181,0.109375,0
6998,cell,,59,8,2.222280932078407,-3.325878449210181,0.125,0
6999,cell,,59,9,2.222280932078407,-3.325878449210181,0.140625,0
7000,cell,,59,10,2.222280932078407,-3.325878449210181,0.15625,0
7001,cell,,59,11,2.222280932078407,-3.325878449210181,0.171875,0
7002,cell,,59,12,2.222280932078407,-3.325878449210181,0.1875,0
7003,cell,,59,13,2.222280932078407,-3.325878449210181,0.203125,0
7004,cell,,59,14,2.222280932078407,-3.325878449210181,0.21875,0
7005,cell,,59,15,2.222280932078407,-3.325878449210181,0.234375,0
7006,cell,,59,16,2.222280932078407,-3.325878449210181,0.25,0
7007,cell,,59,17,2.222280932078407,-3.325878449210181,0.265625,0
7008,cell,,59,18,2.222280932078407,-3.325878449210181,0.28125,0
7009,cell,,59,19,2.222280932078407,-3.325878449210181,0.296875,0
7010,cell,,59,20,2.222280932078407,-3.325878449210181,0.3125,0
7011,cell,,59,21,2.222280932078407,-3.325878449210181,0.328125,0
7012,cell,,59,22,2.222280932078407,-3.325878449210181,0.34375,0
7013,cell,,59,23,2.222280932078407,-3.325878449210181,0.359375,0
7014,cell,,59,24,2.222280932078407,-3.325878449210181,0.375,0
7015,cell,,59,25,2.222280932078407,-3.325878449210181,0.390625,0
7016,cell,,59,26,2.222280932078407,-3.325878449210181,0.40625,0
7017,cell,,59,27,2.222280932078407,-3.325878449210181,0.421875,0
7018,cell,,59,28,2.222280932078407,-3.325878449210181,0.4375,0
7019,cell,,59,29,2.222280932078407,-3.325878449210181,0.453125,0
7020,cell,,59,30,2.222280932078407,-3.325878449210181,0.46875,0
7021,cell,,59,31,2.222280932078407,-3.325878449210181,0.484375,0
7022,cell,,59,32,2.222280932078407,-3.325878449210181,0.5,0
7023,cell,,59,33,2.222280932078407,-3.325878449210181,0.515625,1
7024,cell,,59,34,2.222280932078407,-3.325878449210181,0.53125,1
7025,cell,,59,35,2.222280932078407,-3.325878449210181,0.546875,0
7026,cell,,59,36,2.222280932078407,-3.325878449210181,0.5625,1
7027,cell,,59,37,2.222280932078407,-3.325878449210181,0.578125,0
7028,cell,,59,38,2.222280932078407,-3.325878449210181,0.59375,0
7029,cell,,59,39,2.222280932078407,-3.325878449210181,0.609375,0
7030,cell,,59,40,2.222280932078407,-3.325878449210181,0.625,0
7031,cell,,59,41,2.222280932078407,-3.325878449210181,0.640625,0
7032,cell,,59,42,2.222280932078407,-3.325878449210181,0.65625,0
7033,cell,,59,43,2.222280932078407,-3.325878449210181,0.671875,0
7034,cell,,59,44,2.222280932078407,-3.325878449210181,0.6875,0
7035,cell,,59,45,2.222280932078407,-3.325878449210181,0.703125,0
7036,cell,,59,46,2.222280932078407,-3.325878449210181,0.71875,0
7037,cell,,59,47,2.222280932078407,-3.325878449210181,0.734375,0
7038,cell,,59,48,2.222280932078407,-3.325878449210181,0.75,0
7039,cell,,59,49,2.222280932078407,-3.325878449210181,0.765625,0
7040,cell,,59,50,2.222280932078407,-3.325878449210181,0.78125,0
7041,cell,,59,51,2.222280932078407,-3.325878449210181,0.796875,0
7042,cell,,59,52,2.222280932078407,-3.325878449210181,0.8125,0
7043,cell,,59,53,2.222280932078407,-3.325878449210181,0.828125,0
7044,cell,,59,54,2.222280932078407,-3.325878449210181,0.84375,0
7045,cell,,59,55,2.222280932078407,-3.325878449210181,0.859375,0
7046,cell,,59,56,2.222280932078407,-3.325878449210181,0.875,0
7047,cell,,59,57,2.222280932078407,-3.325878449210181,0.890625,0
7048,cell,,59,58,2.222280932078407,-3.325878449210181,0.90625,0
7049,cell,,59,59,2.222280932078407,-3.325878449210181,0.921875,0
7050,cell,,59,60,2.222280932078407,-3.325878449210181,0.9375,0
7051,cell,,59,61,2.222280932078407,-3.325878449210181,0.953125,0
7052,cell,,59,62,2.222280932078407,-3.325878449210181,0.96875,0
7053,cell,,59,63,2.222280932078407,-3.325878449210181,0.984375,0
7054,cell,,59,64,2.222280932078407,-3.325878449210181,1.0,0
7055,cell,,59,65,2.222280932078407,-3.325878449210181,1.015625,0
7056,cell,,59,66,2.222280932078407,-3.325878449210181,1.03125,0
7057,cell,,59,67,2.222280932078407,-3.325878449210181,1.046875,0
7058,cell,,59,68,2.222280932078407,-3.325878449210181,1.0625,0
7059,cell,,59,69,2.222280932078407,-3.325878449210181,1.078125,1
7060,cell,,59,70,2.222280932078407,-3.325878449210181,1.09375,0
7061,cell,,59,71,2.222280932078407,-3.325878449210181,1.109375,0
7062,cell,,59,72,2.222280932078407,-3.325878449210181,1.125,1
7063,cell,,59,73,2.222280932078407,-3.325878449210181,1.140625,1
7064,cell,,59,74,2.222280932078407,-3.325878449210181,1.15625,0
7065,cell,,59,75,2.222280932078407,-3.325878449210181,1.171875,1
7066,cell,,59,76,2.222280932078407,-3.325878449210181,1.1875,0
7067,cell,,59,77,2.222280932078407,-3.325878449210181,1.203125,1
7068,cell,,59,78,2.222280932078407,-3.325878449210181,1.21875,1
7069,cell,,59,79,2.222280932078407,-3.325878449210181,1.234375,0
7070,cell,,59,80,2.222280932078407,-3.325878449210181,1.25,0
7071,cell,,59,81,2.222280932078407,-3.325878449210181,1.265625,1
7072,cell,,59,82,2.222280932078407,-3.325878449210181,1.28125,1
7073,cell,,59,83,2.222280932078407,-3.325878449210181,1.296875,0
7074,cell,,59,84,2.222280932078407,-3.325878449210181,1.3125,0
7075,cell,,59,85,2.222280932078407,-3.325878449210181,1.328125,0
7076,cell,,59,86,2.222280932078407,-3.325878449210181,1.34375,1
7077,cell,,59,87,2.222280932078407,-3.325878449210181,1.359375,0
7078,cell,,59,88,2.222280932078407,-3.325878449210181,1.375,0
7079,cell,,59,89,2.222280932078407,-3.325878449210181,1.390625,0
7080,cell,,59,90,2.222280932078407,-3.325878449210181,1.40625,0
7081,cell,,59,91,2.222280932078407,-3.325878449210181,1.421875,1
7082,cell,,59,92,2.222280932078407,-3.325878449210181,1.4375,1
7083,cell,,59,93,2.222280932078407,-3.325878449210181,1.453125,0
7084,cell,,59,94,2.222280932078407,-3.325878449210181,1.46875,0
7085,cell,,59,95,2.222280932078407,-3.325878449210181,1.484375,0
7086,cell,,59,96,2.222280932078407,-3.325878449210181,1.5,1
7087,cell,,59,97,2.222280932078407,-3.325878449210181,1.515625,0
7088,cell,,59,98,2.222280932078407,-3.325878449210181,1.53125,1
7089,cell,,59,99,2.222280932078407,-3.325878449210181,1.546875,1
7090,cell,,59,100,2.222280932078407,-3.325878449210181,1.5625,0
7091,cell,,59,101,2.222280932078407,-3.325878449210181,1.578125,0
7092,cell,,59,102,2.222280932078407,-3.325878449210181,1.59375,0
7093,cell,,59,103,2.222280932078407,-3.325878449210181,1.609375,1
7094,cell,,59,104,2.222280932078407,-3.325878449210181,1.625,1
7095,cell,,59,105,2.222280932078407,-3.325878449210181,1.640625,1
7096,cell,,59,106,2.222280932078407,-3.325878449210181,1.65625,0
7097,cell,,59,107,2.222280932078407,-3.325878449210181,1.671875,1
7098,cell,,59,108,2.222280932078407,-3.325878449210181,1.6875,1
7099,cell,,59,109,2.222280932078407,-3.325878449210181,1.703125,0
7100,cell,,59,110,2.222280932078407,-3.325878449210181,1.71875,0
7101,cell,,59,111,2.222280932078407,-3.325878449210181,1.734375,1
7102,cell,,59,112,2.222280932078407,-3.325878449210181,1.75,1
7103,cell,,59,113,2.222280932078407,-3.325878449210181,1.765625,1
7104,cell,,59,114,2.222280932078407,-3.325878449210181,1.78125,0
7105,cell,,59,115,2.222280932078407,-3.325878449210181,1.796875,0
7106,cell,,59,116,2.222280932078407,-3.325878449210181,1.8125,0
7107,cell,,59,117,2.222280932078407,-3.325878449210181,1.828125,0
7108,cell,,60,0,2.828427124746189,-2.8284271247461903,0.0,1
7109,cell,,60,1,2.828427124746189,-2.8284271247461903,0.015625,0
7110,cell,,60,2,2.828427124746189,-2.8284271247461903,0.03125,0
7111,cell,,60,3,2.828427124746189,-2.8284271247461903,0.046875,1
7112,cell,,60,4,2.828427124746189,-2.8284271247461903,0.0625,0
7113,cell,,60,5,2.828427124746189,-2.8284271247461903,0.078125,1
7114,cell,,60,6,2.828427124746189,-2.8284271247461903,0.09375,0
7115,cell,,60,7,2.828427124746189,-2.8284271247461903,0.109375,0
7116,cell,,60,8,2.828427124746189,-2.8284271247461903,0.125,0
7117,cell,,60,9,2.828427124746189,-2.8284271247461903,0.140625,0
7118,cell,,60,10,2.828427124746189,-2.8284271247461903,0.15625,0
7119,cell,,60,11,2.828427124746189,-2.8284271247461903,0.171875,0
7120,cell,,60,12,2.828427124746189,-2.8284271247461903,0.1875,0
7121,cell,,60,13,2.828427124746189,-2.8284271247461903,0.203125,0
7122,cell,,60,14,2.828427124746189,-2.8284271247461903,0.21875,0
7123,cell,,60,15,2.828427124746189,-2.8284271247461903,0.234375,0
7124,cell,,60,16,2.828427124746189,-2.8284271247461903,0.25,0
7125,cell,,60,17,2.828427124746189,-2.8284271247461903,0.265625,0
7126,cell,,60,18,2.828427124746189,-2.8284271247461903,0.28125,0
7127,cell,,60,19,2.828427124746189,-2.8284271247461903,0.296875,0
7128,cell,,60,20,2.828427124746189,-2.8284271247461903,0.3125,0
7129,cell,,60,21,2.828427124746189,-2.8284271247461903,0.328125,0
7130,cell,,60,22,2.828427124746189,-2.8284271247461903,0.34375,0
7131,cell,,60,23,2.828427124746189,-2.8284271247461903,0.359375,0
7132,cell,,60,24,2.828427124746189,-2.8284271247461903,0.375,0
7133,cell,,60,25,2.828427124746189,-2.8284271247461903,0.390625,0
7134,cell,,60,26,2.828427124746189,-2.8284271247461903,0.40625,0
7135,cell,,60,27,2.828427124746189,-2.8284271247461903,0.421875,0
7136,cell,,60,28,2.828427124746189,-2.8284271247461903,0.4375,0
7137,cell,,60,29,2.828427124746189,-2.8284271247461903,0.453125,0
7138,cell,,60,30,2.828427124746189,-2.8284271247461903,0.46875,0
7139,cell,,60,31,2.828427124746189,-2.8284271247461903,0.484375,0
7140,cell,,60,32,2.828427124746189,-2.8284271247461903,0.5,1
7141,cell,,60,33,2.828427124746189,-2.8284271247461903,0.515625,0
7142,cell,,60,34,2.828427124746189,-2.8284271247461903,0.53125,0
7143,cell,,60,35,2.828427124746189,-2.8284271247461903,0.546875,1
7144,cell,,60,36,2.828427124746189,-2.8284271247461903,0.5625,0
7145,cell,,60,37,2.828427124746189,-2.8284271247461903,0.578125,1
7146,cell,,60,38,2.828427124746189,-2.8284271247461903,0.59375,0
7147,cell,,60,39,2.828427124746189,-2.8284271247461903,0.609375,0
7148,cell,,60,40,2.828427124746189,-2.8284271247461903,0.625,0
7149,cell,,60,41,2.828427124746189,-2.8284271247461903,0.640625,0
7150,cell,,60,42,2.828427124746189,-2.8284271247461903,0.65625,0
7151,cell,,60,43,2.828427124746189,-2.8284271247461903,0.671875,0
7152,cell,,60,44,2.828427124746189,-2.8284271247461903,0.6875,0
7153,cell,,60,45,2.828427124746189,-2.8284271247461903,0.703125,0
7154,cell,,60,46,2.828427124746189,-2.8284271247461903,0.71875,0
7155,cell,,60,47,2.828427124746189,-2.8284271247461903,0.734375,0
7156,cell,,60,48,2.828427124746189,-2.8284271247461903,0.75,0
7157,cell,,60,49,2.828427124746189,-2.8284271247461903,0.765625,0
7158,cell,,60,50,2.828427124746189,-2.8284271247461903,0.78125,0
7159,cell,,60,51,2.828427124746189,-2.8284271247461903,0.796875,0
7160,cell,,60,52,2.828427124746189,-2.8284271247461903,0.8125,0
7161,cell,,60,53,2.828427124746189,-2.8284271247461903,0.828125,0
7162,cell,,60,54,2.828427124746189,-2.8284271247461903,0.84375,0
7163,cell,,60,55,2.828427124746189,-2.8284271247461903,0.859375,0
7164,cell,,60,56,2.828427124746189,-2.8284271247461903,0.875,0
7165,cell,,60,57,2.828427124746189,-2.8284271247461903,0.890625,0
7166,cell,,60,58,2.828427124746189,-2.8284271247461903,0.90625,0
7167,cell,,60,59,2.828427124746189,-2.8284271247461903,0.921875,0
7168,cell,,60,60,2.828427124746189,-2.8284271247461903,0.9375,0
7169,cell,,60,61,2.828427124746189,-2.8284271247461903,0.953125,0
7170,cell,,60,62,2.828427124746189,-2.8284271247461903,0.96875,0
7171,cell,,60,63,2.828427124746189,-2.8284271247461903,0.984375,0
7172,cell,,60,64,2.828427124746189,-2.8284271247461903,1.0,0
7173,cell,,60,65,2.828427124746189,-2.8284271247461903,1.015625,1
7174,cell,,60,66,2.828427124746189,-2.8284271247461903,1.03125,1
7175,cell,,60,67,2.828427124746189,-2.8284271247461903,1.046875,0
7176,cell,,60,68,2.828427124746189,-2.8284271247461903,1.0625,1
7177,cell,,60,69,2.828427124746189,-2.8284271247461903,1.078125,0
7178,cell,,60,70,2.828427124746189,-2.8284271247461903,1.09375,1
7179,cell,,60,71,2.828427124746189,-2.8284271247461903,1.109375,0
7180,cell,,60,72,2.828427124746189,-2.8284271247461903,1.125,0
7181,cell,,60,73,2.828427124746189,-2.8284271247461903,1.140625,1
7182,cell,,60,74,2.828427124746189,-2.8284271247461903,1.15625,1
7183,cell,,60,75,2.828427124746189,-2.8284271247461903,1.171875,0
7184,cell,,60,76,2.828427124746189,-2.8284271247461903,1.1875,0
7185,cell,,60,77,2.828427124746189,-2.8284271247461903,1.203125,1
7186,cell,,60,78,2.828427124746189,-2.8284271247461903,1.21875,1
7187,cell,,60,79,2.828427124746189,-2.8284271247461903,1.234375,0
7188,cell,,60,80,2.828427124746189,-2.8284271247461903,1.25,0
7189,cell,,60,81,2.828427124746189,-2.8284271247461903,1.265625,1
7190,cell,,60,82,2.828427124746189,-2.8284271247461903,1.28125,0
7191,cell,,60,83,2.828427124746189,-2.8284271247461903,1.296875,0
7192,cell,,60,84,2.828427124746189,-2.8284271247461903,1.3125,0
7193,cell,,60,85,2.828427124746189,-2.8284271247461903,1.328125,1
7194,cell,,60,86,2.828427124746189,-2.8284271247461903,1.34375,0
7195,cell,,60,87,2.828427124746189,-2.8284271247461903,1.359375,0
7196,cell,,60,88,2.828427124746189,-2.8284271247461903,1.375,0
7197,cell,,60,89,2.828427124746189,-2.8284271247461903,1.390625,0
7198,cell,,60,90,2.828427124746189,-2.8284271247461903,1.40625,1
7199,cell,,60,91,2.828427124746189,-2.8284271247461903,1.421875,0
7200,cell,,60,92,2.828427124746189,-2.8284271247461903,1.4375,1
7201,cell,,60,93,2.828427124746189,-2.8284271247461903,1.453125,0
7202,cell,,60,94,2.828427124746189,-2.8284271247461903,1.46875,0
7203,cell,,60,95,2.828427124746189,-2.8284271247461903,1.484375,0
7204,cell,,60,96,2.828427124746189,-2.8284271247461903,1.5,1
7205,cell,,60,97,2.828427124746189,-2.8284271247461903,1.515625,0
7206,cell,,60,98,2.828427124746189,-2.8284271247461903,1.53125,1
7207,cell,,60,99,2.828427124746189,-2.8284271247461903,1.546875,0
7208,cell,,60,100,2.828427124746189,-2.8284271247461903,1.5625,0
7209,cell,,60,101,2.828427124746189,-2.8284271247461903,1.578125,0
7210,cell,,60,102,2.828427124746189,-2.8284271247461903,1.59375,0
7211,cell,,60,103,2.828427124746189,-2.8284271247461903,1.609375,0
7212,cell,,60,104,2.828427124746189,-2.8284271247461903,1.625,0
7213,cell,,60,105,2.828427124746189,-2.8284271247461903,1.640625,0
7214,cell,,60,106,2.828427124746189,-2.8284271247461903,1.65625,1
7215,cell,,60,107,2.828427124746189,-2.8284271247461903,1.671875,1
7216,cell,,60,108,2.828427124746189,-2.8284271247461903,1.6875,0
7217,cell,,60,109,2.828427124746189,-2.8284271247461903,1.703125,1
7218,cell,,60,110,2.828427124746189,-2.8284271247461903,1.71875,0
7219,cell,,60,111,2.828427124746189,-2.8284271247461903,1.734375,0
7220,cell,,60,112,2.828427124746189,-2.8284271247461903,1.75,1
7221,cell,,60,113,2.828427124746189,-2.8284271247461903,1.765625,0
7222,cell,,60,114,2.828427124746189,-2.8284271247461903,1.78125,0
7223,cell,,60,115,2.828427124746189,-2.8284271247461903,1.796875,1
7224,cell,,60,116,2.828427124746189,-2.8284271247461903,1.8125,0
7225,cell,,60,117,2.828427124746189,-2.8284271247461903,1.828125,0
7226,cell,,61,0,3.32587844921018,-2.2222809320784083,0.0,1
7227,cell,,61,1,3.32587844921018,-2.2222809320784083,0.015625,1
7228,cell,,61,2,3.32587844921018,-2.2222809320784083,0.03125,1
7229,cell,,61,3,3.32587844921018,-2.2222809320784083,0.046875,0
7230,cell,,61,4,3.32587844921018,-2.2222809320784083,0.0625,1
7231,cell,,61,5,3.32587844921018,-2.2222809320784083,0.078125,1
7232,cell,,61,6,3.32587844921018,-2.2222809320784083,0.09375,0
7233,cell,,61,7,3.32587844921018,-2.2222809320784083,0.109375,0
7234,cell,,61,8,3.32587844921018,-2.2222809320784083,0.125,0
7235,cell,,61,9,3.32587844921018,-2.2222809320784083,0.140625,0
7236,cell,,61,10,3.32587844921018,-2.2222809320784083,0.15625,0
7237,cell,,61,11,3.32587844921018,-2.2222809320784083,0.171875,0
7238,cell,,61,12,3.32587844921018,-2.2222809320784083,0.1875,0
7239,cell,,61,13,3.32587844921018,-2.2222809320784083,0.203125,0
7240,cell,,61,14,3.32587844921018,-2.2222809320784083,0.21875,0
7241,cell,,61,15,3.32587844921018,-2.2222809320784083,0.234375,0
7242,cell,,61,16,3.32587844921018,-2.2222809320784083,0.25,0
7243,cell,,61,17,3.32587844921018,-2.2222809320784083,0.265625,0
7244,cell,,61,18,3.32587844921018,-2.2222809320784083,0.28125,0
7245,cell,,61,19,3.32587844921018,-2.2222809320784083,0.296875,0
7246,cell,,61,20,3.32587844921018,-2.2222809320784083,0.3125,0
7247,cell,,61,21,3.32587844921018,-2.2222809320784083,0.328125,0
7248,cell,,61,22,3.32587844921018,-2.2222809320784083,0.34375,0
7249,cell,,61,23,3.32587844921018,-2.2222809320784083,0.359375,0
7250,cell,,61,24,3.32587844921018,-2.2222809320784083,0.375,0
7251,cell,,61,25,3.32587844921018,-2.2222809320784083,0.390625,0
7252,cell,,61,26,3.32587844921018,-2.2222809320784083,0.40625,0
7253,cell,,61,27,3.32587844921018,-2.2222809320784083,0.421875,0
7254,cell,,61,28,3.32587844921018,-2.2222809320784083,0.4375,0
7255,cell,,61,29,3.32587844921018,-2.2222809320784083,0.453125,0
7256,cell,,61,30,3.32587844921018,-2.2222809320784083,0.46875,0
7257,cell,,61,31,3.32587844921018,-2.2222809320784083,0.484375,0
7258,cell,,61,32,3.32587844921018,-2.2222809320784083,0.5,0
7259,cell,,61,33,3.32587844921018,-2.2222809320784083,0.515625,0
7260,cell,,61,34,3.32587844921018,-2.2222809320784083,0.53125,0
7261,cell,,61,35,3.32587844921018,-2.2222809320784083,0.546875,0
7262,cell,,61,36,3.32587844921018,-2.2222809320784083,0.5625,0
7263,cell,,61,37,3.32587844921018,-2.2222809320784083,0.578125,0
7264,cell,,61,38,3.32587844921018,-2.2222809320784083,0.59375,1
7265,cell,,61,39,3.32587844921018,-2.2222809320784083,0.609375,0
7266,cell,,61,40,3.32587844921018,-2.2222809320784083,0.625,0
7267,cell,,61,41,3.32587844921018,-2.2222809320784083,0.640625,0
7268,cell,,61,42,3.32587844921018,-2.2222809320784083,0.65625,0
7269,cell,,61,43,3.32587844921018,-2.2222809320784083,0.671875,0
7270,cell,,61,44,3.32587844921018,-2.2222809320784083,0.6875,0
7271,cell,,61,45,3.32587844921018,-2.2222809320784083,0.703125,0
7272,cell,,61,46,3.32587844921018,-2.2222809320784083,0.71875,0
7273,cell,,61,47,3.32587844921018,-2.2222809320784083,0.734375,0
7274,cell,,61,48,3.32587844921018,-2.2222809320784083,0.75,0
7275,cell,,61,49,3.32587844921018,-2.2222809320784083,0.765625,0
7276,cell,,61,50,3.32587844921018,-2.2222809320784083,0.78125,0
7277,cell,,61,51,3.32587844921018,-2.2222809320784083,0.796875,0
7278,cell,,61,52,3.32587844921018,-2.2222809320784083,0.8125,0
7279,cell,,61,53,3.32587844921018,-2.2222809320784083,0.828125,0
7280,cell,,61,54,3.32587844921018,-2.2222809320784083,0.84375,0
7281,cell,,61,55,3.32587844921018,-2.2222809320784083,0.859375,0
7282,cell,,61,56,3.32587844921018,-2.2222809320784083,0.875,0
7283,cell,,61,57,3.32587844921018,-2.2222809320784083,0.890625,0
7284,cell,,61,58,3.32587844921018,-2.2222809320784083,0.90625,0
7285,cell,,61,59,3.32587844921018,-2.2222809320784083,0.921875,0
7286,cell,,61,60,3.32587844921018,-2.2222809320784083,0.9375,0
7287,cell,,61,61,3.32587844921018,-2.2222809320784083,0.953125,0
7288,cell,,61,62,3.32587844921018,-2.2222809320784083,0.96875,0
7289,cell,,61,63,3.32587844921018,-2.2222809320784083,0.984375,0
7290,cell,,61,64,3.32587844921018,-2.2222809320784083,1.0,0
7291,cell,,61,65,3.32587844921018,-2.2222809320784083,1.015625,1
7292,cell,,61,66,3.32587844921018,-2.2222809320784083,1.03125,1
7293,cell,,61,67,3.32587844921018,-2.2222809320784083,1.046875,0
7294,cell,,61,68,3.32587844921018,-2.2222809320784083,1.0625,0
7295,cell,,61,69,3.32587844921018,-2.2222809320784083,1.078125,0
7296,cell,,61,70,3.32587844921018,-2.2222809320784083,1.09375,1
7297,cell,,61,71,3.32587844921018,-2.2222809320784083,1.109375,0
7298,cell,,61,72,3.32587844921018,-2.2222809320784083,1.125,0
7299,cell,,61,73,3.32587844921018,-2.2222809320784083,1.140625,1
7300,cell,,61,74,3.32587844921018,-2.2222809320784083,1.15625,1
7301,cell,,61,75,3.32587844921018,-2.2222809320784083,1.171875,1
7302,cell,,61,76,3.32587844921018,-2.2222809320784083,1.1875,0
7303,cell,,61,77,3.32587844921018,-2.2222809320784083,1.203125,1
7304,cell,,61,78,3.32587844921018,-2.2222809320784083,1.21875,1
7305,cell,,61,79,3.32587844921018,-2.2222809320784083,1.234375,0
7306,cell,,61,80,3.32587844921018,-2.2222809320784083,1.25,0
7307,cell,,61,81,3.32587844921018,-2.2222809320784083,1.265625,1
7308,cell,,61,82,3.32587844921018,-2.2222809320784083,1.28125,1
7309,cell,,61,83,3.32587844921018,-2.2222809320784083,1.296875,1
7310,cell,,61,84,3.32587844921018,-2.2222809320784083,1.3125,0
7311,cell,,61,85,3.32587844921018,-2.2222809320784083,1.328125,1
7312,cell,,61,86,3.32587844921018,-2.2222809320784083,1.34375,1
7313,cell,,61,87,3.32587844921018,-2.2222809320784083,1.359375,0
7314,cell,,61,88,3.32587844921018,-2.2222809320784083,1.375,0
7315,cell,,61,89,3.32587844921018,-2.2222809320784083,1.390625,1
7316,cell,,61,90,3.32587844921018,-2.2222809320784083,1.40625,1
7317,cell,,61,91,3.32587844921018,-2.2222809320784083,1.421875,1
7318,cell,,61,92,3.32587844921018,-2.2222809320784083,1.4375,0
7319,cell,,61,93,3.32587844921018,-2.2222809320784083,1.453125,0
7320,cell,,61,94,3.32587844921018,-2.2222809320784083,1.46875,0
7321,cell,,61,95,3.32587844921018,-2.2222809320784083,1.484375,0
7322,cell,,61,96,3.32587844921018,-2.2222809320784083,1.5,1
7323,cell,,61,97,3.32587844921018,-2.2222809320784083,1.515625,0
7324,cell,,61,98,3.32587844921018,-2.2222809320784083,1.53125,1
7325,cell,,61,99,3.32587844921018,-2.2222809320784083,1.546875,1
7326,cell,,61,100,3.32587844921018,-2.2222809320784083,1.5625,1
7327,cell,,61,101,3.32587844921018,-2.2222809320784083,1.578125,1
7328,cell,,61,102,3.32587844921018,-2.2222809320784083,1.59375,0
7329,cell,,61,103,3.32587844921018,-2.2222809320784083,1.609375,0
7330,cell,,61,104,3.32587844921018,-2.2222809320784083,1.625,1
7331,cell,,61,105,3.32587844921018,-2.2222809320784083,1.640625,1
7332,cell,,61,106,3.32587844921018,-2.2222809320784083,1.65625,1
7333,cell,,61,107,3.32587844921018,-2.2222809320784083,1.671875,1
7334,cell,,61,108,3.32587844921018,-2.2222809320784083,1.6875,0
7335,cell,,61,109,3.32587844921018,-2.2222809320784083,1.703125,0
7336,cell,,61,110,3.32587844921018,-2.2222809320784083,1.71875,0
7337,cell,,61,111,3.32587844921018,-2.2222809320784083,1.734375,1
7338,cell,,61,112,3.32587844921018,-2.2222809320784083,1.75,1
7339,cell,,61,113,3.32587844921018,-2.2222809320784083,1.765625,1
7340,cell,,61,114,3.32587844921018,-2.2222809320784083,1.78125,0
7341,cell,,61,115,3.32587844921018,-2.2222809320784083,1.796875,0
7342,cell,,61,116,3.32587844921018,-2.2222809320784083,1.8125,0
7343,cell,,61,117,3.32587844921018,-2.2222809320784083,1.828125,0
7344,cell,,62,0,3.695518130045145,-1.5307337294603611,0.0,1
7345,cell,,62,1,3.695518130045145,-1.5307337294603611,0.015625,1
7346,cell,,62,2,3.695518130045145,-1.5307337294603611,0.03125,1
7347,cell,,62,3,3.695518130045145,-1.5307337294603611,0.046875,1
7348,cell,,62,4,3.695518130045145,-1.5307337294603611,0.0625,1
7349,cell,,62,5,3.695518130045145,-1.5307337294603611,0.078125,1
7350,cell,,62,6,3.695518130045145,-1.5307337294603611,0.09375,0
7351,cell,,62,7,3.695518130045145,-1.5307337294603611,0.109375,0
7352,cell,,62,8,3.695518130045145,-1.5307337294603611,0.125,0
7353,cell,,62,9,3.695518130045145,-1.5307337294603611,0.140625,0
7354,cell,,62,10,3.695518130045145,-1.5307337294603611,0.15625,0
7355,cell,,62,11,3.695518130045145,-1.5307337294603611,0.171875,0
7356,cell,,62,12,3.695518130045145,-1.5307337294603611,0.1875,0
7357,cell,,62,13,3.695518130045145,-1.5307337294603611,0.203125,0
7358,cell,,62,14,3.695518130045145,-1.5307337294603611,0.21875,0
7359,cell,,62,15,3.695518130045145,-1.5307337294603611,0.234375,0
7360,cell,,62,16,3.695518130045145,-1.5307337294603611,0.25,0
7361,cell,,62,17,3.695518130045145,-1.5307337294603611,0.265625,0
7362,cell,,62,18,3.695518130045145,-1.5307337294603611,0.28125,0
7363,cell,,62,19,3.695518130045145,-1.5307337294603611,0.296875,0
7364,cell,,62,20,3.695518130045145,-1.5307337294603611,0.3125,0
7365,cell,,62,21,3.695518130045145,-1.5307337294603611,0.328125,0
7366,cell,,62,22,3.695518130045145,-1.5307337294603611,0.34375,0
7367,cell,,62,23,3.695518130045145,-1.5307337294603611,0.359375,0
7368,cell,,62,24,3.695518130045145,-1.5307337294603611,0.375,0
7369,cell,,62,25,3.695518130045145,-1.5307337294603611,0.390625,0
7370,cell,,62,26,3.695518130045145,-1.5307337294603611,0.40625,0
7371,cell,,62,27,3.695518130045145,-1.5307337294603611,0.421875,0
7372,cell,,62,28,3.695518130045145,-1.5307337294603611,0.4375,0
7373,cell,,62,29,3.695518130045145,-1.5307337294603611,0.453125,0
7374,cell,,62,30,3.695518130045145,-1.5307337294603611,0.46875,0
7375,cell,,62,31,3.695518130045145,-1.5307337294603611,0.484375,0
7376,cell,,62,32,3.695518130045145,-1.5307337294603611,0.5,1
7377,cell,,62,33,3.695518130045145,-1.5307337294603611,0.515625,1
7378,cell,,62,34,3.695518130045145,-1.5307337294603611,0.53125,1
7379,cell,,62,35,3.695518130045145,-1.5307337294603611,0.546875,0
7380,cell,,62,36,3.695518130045145,-1.5307337294603611,0.5625,0
7381,cell,,62,37,3.695518130045145,-1.5307337294603611,0.578125,1
7382,cell,,62,38,3.695518130045145,-1.5307337294603611,0.59375,1
7383,cell,,62,39,3.695518130045145,-1.5307337294603611,0.609375,0
7384,cell,,62,40,3.695518130045145,-1.5307337294603611,0.625,0
7385,cell,,62,41,3.695518130045145,-1.5307337294603611,0.640625,0
7386,cell,,62,42,3.695518130045145,-1.5307337294603611,0.65625,0
7387,cell,,62,43,3.695518130045145,-1.5307337294603611,0.671875,0
7388,cell,,62,44,3.695518130045145,-1.5307337294603611,0.6875,0
7389,cell,,62,45,3.695518130045145,-1.5307337294603611,0.703125,0
7390,cell,,62,46,3.695518130045145,-1.5307337294603611,0.71875,0
7391,cell,,62,47,3.695518130045145,-1.5307337294603611,0.734375,0
7392,cell,,62,48,3.695518130045145,-1.5307337294603611,0.75,0
7393,cell,,62,49,3.695518130045145,-1.5307337294603611,0.765625,0
7394,cell,,62,50,3.695518130045145,-1.5307337294603611,0.78125,0
7395,cell,,62,51,3.695518130045145,-1.5307337294603611,0.796875,0
7396,cell,,62,52,3.695518130045145,-1.5307337294603611,0.8125,0
7397,cell,,62,53,3.695518130045145,-1.5307337294603611,0.828125,0
7398,cell,,62,54,3.695518130045145,-1.5307337294603611,0.84375,0
7399,cell,,62,55,3.695518130045145,-1.5307337294603611,0.859375,0
7400,cell,,62,56,3.695518130045145,-1.5307337294603611,0.875,0
7401,cell,,62,57,3.695518130045145,-1.5307337294603611,0.890625,0
7402,cell,,62,58,3.695518130045145,-1.5307337294603611,0.90625,0
7403,cell,,62,59,3.695518130045145,-1.5307337294603611,0.921875,0
7404,cell,,62,60,3.695518130045145,-1.5307337294603611,0.9375,0
7405,cell,,62,61,3.695518130045145,-1.5307337294603611,0.953125,0
7406,cell,,62,62,3.695518130045145,-1.5307337294603611,0.96875,0
7407,cell,,62,63,3.695518130045145,-1.5307337294603611,0.984375,0
7408,cell,,62,64,3.695518130045145,-1.5307337294603611,1.0,1
7409,cell,,62,65,3.695518130045145,-1.5307337294603611,1.015625,0
7410,cell,,62,66,3.695518130045145,-1.5307337294603611,1.03125,0
7411,cell,,62,67,3.695518130045145,-1.5307337294603611,1.046875,0
7412,cell,,62,68,3.695518130045145,-1.5307337294603611,1.0625,0
7413,cell,,62,69,3.695518130045145,-1.5307337294603611,1.078125,0
7414,cell,,62,70,3.695518130045145,-1.5307337294603611,1.09375,1
7415,cell,,62,71,3.695518130045145,-1.5307337294603611,1.109375,1
7416,cell,,62,72,3.695518130045145,-1.5307337294603611,1.125,0
7417,cell,,62,73,3.695518130045145,-1.5307337294603611,1.140625,1
7418,cell,,62,74,3.695518130045145,-1.5307337294603611,1.15625,0
7419,cell,,62,75,3.695518130045145,-1.5307337294603611,1.171875,1
7420,cell,,62,76,3.695518130045145,-1.5307337294603611,1.1875,0
7421,cell,,62,77,3.695518130045145,-1.5307337294603611,1.203125,1
7422,cell,,62,78,3.695518130045145,-1.5307337294603611,1.21875,1
7423,cell,,62,79,3.695518130045145,-1.5307337294603611,1.234375,0
7424,cell,,62,80,3.695518130045145,-1.5307337294603611,1.25,0
7425,cell,,62,81,3.695518130045145,-1.5307337294603611,1.265625,1
7426,cell,,62,82,3.695518130045145,-1.5307337294603611,1.28125,1
7427,cell,,62,83,3.695518130045145,-1.5307337294603611,1.296875,1
7428,cell,,62,84,3.695518130045145,-1.5307337294603611,1.3125,1
7429,cell,,62,85,3.695518130045145,-1.5307337294603611,1.328125,1
7430,cell,,62,86,3.695518130045145,-1.5307337294603611,1.34375,0
7431,cell,,62,87,3.695518130045145,-1.5307337294603611,1.359375,0
7432,cell,,62,88,3.695518130045145,-1.5307337294603611,1.375,0
7433,cell,,62,89,3.695518130045145,-1.5307337294603611,1.390625,1
7434,cell,,62,90,3.695518130045145,-1.5307337294603611,1.40625,0
7435,cell,,62,91,3.695518130045145,-1.5307337294603611,1.421875,0
7436,cell,,62,92,3.695518130045145,-1.5307337294603611,1.4375,0
7437,cell,,62,93,3.695518130045145,-1.5307337294603611,1.453125,0
7438,cell,,62,94,3.695518130045145,-1.5307337294603611,1.46875,0
7439,cell,,62,95,3.695518130045145,-1.5307337294603611,1.484375,0
7440,cell,,62,96,3.695518130045145,-1.5307337294603611,1.5,1
7441,cell,,62,97,3.695518130045145,-1.5307337294603611,1.515625,0
7442,cell,,62,98,3.695518130045145,-1.5307337294603611,1.53125,0
7443,cell,,62,99,3.695518130045145,-1.5307337294603611,1.546875,1
7444,cell,,62,100,3.695518130045145,-1.5307337294603611,1.5625,1
7445,cell,,62,101,3.695518130045145,-1.5307337294603611,1.578125,1
7446,cell,,62,102,3.695518130045145,-1.5307337294603611,1.59375,1
7447,cell,,62,103,3.695518130045145,-1.5307337294603611,1.609375,1
7448,cell,,62,104,3.695518130045145,-1.5307337294603611,1.625,1
7449,cell,,62,105,3.695518130045145,-1.5307337294603611,1.640625,1
7450,cell,,62,106,3.695518130045145,-1.5307337294603611,1.65625,0
7451,cell,,62,107,3.695518130045145,-1.5307337294603611,1.671875,0
7452,cell,,62,108,3.695518130045145,-1.5307337294603611,1.6875,0
7453,cell,,62,109,3.695518130045145,-1.5307337294603611,1.703125,0
7454,cell,,62,110,3.695518130045145,-1.5307337294603611,1.71875,0
7455,cell,,62,111,3.695518130045145,-1.5307337294603611,1.734375,0
7456,cell,,62,112,3.695518130045145,-1.5307337294603611,1.75,0
7457,cell,,62,113,3.695518130045145,-1.5307337294603611,1.765625,0
7458,cell,,62,114,3.695518130045145,-1.5307337294603611,1.78125,0
7459,cell,,62,115,3.695518130045145,-1.5307337294603611,1.796875,1
7460,cell,,62,116,3.695518130045145,-1.5307337294603611,1.8125,0
7461,cell,,62,117,3.695518130045145,-1.5307337294603611,1.828125,1
7462,cell,,63,0,3.9231411216129204,-0.7803612880645147,0.0,1
7463,cell,,63,1,3.9231411216129204,-0.7803612880645147,0.015625,1
7464,cell,,63,2,3.9231411216129204,-0.7803612880645147,0.03125,0
7465,cell,,63,3,3.9231411216129204,-0.7803612880645147,0.046875,0
7466,cell,,63,4,3.9231411216129204,-0.7803612880645147,0.0625,1
7467,cell,,63,5,3.9231411216129204,-0.7803612880645147,0.078125,1
7468,cell,,63,6,3.9231411216129204,-0.7803612880645147,0.09375,1
7469,cell,,63,7,3.9231411216129204,-0.7803612880645147,0.109375,0
7470,cell,,63,8,3.9231411216129204,-0.7803612880645147,0.125,0
7471,cell,,63,9,3.9231411216129204,-0.7803612880645147,0.140625,0
7472,cell,,63,10,3.9231411216129204,-0.7803612880645147,0.15625,0
7473,cell,,63,11,3.9231411216129204,-0.7803612880645147,0.171875,0
7474,cell,,63,12,3.9231411216129204,-0.7803612880645147,0.1875,0
7475,cell,,63,13,3.9231411216129204,-0.7803612880645147,0.203125,0
7476,cell,,63,14,3.9231411216129204,-0.7803612880645147,0.21875,0
7477,cell,,63,15,3.9231411216129204,-0.7803612880645147,0.234375,0
7478,cell,,63,16,3.9231411216129204,-0.7803612880645147,0.25,0
7479,cell,,63,17,3.9231411216129204,-0.7803612880645147,0.265625,0
7480,cell,,63,18,3.9231411216129204,-0.7803612880645147,0.28125,0
7481,cell,,63,19,3.9231411216129204,-0.7803612880645147,0.296875,0
7482,cell,,63,20,3.9231411216129204,-0.7803612880645147,0.3125,0
7483,cell,,63,21,3.9231411216129204,-0.7803612880645147,0.328125,0
7484,cell,,63,22,3.9231411216129204,-0.7803612880645147,0.34375,0
7485,cell,,63,23,3.9231411216129204,-0.7803612880645147,0.359375,0
7486,cell,,63,24,3.9231411216129204,-0.7803612880645147,0.375,0
7487,cell,,63,25,3.9231411216129204,-0.7803612880645147,0.390625,0
7488,cell,,63,26,3.9231411216129204,-0.7803612880645147,0.40625,0
7489,cell,,63,27,3.9231411216129204,-0.7803612880645147,0.421875,0
7490,cell,,63,28,3.9231411216129204,-0.7803612880645147,0.4375,0
7491,cell,,63,29,3.9231411216129204,-0.7803612880645147,0.453125,0
7492,cell,,63,30,3.9231411216129204,-0.7803612880645147,0.46875,0
7493,cell,,63,31,3.9231411216129204,-0.7803612880645147,0.484375,0
7494,cell,,63,32,3.9231411216129204,-0.7803612880645147,0.5,0
7495,cell,,63,33,3.9231411216129204,-0.7803612880645147,0.515625,1
7496,cell,,63,34,3.9231411216129204,-0.7803612880645147,0.53125,1
7497,cell,,63,35,3.9231411216129204,-0.7803612880645147,0.546875,1
7498,cell,,63,36,3.9231411216129204,-0.7803612880645147,0.5625,0
7499,cell,,63,37,3.9231411216129204,-0.7803612880645147,0.578125,0
7500,cell,,63,38,3.9231411216129204,-0.7803612880645147,0.59375,0
7501,cell,,63,39,3.9231411216129204,-0.7803612880645147,0.609375,1
7502,cell,,63,40,3.9231411216129204,-0.7803612880645147,0.625,0
7503,cell,,63,41,3.9231411216129204,-0.7803612880645147,0.640625,0
7504,cell,,63,42,3.9231411216129204,-0.7803612880645147,0.65625,0
7505,cell,,63,43,3.9231411216129204,-0.7803612880645147,0.671875,0
7506,cell,,63,44,3.9231411216129204,-0.7803612880645147,0.6875,0
7507,cell,,63,45,3.9231411216129204,-0.7803612880645147,0.703125,0
7508,cell,,63,46,3.9231411216129204,-0.7803612880645147,0.71875,0
7509,cell,,63,47,3.9231411216129204,-0.7803612880645147,0.734375,0
7510,cell,,63,48,3.9231411216129204,-0.7803612880645147,0.75,0
7511,cell,,63,49,3.9231411216129204,-0.7803612880645147,0.765625,0
7512,cell,,63,50,3.9231411216129204,-0.7803612880645147,0.78125,0
7513,cell,,63,51,3.9231411216129204,-0.7803612880645147,0.796875,0
7514,cell,,63,52,3.9231411216129204,-0.7803612880645147,0.8125,0
7515,cell,,63,53,3.9231411216129204,-0.7803612880645147,0.828125,0
7516,cell,,63,54,3.9231411216129204,-0.7803612880645147,0.84375,0
7517,cell,,63,55,3.9231411216129204,-0.7803612880645147,0.859375,0
7518,cell,,63,56,3.9231411216129204,-0.7803612880645147,0.875,0
7519,cell,,63,57,3.9231411216129204,-0.7803612880645147,0.890625,0
7520,cell,,63,58,3.9231411216129204,-0.7803612880645147,0.90625,0
7521,cell,,63,59,3.9231411216129204,-0.7803612880645147,0.921875,0
7522,cell,,63,60,3.9231411216129204,-0.7803612880645147,0.9375,0
7523,cell,,63,61,3.9231411216129204,-0.7803612880645147,0.953125,0
7524,cell,,63,62,3.9231411216129204,-0.7803612880645147,0.96875,0
7525,cell,,63,63,3.9231411216129204,-0.7803612880645147,0.984375,0
7526,cell,,63,64,3.9231411216129204,-0.7803612880645147,1.0,0
7527,cell,,63,65,3.9231411216129204,-0.7803612880645147,1.015625,1
7528,cell,,63,66,3.9231411216129204,-0.7803612880645147,1.03125,0
7529,cell,,63,67,3.9231411216129204,-0.7803612880645147,1.046875,1
7530,cell,,63,68,3.9231411216129204,-0.7803612880645147,1.0625,0
7531,cell,,63,69,3.9231411216129204,-0.7803612880645147,1.078125,1
7532,cell,,63,70,3.9231411216129204,-0.7803612880645147,1.09375,1
7533,cell,,63,71,3.9231411216129204,-0.7803612880645147,1.109375,1
7534,cell,,63,72,3.9231411216129204,-0.7803612880645147,1.125,0
7535,cell,,63,73,3.9231411216129204,-0.7803612880645147,1.140625,1
7536,cell,,63,74,3.9231411216129204,-0.7803612880645147,1.15625,1
7537,cell,,63,75,3.9231411216129204,-0.7803612880645147,1.171875,1
7538,cell,,63,76,3.9231411216129204,-0.7803612880645147,1.1875,0
7539,cell,,63,77,3.9231411216129204,-0.7803612880645147,1.203125,1
7540,cell,,63,78,3.9231411216129204,-0.7803612880645147,1.21875,1
7541,cell,,63,79,3.9231411216129204,-0.7803612880645147,1.234375,0
7542,cell,,63,80,3.9231411216129204,-0.7803612880645147,1.25,0
7543,cell,,63,81,3.9231411216129204,-0.7803612880645147,1.265625,1
7544,cell,,63,82,3.9231411216129204,-0.7803612880645147,1.28125,0
7545,cell,,63,83,3.9231411216129204,-0.7803612880645147,1.296875,1
7546,cell,,63,84,3.9231411216129204,-0.7803612880645147,1.3125,0
7547,cell,,63,85,3.9231411216129204,-0.7803612880645147,1.328125,0
7548,cell,,63,86,3.9231411216129204,-0.7803612880645147,1.34375,0
7549,cell,,63,87,3.9231411216129204,-0.7803612880645147,1.359375,0
7550,cell,,63,88,3.9231411216129204,-0.7803612880645147,1.375,1
7551,cell,,63,89,3.9231411216129204,-0.7803612880645147,1.390625,1
7552,cell,,63,90,3.9231411216129204,-0.7803612880645147,1.40625,1
7553,cell,,63,91,3.9231411216129204,-0.7803612880645147,1.421875,0
7554,cell,,63,92,3.9231411216129204,-0.7803612880645147,1.4375,0
7555,cell,,63,93,3.9231411216129204,-0.7803612880645147,1.453125,0
7556,cell,,63,94,3.9231411216129204,-0.7803612880645147,1.46875,0
7557,cell,,63,95,3.9231411216129204,-0.7803612880645147,1.484375,0
7558,cell,,63,96,3.9231411216129204,-0.7803612880645147,1.5,1
7559,cell,,63,97,3.9231411216129204,-0.7803612880645147,1.515625,0
7560,cell,,63,98,3.9231411216129204,-0.7803612880645147,1.53125,1
7561,cell,,63,99,3.9231411216129204,-0.7803612880645147,1.546875,1
7562,cell,,63,100,3.9231411216129204,-0.7803612880645147,1.5625,1
7563,cell,,63,101,3.9231411216129204,-0.7803612880645147,1.578125,0
7564,cell,,63,102,3.9231411216129204,-0.7803612880645147,1.59375,1
7565,cell,,63,103,3.9231411216129204,-0.7803612880645147,1.609375,1
7566,cell,,63,104,3.9231411216129204,-0.7803612880645147,1.625,0
7567,cell,,63,105,3.9231411216129204,-0.7803612880645147,1.640625,0
7568,cell,,63,106,3.9231411216129204,-0.7803612880645147,1.65625,1
7569,cell,,63,107,3.9231411216129204,-0.7803612880645147,1.671875,0
7570,cell,,63,108,3.9231411216129204,-0.7803612880645147,1.6875,1
7571,cell,,63,109,3.9231411216129204,-0.7803612880645147,1.703125,1
7572,cell,,63,110,3.9231411216129204,-0.7803612880645147,1.71875,1
7573,cell,,63,111,3.9231411216129204,-0.7803612880645147,1.734375,0
7574,cell,,63,112,3.9231411216129204,-0.7803612880645147,1.75,1
7575,cell,,63,113,3.9231411216129204,-0.7803612880645147,1.765625,0
7576,cell,,63,114,3.9231411216129204,-0.7803612880645147,1.78125,0
7577,cell,,63,115,3.9231411216129204,-0.7803612880645147,1.796875,1
7578,cell,,63,116,3.9231411216129204,-0.7803612880645147,1.8125,1
7579,cell,,63,117,3.9231411216129204,-0.7803612880645147,1.828125,0
